area_type,availability,location,size,society,total_sqft,bath,balcony,price,total_sqft_cleaned,bhk,price_per_sqft,price_in_lakhs
Super built-up  Area,Ready To Move,1st Block BEL Layout,3 BHK,,1540,3.0,2.0,85.0,1540.0,3,5519.480519480519,8500000.0
Super built-up  Area,Ready To Move,1st Block HBR Layout,1 BHK,,600,1.0,0.0,45.0,600.0,1,7500.0,4500000.0
Plot  Area,18-Feb,1st Block HRBR Layout,8 Bedroom,,1200,7.0,0.0,235.0,1200.0,8,19583.333333333332,23500000.0
Plot  Area,Ready To Move,1st Block HRBR Layout,7 Bedroom,,2400,7.0,3.0,355.0,2400.0,7,14791.666666666666,35500000.0
Plot  Area,Ready To Move,1st Block HRBR Layout,3 Bedroom,,600,3.0,1.0,90.0,600.0,3,15000.0,9000000.0
Plot  Area,Ready To Move,1st Block HRBR Layout,3 Bedroom,,600,3.0,2.0,125.0,600.0,3,20833.333333333332,12500000.0
Plot  Area,Ready To Move,1st Block HRBR Layout,3 Bedroom,,600,4.0,2.0,125.0,600.0,3,20833.333333333332,12500000.0
Super built-up  Area,20-May,1st Block Jayanagar,4 BHK,,2850,4.0,1.0,428.0,2850.0,4,15017.543859649122,42800000.0
Super built-up  Area,18-Jun,1st Block Jayanagar,3 BHK,,1630,3.0,2.0,194.0,1630.0,3,11901.840490797545,19400000.0
Super built-up  Area,17-Dec,1st Block Jayanagar,6 BHK,,1200,6.0,2.0,125.0,1200.0,6,10416.666666666666,12500000.0
Super built-up  Area,Ready To Move,1st Block Jayanagar,3 BHK,,1875,2.0,3.0,235.0,1875.0,3,12533.333333333334,23500000.0
Plot  Area,Ready To Move,1st Block Jayanagar,8 Bedroom,,700,4.0,,104.0,700.0,8,14857.142857142857,10400000.0
Built-up  Area,15-Dec,1st Block Jayanagar,3 BHK,Bhsic C,1200,2.0,0.0,130.0,1200.0,3,10833.333333333334,13000000.0
Super built-up  Area,18-Jun,1st Block Jayanagar,2 BHK,,1235,2.0,2.0,148.0,1235.0,2,11983.805668016194,14800000.0
Super built-up  Area,20-May,1st Block Jayanagar,4 BHK,,2750,4.0,0.0,413.0,2750.0,4,15018.181818181818,41300000.0
Super built-up  Area,20-May,1st Block Jayanagar,4 BHK,,2450,4.0,2.0,368.0,2450.0,4,15020.408163265307,36800000.0
Built-up  Area,Ready To Move,1st Block Koramangala,2 BHK,Dhnts A,1415,2.0,3.0,110.0,1415.0,2,7773.851590106007,11000000.0
Built-up  Area,Ready To Move,1st Block Koramangala,2 BHK,,860,2.0,2.0,65.5,860.0,2,7616.279069767442,6550000.0
Super built-up  Area,18-Dec,1st Block Koramangala,4 BHK,,3000,3.0,3.0,300.0,3000.0,4,10000.0,30000000.0
Built-up  Area,18-Mar,1st Block Koramangala,3 BHK,,2350,3.0,2.0,210.0,2350.0,3,8936.170212765957,21000000.0
Super built-up  Area,Ready To Move,1st Block Koramangala,4 BHK,,3000,5.0,3.0,500.0,3000.0,4,16666.666666666668,50000000.0
Super built-up  Area,Ready To Move,1st Phase JP Nagar,4 BHK,Prhtsok,2825,4.0,3.0,250.0,2825.0,4,8849.557522123894,25000000.0
Plot  Area,Ready To Move,1st Phase JP Nagar,8 Bedroom,,1200,7.0,2.0,240.0,1200.0,8,20000.0,24000000.0
Super built-up  Area,Ready To Move,1st Phase JP Nagar,3 BHK,Prhtsok,1875,3.0,1.0,167.0,1875.0,3,8906.666666666666,16700000.0
Super built-up  Area,Ready To Move,1st Phase JP Nagar,3 BHK,Prhtsok,2065,4.0,1.0,210.0,2065.0,3,10169.49152542373,21000000.0
Super built-up  Area,Ready To Move,1st Phase JP Nagar,3 BHK,NCaveun,2024,3.0,,157.0,2024.0,3,7756.916996047431,15700000.0
Super built-up  Area,Ready To Move,1st Phase JP Nagar,3 BHK,Prhtsok,2059,3.0,2.0,225.0,2059.0,3,10927.634774162214,22500000.0
Super built-up  Area,Ready To Move,1st Phase JP Nagar,2 BHK,NCaveun,1394,2.0,1.0,100.0,1394.0,2,7173.601147776184,10000000.0
Super built-up  Area,18-May,1st Phase JP Nagar,2 BHK,Inntsth,1077,2.0,2.0,93.0,1077.0,2,8635.097493036212,9300000.0
Plot  Area,Ready To Move,1st Phase JP Nagar,2 Bedroom,,1566,2.0,0.0,180.0,1566.0,2,11494.252873563219,18000000.0
Built-up  Area,Ready To Move,1st Phase JP Nagar,1 BHK,Opamaan,840,2.0,2.0,50.0,840.0,1,5952.380952380952,5000000.0
Super built-up  Area,18-May,1st Phase JP Nagar,3 BHK,Inntsth,1590,3.0,3.0,131.0,1590.0,3,8238.993710691824,13100000.0
Super built-up  Area,Ready To Move,1st Phase JP Nagar,3 BHK,Prhtsok,2180,3.0,2.0,210.0,2180.0,3,9633.02752293578,21000000.0
Super built-up  Area,Ready To Move,1st Phase JP Nagar,2 BHK,,1180,2.0,2.0,88.5,1180.0,2,7500.0,8850000.0
Plot  Area,Ready To Move,1st Phase JP Nagar,5 Bedroom,,2200,7.0,2.0,350.0,2200.0,5,15909.09090909091,35000000.0
Super built-up  Area,Ready To Move,1st Phase JP Nagar,2 BHK,,1200,2.0,,86.0,1200.0,2,7166.666666666667,8600000.0
Plot  Area,Ready To Move,1st Phase JP Nagar,4 Bedroom,,1200,4.0,2.0,300.0,1200.0,4,25000.0,30000000.0
Built-up  Area,Ready To Move,1st Phase JP Nagar,2 BHK,NCaveun,1394,2.0,2.0,85.0,1394.0,2,6097.5609756097565,8500000.0
Super built-up  Area,18-May,1st Phase JP Nagar,3 BHK,Inntsth,2077,3.0,3.0,175.0,2077.0,3,8425.613866153106,17500000.0
Super built-up  Area,Ready To Move,1st Phase JP Nagar,2 BHK,NCaveun,1205,2.0,1.0,85.0,1205.0,2,7053.941908713693,8500000.0
Built-up  Area,Ready To Move,1st Phase JP Nagar,4 Bedroom,,1900,3.0,1.0,400.0,1900.0,4,21052.63157894737,40000000.0
Super built-up  Area,Ready To Move,1st Phase JP Nagar,4 BHK,Prhtsok,2615,5.0,3.0,222.0,2615.0,4,8489.483747609942,22200000.0
Super built-up  Area,Ready To Move,1st Phase JP Nagar,2 BHK,,900,2.0,1.0,75.0,900.0,2,8333.333333333334,7500000.0
Built-up  Area,Ready To Move,1st Stage Indira Nagar,2 BHK,,940,2.0,1.0,56.0,940.0,2,5957.446808510638,5600000.0
Super built-up  Area,Ready To Move,1st Stage Indira Nagar,4 BHK,,3000,4.0,2.0,301.0,3000.0,4,10033.333333333334,30100000.0
Built-up  Area,Ready To Move,2nd Block Hrbr Layout,3 BHK,Raaden ,1480,3.0,2.0,90.0,1480.0,3,6081.081081081081,9000000.0
Super built-up  Area,Ready To Move,2nd Block Hrbr Layout,3 BHK,,1480,3.0,2.0,90.0,1480.0,3,6081.081081081081,9000000.0
Super built-up  Area,18-Jul,2nd Block Hrbr Layout,3 BHK,,1550,3.0,3.0,110.0,1550.0,3,7096.774193548387,11000000.0
Plot  Area,Ready To Move,2nd Block Hrbr Layout,4 Bedroom,,1050,6.0,1.0,74.0,1050.0,4,7047.619047619048,7400000.0
Plot  Area,Ready To Move,2nd Block Hrbr Layout,4 Bedroom,,1350,4.0,3.0,235.0,1350.0,4,17407.40740740741,23500000.0
Super built-up  Area,Ready To Move,2nd Block Jayanagar,3 BHK,SaignSo,1718,3.0,3.0,223.0,1718.0,3,12980.209545983702,22300000.0
Plot  Area,18-Apr,2nd Block Jayanagar,4 Bedroom,,4920,5.0,2.0,1150.0,4920.0,4,23373.983739837397,115000000.0
Built-up  Area,Ready To Move,2nd Block Jayanagar,2 BHK,,1000,2.0,1.0,97.0,1000.0,2,9700.0,9700000.0
Plot  Area,Ready To Move,2nd Phase JP Nagar,8 Bedroom,,1350,8.0,2.0,185.0,1350.0,8,13703.703703703704,18500000.0
Plot  Area,Ready To Move,2nd Phase JP Nagar,3 Bedroom,,1200,3.0,1.0,190.0,1200.0,3,15833.333333333334,19000000.0
Built-up  Area,Ready To Move,2nd Phase JP Nagar,2 BHK,,1040,2.0,2.0,78.0,1040.0,2,7500.0,7800000.0
Plot  Area,Ready To Move,2nd Stage Arekere Mico Layout,4 Bedroom,,1200,4.0,1.0,130.0,1200.0,4,10833.333333333334,13000000.0
Plot  Area,Ready To Move,2nd Stage Nagarbhavi,4 Bedroom,,1500,4.0,2.0,220.0,1500.0,4,14666.666666666666,22000000.0
Plot  Area,Ready To Move,2nd Stage Nagarbhavi,6 Bedroom,,3000,8.0,3.0,451.0,3000.0,6,15033.333333333334,45100000.0
Plot  Area,Ready To Move,2nd Stage Nagarbhavi,6 Bedroom,,2400,8.0,3.0,450.0,2400.0,6,18750.0,45000000.0
Plot  Area,Ready To Move,2nd Stage Nagarbhavi,4 Bedroom,,1200,4.0,2.0,245.0,1200.0,4,20416.666666666668,24500000.0
Plot  Area,Ready To Move,2nd Stage Nagarbhavi,4 Bedroom,,1350,4.0,1.0,200.0,1350.0,4,14814.814814814816,20000000.0
Plot  Area,Ready To Move,2nd Stage Nagarbhavi,5 Bedroom,,1200,4.0,3.0,240.0,1200.0,5,20000.0,24000000.0
Built-up  Area,Ready To Move,2nd Stage Nagarbhavi,4 Bedroom,,600,3.0,1.0,95.0,600.0,4,15833.333333333334,9500000.0
Plot  Area,Ready To Move,2nd Stage Nagarbhavi,3 Bedroom,,600,4.0,2.0,100.0,600.0,3,16666.666666666668,10000000.0
Plot  Area,Ready To Move,2nd Stage Nagarbhavi,4 Bedroom,,1200,4.0,1.0,225.0,1200.0,4,18750.0,22500000.0
Plot  Area,Ready To Move,2nd Stage Nagarbhavi,4 Bedroom,,600,4.0,2.0,125.0,600.0,4,20833.333333333332,12500000.0
Plot  Area,Ready To Move,2nd Stage Nagarbhavi,5 Bedroom,,1200,4.0,3.0,240.0,1200.0,5,20000.0,24000000.0
Plot  Area,Ready To Move,2nd Stage Nagarbhavi,5 Bedroom,,1200,4.0,3.0,240.0,1200.0,5,20000.0,24000000.0
Plot  Area,Ready To Move,2nd Stage Nagarbhavi,5 Bedroom,,1200,4.0,2.0,240.0,1200.0,5,20000.0,24000000.0
Plot  Area,Ready To Move,2nd Stage Nagarbhavi,5 Bedroom,,1200,4.0,3.0,240.0,1200.0,5,20000.0,24000000.0
Plot  Area,Ready To Move,2nd Stage Nagarbhavi,4 Bedroom,,1500,3.0,2.0,230.0,1500.0,4,15333.333333333334,23000000.0
Plot  Area,Ready To Move,2nd Stage Nagarbhavi,4 Bedroom,,600,3.0,1.0,84.0,600.0,4,14000.0,8400000.0
Plot  Area,Ready To Move,2nd Stage Nagarbhavi,4 Bedroom,,600,3.0,2.0,82.0,600.0,4,13666.666666666666,8200000.0
Plot  Area,Ready To Move,2nd Stage Nagarbhavi,6 Bedroom,,1500,4.0,2.0,233.0,1500.0,6,15533.333333333334,23300000.0
Plot  Area,Ready To Move,2nd Stage Nagarbhavi,5 Bedroom,,1200,4.0,2.0,240.0,1200.0,5,20000.0,24000000.0
Plot  Area,Ready To Move,3rd Block Banashankari,6 Bedroom,,2400,8.0,2.0,650.0,2400.0,6,27083.333333333332,65000000.0
Plot  Area,Ready To Move,3rd Block Banashankari,4 Bedroom,,1200,4.0,1.0,175.0,1200.0,4,14583.333333333334,17500000.0
Plot  Area,Ready To Move,3rd Block Banashankari,5 Bedroom,,2400,4.0,1.0,325.0,2400.0,5,13541.666666666666,32500000.0
Plot  Area,Ready To Move,3rd Block Hrbr Layout,5 Bedroom,Bemesrm,1200,5.0,2.0,190.0,1200.0,5,15833.333333333334,19000000.0
Super built-up  Area,Ready To Move,3rd Block Hrbr Layout,2 BHK,Icncy R,1056,2.0,1.0,80.0,1056.0,2,7575.757575757576,8000000.0
Built-up  Area,Ready To Move,3rd Block Hrbr Layout,2 BHK,Icncy R,1300,2.0,3.0,95.0,1300.0,2,7307.692307692308,9500000.0
Built-up  Area,Ready To Move,3rd Block Hrbr Layout,3 BHK,,1650,3.0,2.0,140.0,1650.0,3,8484.848484848484,14000000.0
Built-up  Area,Ready To Move,3rd Block Jayanagar,3 BHK,,2150,3.0,3.0,240.0,2150.0,3,11162.790697674418,24000000.0
Super built-up  Area,Ready To Move,3rd Block Koramangala,3 BHK,Aplanje,2100,3.0,1.0,270.0,2100.0,3,12857.142857142857,27000000.0
Built-up  Area,Ready To Move,3rd Phase JP Nagar,4 BHK,,4500,4.0,3.0,345.0,4500.0,4,7666.666666666667,34500000.0
Super built-up  Area,Ready To Move,4th Block Jayanagar,2 BHK,,900,2.0,1.0,70.0,900.0,2,7777.777777777777,7000000.0
Super built-up  Area,19-Dec,4th Block Jayanagar,3 BHK,,2005,3.0,2.0,240.0,2005.0,3,11970.074812967581,24000000.0
Super built-up  Area,Ready To Move,4th Block Jayanagar,3 BHK,,1567.2,2.0,0.0,190.0,1567.2,3,12123.532414497193,19000000.0
Super built-up  Area,Ready To Move,4th Block Koramangala,2 BHK,EvestPi,1225,2.0,2.0,150.0,1225.0,2,12244.897959183674,15000000.0
Carpet  Area,Ready To Move,4th Block Koramangala,9 BHK,,4500,9.0,,500.0,4500.0,9,11111.111111111111,50000000.0
Built-up  Area,Ready To Move,4th Block Koramangala,3 BHK,,1800,3.0,3.0,140.0,1800.0,3,7777.777777777777,14000000.0
Super built-up  Area,Ready To Move,4th Block Koramangala,4 BHK,,3400,6.0,,420.0,3400.0,4,12352.941176470587,42000000.0
Super built-up  Area,Ready To Move,4th Block Koramangala,2 BHK,,1269,2.0,2.0,97.0,1269.0,2,7643.81402679275,9700000.0
Super built-up  Area,Ready To Move,4th Phase JP Nagar,2 BHK,,600,4.0,1.0,70.0,600.0,2,11666.666666666666,7000000.0
Super built-up  Area,Ready To Move,4th T block Jayanagar,3 BHK,,2401,3.0,2.0,185.0,2401.0,3,7705.12286547272,18500000.0
Built-up  Area,19-Mar,4th T block Jayanagar,4 BHK,,3900,4.0,,333.0,3900.0,4,8538.461538461539,33300000.0
Built-up  Area,Ready To Move,4th T block Jayanagar,4 Bedroom,,1550,4.0,1.0,120.0,1550.0,4,7741.935483870968,12000000.0
Super built-up  Area,Ready To Move,4th T block Jayanagar,3 BHK,,2100,3.0,3.0,220.0,2100.0,3,10476.190476190477,22000000.0
Super built-up  Area,Ready To Move,4th T block Jayanagar,3 BHK,,2400,3.0,2.0,185.0,2400.0,3,7708.333333333333,18500000.0
Super built-up  Area,Ready To Move,5th Block Hbr Layout,3 BHK,,1270,2.0,2.0,70.0,1270.0,3,5511.811023622047,7000000.0
Plot  Area,Ready To Move,5th Block Hbr Layout,5 Bedroom,,1200,6.0,1.0,220.0,1200.0,5,18333.333333333332,22000000.0
Plot  Area,Ready To Move,5th Block Hbr Layout,4 Bedroom,,1200,4.0,2.0,205.0,1200.0,4,17083.333333333332,20500000.0
Super built-up  Area,Ready To Move,5th Block Hbr Layout,5 BHK,,1200,5.0,,205.0,1200.0,5,17083.333333333332,20500000.0
Plot  Area,Ready To Move,5th Block Hbr Layout,5 Bedroom,,1200,5.0,,205.0,1200.0,5,17083.333333333332,20500000.0
Built-up  Area,Ready To Move,5th Block Jayanagar,1 Bedroom,,1500,1.0,1.0,300.0,1500.0,1,20000.0,30000000.0
Super built-up  Area,Ready To Move,5th Phase JP Nagar,2 BHK,Mangsr ,1075,2.0,2.0,60.0,1075.0,2,5581.395348837209,6000000.0
Built-up  Area,Ready To Move,5th Phase JP Nagar,3 BHK,Shlashi,1725,2.0,2.0,100.0,1725.0,3,5797.101449275362,10000000.0
Super built-up  Area,Ready To Move,5th Phase JP Nagar,3 BHK,,1400,2.0,1.0,88.0,1400.0,3,6285.714285714285,8800000.0
Built-up  Area,Ready To Move,5th Phase JP Nagar,3 BHK,,1700,2.0,3.0,100.0,1700.0,3,5882.35294117647,10000000.0
Built-up  Area,Ready To Move,5th Phase JP Nagar,1 BHK,Shenshi,600,1.0,1.0,30.0,600.0,1,5000.0,3000000.0
Super built-up  Area,Ready To Move,5th Phase JP Nagar,2 BHK,,1220,2.0,3.0,88.0,1220.0,2,7213.11475409836,8800000.0
Super built-up  Area,Ready To Move,5th Phase JP Nagar,3 BHK,MBaleRo,1350,2.0,1.0,75.0,1350.0,3,5555.555555555556,7500000.0
Super built-up  Area,Ready To Move,5th Phase JP Nagar,1 BHK,,552,1.0,1.0,23.5,552.0,1,4257.246376811594,2350000.0
Built-up  Area,Ready To Move,5th Phase JP Nagar,2 BHK,Matonr ,1030,2.0,2.0,57.0,1030.0,2,5533.980582524272,5700000.0
Super built-up  Area,Ready To Move,5th Phase JP Nagar,2 BHK,,1200,2.0,1.0,68.0,1200.0,2,5666.666666666667,6800000.0
Built-up  Area,Ready To Move,5th Phase JP Nagar,2 BHK,Rewelav,1010,2.0,2.0,57.0,1010.0,2,5643.564356435643,5700000.0
Super built-up  Area,Ready To Move,5th Phase JP Nagar,2 BHK,Mangsr ,1075,2.0,2.0,60.0,1075.0,2,5581.395348837209,6000000.0
Plot  Area,Ready To Move,5th Phase JP Nagar,4 Bedroom,,2400,4.0,1.0,228.0,2400.0,4,9500.0,22800000.0
Super built-up  Area,Ready To Move,6th Phase JP Nagar,2 BHK,HMinebo,1192,2.0,2.0,74.0,1192.0,2,6208.053691275168,7400000.0
Super built-up  Area,Ready To Move,6th Phase JP Nagar,2 BHK,,1180,2.0,3.0,80.0,1180.0,2,6779.661016949152,8000000.0
Super built-up  Area,Ready To Move,6th Phase JP Nagar,4 BHK,,3245,4.0,,250.0,3245.0,4,7704.160246533128,25000000.0
Built-up  Area,Ready To Move,6th Phase JP Nagar,3 BHK,,1645,3.0,3.0,100.0,1645.0,3,6079.0273556231,10000000.0
Built-up  Area,Ready To Move,6th Phase JP Nagar,2 BHK,SNpalaj,1140,2.0,2.0,65.0,1140.0,2,5701.754385964912,6500000.0
Super built-up  Area,Ready To Move,6th Phase JP Nagar,3 BHK,SGncy R,2040,3.0,,200.0,2040.0,3,9803.921568627451,20000000.0
Super built-up  Area,Ready To Move,6th Phase JP Nagar,2 BHK,NCierar,1170,2.0,2.0,120.0,1170.0,2,10256.410256410256,12000000.0
Super built-up  Area,Ready To Move,6th Phase JP Nagar,3 BHK,Solip T,2003,3.0,3.0,200.0,2003.0,3,9985.022466300548,20000000.0
Super built-up  Area,Ready To Move,6th Phase JP Nagar,3 BHK,HMinebo,1810,3.0,3.0,131.0,1810.0,3,7237.5690607734805,13100000.0
Super built-up  Area,Ready To Move,6th Phase JP Nagar,3 BHK,NCierar,1515,2.0,2.0,135.0,1515.0,3,8910.89108910891,13500000.0
Super built-up  Area,Ready To Move,6th Phase JP Nagar,2 BHK,HMinebo,1192,2.0,3.0,75.0,1192.0,2,6291.946308724832,7500000.0
Super built-up  Area,Ready To Move,6th Phase JP Nagar,2 BHK,HMinebo,1280,2.0,1.0,88.0,1280.0,2,6875.0,8800000.0
Built-up  Area,Ready To Move,6th block Koramangala,3 BHK,Sinde G,2350,3.0,2.0,400.0,2350.0,3,17021.27659574468,40000000.0
Built-up  Area,Ready To Move,6th block Koramangala,2 BHK,Krone S,1117,2.0,1.0,110.0,1117.0,2,9847.806624888093,11000000.0
Super built-up  Area,Ready To Move,6th block Koramangala,3 BHK,,3000,3.0,2.0,400.0,3000.0,3,13333.333333333334,40000000.0
Built-up  Area,Ready To Move,7th Block Jayanagar,5 Bedroom,,3000,3.0,1.0,528.0,3000.0,5,17600.0,52800000.0
Plot  Area,Ready To Move,7th Block Jayanagar,3 Bedroom,,2400,3.0,0.0,408.0,2400.0,3,17000.0,40800000.0
Built-up  Area,Ready To Move,7th Block Jayanagar,3 BHK,Shamzm ,1903,2.0,1.0,293.0,1903.0,3,15396.741986337362,29300000.0
Built-up  Area,Ready To Move,7th Phase JP Nagar,2 BHK,Brnia G,1080,2.0,2.0,72.0,1080.0,2,6666.666666666667,7200000.0
Super built-up  Area,Ready To Move,7th Phase JP Nagar,2 BHK,BriumMi,1270,2.0,2.0,93.0,1270.0,2,7322.834645669292,9300000.0
Built-up  Area,Ready To Move,7th Phase JP Nagar,3 BHK,Brnia G,1420,2.0,1.0,100.0,1420.0,3,7042.2535211267605,10000000.0
Built-up  Area,Ready To Move,7th Phase JP Nagar,3 BHK,Brngsal,1850,3.0,1.0,150.0,1850.0,3,8108.108108108108,15000000.0
Built-up  Area,Ready To Move,7th Phase JP Nagar,2 BHK,Eladero,1245,2.0,1.0,94.0,1245.0,2,7550.2008032128515,9400000.0
Super built-up  Area,Ready To Move,7th Phase JP Nagar,2 BHK,BriumMi,1175,2.0,1.0,82.0,1175.0,2,6978.723404255319,8200000.0
Super built-up  Area,Ready To Move,7th Phase JP Nagar,3 BHK,Brnia G,1400,2.0,1.0,95.0,1400.0,3,6785.714285714285,9500000.0
Super built-up  Area,19-Dec,7th Phase JP Nagar,3 BHK,Puarero,2225,3.0,1.0,160.0,2225.0,3,7191.011235955056,16000000.0
Built-up  Area,Ready To Move,7th Phase JP Nagar,2 BHK,Brnia G,1050,2.0,1.0,71.0,1050.0,2,6761.9047619047615,7100000.0
Super built-up  Area,Ready To Move,7th Phase JP Nagar,3 BHK,Brsiaen,1450,2.0,1.0,100.0,1450.0,3,6896.551724137931,10000000.0
Super built-up  Area,Ready To Move,7th Phase JP Nagar,3 BHK,Brnia G,1420,2.0,2.0,96.0,1420.0,3,6760.56338028169,9600000.0
Super built-up  Area,Ready To Move,7th Phase JP Nagar,3 BHK,Eladero,1680,3.0,2.0,120.0,1680.0,3,7142.857142857143,12000000.0
Super built-up  Area,Ready To Move,7th Phase JP Nagar,2 BHK,Brnia G,980,2.0,2.0,69.0,980.0,2,7040.816326530612,6900000.0
Super built-up  Area,Ready To Move,7th Phase JP Nagar,2 BHK,Hiestre,1180,2.0,2.0,72.0,1180.0,2,6101.6949152542375,7200000.0
Built-up  Area,Ready To Move,7th Phase JP Nagar,3 BHK,LencyRe,1050,2.0,1.0,57.0,1050.0,3,5428.571428571428,5700000.0
Built-up  Area,Ready To Move,7th Phase JP Nagar,3 BHK,Eladero,1400,3.0,1.0,115.0,1400.0,3,8214.285714285714,11500000.0
Super built-up  Area,Ready To Move,7th Phase JP Nagar,2 BHK,BriumMi,1270,2.0,1.0,83.0,1270.0,2,6535.433070866142,8300000.0
Super built-up  Area,19-Dec,7th Phase JP Nagar,4 BHK,Puarero,2503,4.0,0.0,188.0,2503.0,4,7510.986815821015,18800000.0
Super built-up  Area,Ready To Move,7th Phase JP Nagar,3 BHK,BriumMi,2200,3.0,2.0,190.0,2200.0,3,8636.363636363636,19000000.0
Super built-up  Area,Ready To Move,7th Phase JP Nagar,3 BHK,JDensar,1250,3.0,2.0,65.0,1250.0,3,5200.0,6500000.0
Super built-up  Area,Ready To Move,7th Phase JP Nagar,3 BHK,Eladero,1575,2.0,2.0,110.0,1575.0,3,6984.126984126984,11000000.0
Super built-up  Area,Ready To Move,7th Phase JP Nagar,3 BHK,Brngsal,1850,3.0,2.0,140.0,1850.0,3,7567.5675675675675,14000000.0
Built-up  Area,Ready To Move,7th Phase JP Nagar,3 BHK,Eladero,1575,2.0,2.0,120.0,1575.0,3,7619.047619047619,12000000.0
Super built-up  Area,Ready To Move,7th Phase JP Nagar,3 BHK,Brngsal,1850,3.0,2.0,150.0,1850.0,3,8108.108108108108,15000000.0
Super built-up  Area,Ready To Move,7th Phase JP Nagar,3 BHK,Eladero,1680,3.0,2.0,120.0,1680.0,3,7142.857142857143,12000000.0
Super built-up  Area,Ready To Move,7th Phase JP Nagar,2 BHK,BriumMi,1175,2.0,2.0,82.5,1175.0,2,7021.276595744681,8250000.0
Super built-up  Area,Ready To Move,7th Phase JP Nagar,2 BHK,BriumMi,1215,2.0,2.0,90.0,1215.0,2,7407.407407407408,9000000.0
Super built-up  Area,Ready To Move,7th Phase JP Nagar,2 BHK,Brnia G,1050,2.0,1.0,75.0,1050.0,2,7142.857142857143,7500000.0
Super built-up  Area,Ready To Move,7th Phase JP Nagar,3 BHK,Axdam V,1300,3.0,2.0,89.13,1300.0,3,6856.153846153846,8913000.0
Super built-up  Area,Ready To Move,7th Phase JP Nagar,2 BHK,Brnia G,1130,2.0,2.0,73.0,1130.0,2,6460.1769911504425,7300000.0
Super built-up  Area,Ready To Move,7th Phase JP Nagar,3 BHK,BriumMi,1450,3.0,2.0,100.0,1450.0,3,6896.551724137931,10000000.0
Super built-up  Area,Ready To Move,7th Phase JP Nagar,2 BHK,BriumMi,1275,2.0,1.0,87.0,1275.0,2,6823.529411764706,8700000.0
Super built-up  Area,Ready To Move,7th Phase JP Nagar,3 BHK,Eladero,1650,3.0,2.0,110.0,1650.0,3,6666.666666666667,11000000.0
Built-up  Area,Ready To Move,7th Phase JP Nagar,3 BHK,Eladero,1680,3.0,2.0,117.0,1680.0,3,6964.285714285715,11700000.0
Super built-up  Area,Ready To Move,7th Phase JP Nagar,3 BHK,Brngsal,1850,3.0,1.0,150.0,1850.0,3,8108.108108108108,15000000.0
Super built-up  Area,Ready To Move,7th Phase JP Nagar,3 BHK,Eladero,1680,3.0,2.0,125.0,1680.0,3,7440.476190476191,12500000.0
Super built-up  Area,Ready To Move,7th Phase JP Nagar,3 BHK,Eladero,1675,2.0,2.0,135.0,1675.0,3,8059.701492537313,13500000.0
Super built-up  Area,Ready To Move,7th Phase JP Nagar,3 BHK,Brngsal,1850,3.0,2.0,155.0,1850.0,3,8378.378378378378,15500000.0
Built-up  Area,Ready To Move,7th Phase JP Nagar,2 BHK,,1000,2.0,1.0,61.0,1000.0,2,6100.0,6100000.0
Super built-up  Area,Ready To Move,7th Phase JP Nagar,3 BHK,Brnia G,1460,2.0,2.0,100.0,1460.0,3,6849.315068493151,10000000.0
Super built-up  Area,Ready To Move,7th Phase JP Nagar,3 BHK,Brnia G,1650,3.0,3.0,110.0,1650.0,3,6666.666666666667,11000000.0
Super built-up  Area,Ready To Move,7th Phase JP Nagar,2 BHK,Axdam V,1000,2.0,1.0,70.65,1000.0,2,7065.000000000001,7065000.000000001
Super built-up  Area,Ready To Move,7th Phase JP Nagar,2 BHK,Brnia G,1080,2.0,2.0,75.0,1080.0,2,6944.444444444444,7500000.0
Super built-up  Area,Ready To Move,7th Phase JP Nagar,3 BHK,,2100,3.0,2.0,200.0,2100.0,3,9523.809523809523,20000000.0
Super built-up  Area,Ready To Move,7th Phase JP Nagar,3 BHK,Eladero,1680,3.0,3.0,125.0,1680.0,3,7440.476190476191,12500000.0
Super built-up  Area,Ready To Move,7th Phase JP Nagar,3 BHK,Brnia G,1460,2.0,1.0,97.0,1460.0,3,6643.835616438356,9700000.0
Built-up  Area,Ready To Move,7th Phase JP Nagar,2 BHK,,1120,2.0,2.0,65.0,1120.0,2,5803.571428571428,6500000.0
Super built-up  Area,Ready To Move,7th Phase JP Nagar,3 BHK,Eladero,1790,3.0,3.0,120.0,1790.0,3,6703.91061452514,12000000.0
Super built-up  Area,Ready To Move,7th Phase JP Nagar,3 BHK,Eladero,1680,3.0,2.0,117.0,1680.0,3,6964.285714285715,11700000.0
Super built-up  Area,Ready To Move,7th Phase JP Nagar,2 BHK,Brnia G,1050,2.0,1.0,77.0,1050.0,2,7333.333333333333,7700000.0
Super built-up  Area,Ready To Move,7th Phase JP Nagar,2 BHK,Brnia G,1050,2.0,1.0,75.0,1050.0,2,7142.857142857143,7500000.0
Super built-up  Area,Ready To Move,7th Phase JP Nagar,2 BHK,Brnia G,1040,2.0,1.0,75.0,1040.0,2,7211.538461538462,7500000.0
Super built-up  Area,Ready To Move,7th Phase JP Nagar,3 BHK,Brnia G,1400,2.0,1.0,95.0,1400.0,3,6785.714285714285,9500000.0
Super built-up  Area,Ready To Move,7th Phase JP Nagar,3 BHK,BriumMi,1800,3.0,2.0,130.0,1800.0,3,7222.222222222223,13000000.0
Super built-up  Area,Ready To Move,7th Phase JP Nagar,2 BHK,Brnia G,1050,2.0,0.0,68.0,1050.0,2,6476.190476190476,6800000.0
Built-up  Area,Ready To Move,7th Phase JP Nagar,2 BHK,AiIIIpl,1000,2.0,2.0,60.0,1000.0,2,6000.0,6000000.0
Super built-up  Area,Ready To Move,7th Phase JP Nagar,3 BHK,Eladero,1680,3.0,2.0,125.0,1680.0,3,7440.476190476191,12500000.0
Super built-up  Area,Ready To Move,7th Phase JP Nagar,2 BHK,Brnia G,980,2.0,1.0,86.0,980.0,2,8775.510204081633,8600000.0
Super built-up  Area,Ready To Move,7th Phase JP Nagar,2 BHK,Brnia G,1050,2.0,1.0,77.47,1050.0,2,7378.0952380952385,7747000.0
Super built-up  Area,Ready To Move,7th Phase JP Nagar,2 BHK,BriumMi,1270,2.0,1.0,80.0,1270.0,2,6299.212598425197,8000000.0
Super built-up  Area,Ready To Move,7th Phase JP Nagar,3 BHK,Eladero,1680,3.0,2.0,122.0,1680.0,3,7261.9047619047615,12200000.0
Super built-up  Area,Ready To Move,7th Phase JP Nagar,2 BHK,Brnia G,1130,2.0,2.0,85.0,1130.0,2,7522.123893805309,8500000.0
Super built-up  Area,Ready To Move,7th Phase JP Nagar,3 BHK,Eladero,1680,3.0,3.0,130.0,1680.0,3,7738.0952380952385,13000000.0
Built-up  Area,Ready To Move,7th Phase JP Nagar,3 BHK,BriumMi,2980,4.0,2.0,260.0,2980.0,3,8724.832214765102,26000000.0
Built-up  Area,Ready To Move,7th Phase JP Nagar,2 BHK,Brnia G,980,2.0,1.0,77.44,980.0,2,7902.040816326531,7744000.0
Super built-up  Area,Ready To Move,7th Phase JP Nagar,3 BHK,Eladero,1680,3.0,2.0,112.0,1680.0,3,6666.666666666667,11200000.0
Super built-up  Area,Ready To Move,7th Phase JP Nagar,3 BHK,,2095,3.0,2.0,150.0,2095.0,3,7159.904534606205,15000000.0
Super built-up  Area,19-Dec,7th Phase JP Nagar,3 BHK,Puarero,1976,3.0,1.0,145.0,1976.0,3,7338.056680161943,14500000.0
Super built-up  Area,Ready To Move,7th Phase JP Nagar,3 BHK,Eladero,1600,2.0,2.0,110.0,1600.0,3,6875.0,11000000.0
Super built-up  Area,Ready To Move,7th Phase JP Nagar,3 BHK,Eladero,1765,3.0,2.0,118.0,1765.0,3,6685.552407932011,11800000.0
Built-up  Area,Ready To Move,7th Phase JP Nagar,3 BHK,,1275,2.0,2.0,88.0,1275.0,3,6901.9607843137255,8800000.0
Super built-up  Area,Ready To Move,7th Phase JP Nagar,3 BHK,BriumMi,1450,2.0,1.0,102.0,1450.0,3,7034.482758620689,10200000.0
Super built-up  Area,Ready To Move,7th Phase JP Nagar,3 BHK,Eladero,1575,2.0,2.0,110.0,1575.0,3,6984.126984126984,11000000.0
Super built-up  Area,Ready To Move,7th Phase JP Nagar,3 BHK,BriumMi,2100,3.0,2.0,200.0,2100.0,3,9523.809523809523,20000000.0
Built-up  Area,Ready To Move,7th Phase JP Nagar,3 BHK,LencyRe,1075,2.0,1.0,57.0,1075.0,3,5302.325581395349,5700000.0
Super built-up  Area,Ready To Move,7th Phase JP Nagar,1 BHK,Brnia G,750,1.0,2.0,47.0,750.0,1,6266.666666666667,4700000.0
Plot  Area,Ready To Move,7th Phase JP Nagar,1 Bedroom,,1000,1.0,1.0,60.0,1000.0,1,6000.0,6000000.0
Super built-up  Area,Ready To Move,7th Phase JP Nagar,3 BHK,,1680,2.0,3.0,92.0,1680.0,3,5476.190476190476,9200000.0
Super built-up  Area,Ready To Move,7th Phase JP Nagar,3 BHK,Brnia G,1430,2.0,1.0,102.0,1430.0,3,7132.867132867133,10200000.0
Super built-up  Area,Ready To Move,7th Phase JP Nagar,3 BHK,,2100,3.0,2.0,190.0,2100.0,3,9047.619047619048,19000000.0
Super built-up  Area,Ready To Move,7th Phase JP Nagar,3 BHK,,1420,3.0,2.0,90.0,1420.0,3,6338.028169014085,9000000.0
Super built-up  Area,Ready To Move,7th Phase JP Nagar,2 BHK,,1530,2.0,1.0,108.0,1530.0,2,7058.823529411765,10800000.0
Built-up  Area,Ready To Move,8th Block Jayanagar,6 Bedroom,,2000,6.0,3.0,300.0,2000.0,6,15000.0,30000000.0
Plot  Area,Ready To Move,8th Block Jayanagar,6 Bedroom,,1500,6.0,1.0,300.0,1500.0,6,20000.0,30000000.0
Super built-up  Area,18-May,8th Phase JP Nagar,1 BHK,Maian M,451,1.0,0.0,29.9,451.0,1,6629.711751662971,2990000.0
Super built-up  Area,Ready To Move,8th Phase JP Nagar,2 BHK,i1rtsCo,871,2.0,2.0,55.0,871.0,2,6314.580941446613,5500000.0
Super built-up  Area,18-Jul,8th Phase JP Nagar,1 BHK,Maian M,500,1.0,1.0,31.0,500.0,1,6200.0,3100000.0
Super built-up  Area,18-Jul,8th Phase JP Nagar,1 BHK,Maian M,500,1.0,1.0,30.0,500.0,1,6000.0,3000000.0
Super built-up  Area,Ready To Move,8th Phase JP Nagar,4 BHK,,1200,3.0,2.0,110.0,1200.0,4,9166.666666666666,11000000.0
Super built-up  Area,Ready To Move,8th Phase JP Nagar,3 BHK,GRhtsei,1504,2.0,2.0,83.0,1504.0,3,5518.617021276596,8300000.0
Carpet  Area,18-Jul,8th Phase JP Nagar,1 BHK,Maian M,500,1.0,1.0,33.0,500.0,1,6600.0,3300000.0
Super built-up  Area,Ready To Move,8th Phase JP Nagar,2 BHK,URncysi,1160,2.0,1.0,95.0,1160.0,2,8189.6551724137935,9500000.0
Super built-up  Area,19-Mar,8th Phase JP Nagar,3 BHK,Vaarech,1408,3.0,2.0,80.0,1408.0,3,5681.818181818182,8000000.0
Plot  Area,Ready To Move,8th block Koramangala,3 Bedroom,,1846,3.0,2.0,300.0,1846.0,3,16251.354279523293,30000000.0
Plot  Area,Ready To Move,8th block Koramangala,2 Bedroom,,1410,1.0,0.0,233.0,1410.0,2,16524.822695035462,23300000.0
Super built-up  Area,Ready To Move,8th block Koramangala,2 BHK,Sid 2ss,1165,2.0,1.0,135.0,1165.0,2,11587.982832618025,13500000.0
Plot  Area,Ready To Move,8th block Koramangala,3 Bedroom,,2400,3.0,2.0,290.0,2400.0,3,12083.333333333334,29000000.0
Plot  Area,Ready To Move,8th block Koramangala,3 Bedroom,,600,2.0,1.0,85.0,600.0,3,14166.666666666666,8500000.0
Plot  Area,Ready To Move,9th Block Jayanagar,1 Bedroom,,700,1.0,0.0,150.0,700.0,1,21428.571428571428,15000000.0
Plot  Area,Ready To Move,9th Block Jayanagar,9 Bedroom,,1200,8.0,3.0,270.0,1200.0,9,22500.0,27000000.0
Plot  Area,Ready To Move,9th Block Jayanagar,4 Bedroom,,1000,5.0,2.0,200.0,1000.0,4,20000.0,20000000.0
Super built-up  Area,21-Sep,9th Phase JP Nagar,2 BHK,Vasisvi,1100,2.0,1.0,65.0,1100.0,2,5909.090909090909,6500000.0
Built-up  Area,Ready To Move,9th Phase JP Nagar,4 BHK,ImiteEl,3500,4.0,,300.0,3500.0,4,8571.42857142857,30000000.0
Built-up  Area,Ready To Move,9th Phase JP Nagar,1 BHK,NaensGa,600,1.0,0.0,20.0,600.0,1,3333.3333333333335,2000000.0
Super built-up  Area,21-Sep,9th Phase JP Nagar,2 BHK,Vasisvi,1079,2.0,1.0,60.0,1079.0,2,5560.704355885079,6000000.0
Plot  Area,Ready To Move,9th Phase JP Nagar,2 Bedroom,,1200,2.0,0.0,80.0,1200.0,2,6666.666666666667,8000000.0
Super built-up  Area,21-Sep,9th Phase JP Nagar,3 BHK,Vasisvi,1522,3.0,2.0,90.0,1522.0,3,5913.272010512484,9000000.0
Plot  Area,Ready To Move,A Narayanapura,4 Bedroom,,1150,3.0,1.0,110.0,1150.0,4,9565.217391304348,11000000.0
Built-up  Area,Ready To Move,A Narayanapura,4 Bedroom,,1150,4.0,1.0,110.0,1150.0,4,9565.217391304348,11000000.0
Super built-up  Area,Ready To Move,A Narayanapura,1 BHK,,600,2.0,1.0,35.0,600.0,1,5833.333333333333,3500000.0
Plot  Area,Ready To Move,A Narayanapura,1 Bedroom,,1500,2.0,0.0,85.0,1500.0,1,5666.666666666667,8500000.0
Super built-up  Area,Ready To Move,AECS Layout,2 BHK,CMhamai,1123,2.0,2.0,64.0,1123.0,2,5699.020480854853,6400000.0
Built-up  Area,Ready To Move,AGS Layout,3 BHK,,1450,2.0,2.0,85.0,1450.0,3,5862.068965517241,8500000.0
Plot  Area,Ready To Move,AGS Layout,3 Bedroom,,1936,3.0,0.0,110.0,1936.0,3,5681.818181818182,11000000.0
Plot  Area,Ready To Move,AMS Layout,3 Bedroom,,1200,4.0,2.0,80.0,1200.0,3,6666.666666666667,8000000.0
Super built-up  Area,Ready To Move,Abbigere,1 BHK,,765,2.0,2.0,30.0,765.0,1,3921.5686274509803,3000000.0
Super built-up  Area,18-Jun,Abbigere,1 BHK,DSestma,734,1.0,0.0,19.82,734.0,1,2700.272479564033,1982000.0
Plot  Area,Ready To Move,Adityanagar,1 Bedroom,,1260,1.0,0.0,41.0,1260.0,1,3253.968253968254,4100000.0
Plot  Area,Ready To Move,Adityanagar,1 Bedroom,,1260,1.0,1.0,41.0,1260.0,1,3253.968253968254,4100000.0
Built-up  Area,Ready To Move,Agrahara Dasarahalli,1 BHK,,800,1.0,0.0,72.0,800.0,1,9000.0,7200000.0
Plot  Area,Ready To Move,Agrahara Dasarahalli,3 Bedroom,,1350,1.0,0.0,120.0,1350.0,3,8888.888888888889,12000000.0
Super built-up  Area,Ready To Move,Akshaya Nagar,3 BHK,DLhtsnd,1897,3.0,2.0,120.0,1897.0,3,6325.77754348972,12000000.0
Super built-up  Area,Ready To Move,Akshaya Nagar,3 BHK,,1410,2.0,2.0,75.0,1410.0,3,5319.148936170212,7500000.0
Super built-up  Area,18-Mar,Akshaya Nagar,3 BHK,,1360,2.0,2.0,85.0,1360.0,3,6250.0,8500000.0
Super built-up  Area,Ready To Move,Akshaya Nagar,3 BHK,DLhtsnd,1410,2.0,2.0,80.0,1410.0,3,5673.758865248227,8000000.0
Plot  Area,Ready To Move,Akshaya Nagar,4 Bedroom,,1080,4.0,1.0,75.0,1080.0,4,6944.444444444444,7500000.0
Built-up  Area,Ready To Move,Akshaya Nagar,3 BHK,DLhtsnd,1662,3.0,2.0,85.5,1662.0,3,5144.404332129964,8550000.0
Built-up  Area,Ready To Move,Akshaya Nagar,3 BHK,DLhtsnd,1666,3.0,,95.0,1666.0,3,5702.280912364946,9500000.0
Super built-up  Area,Ready To Move,Akshaya Nagar,3 BHK,DLhtsnd,1575,3.0,,90.0,1575.0,3,5714.285714285715,9000000.0
Super built-up  Area,Ready To Move,Akshaya Nagar,3 BHK,DLhtsnd,1430,2.0,2.0,75.0,1430.0,3,5244.755244755244,7500000.0
Built-up  Area,Ready To Move,Akshaya Nagar,3 BHK,DLhtsnd,1419,2.0,3.0,73.0,1419.0,3,5144.46793516561,7300000.0
Super built-up  Area,Ready To Move,Akshaya Nagar,3 BHK,DLhtsnd,1884,3.0,3.0,98.0,1884.0,3,5201.698513800425,9800000.0
Super built-up  Area,Ready To Move,Akshaya Nagar,3 BHK,DLhtsnd,1662,3.0,,90.0,1662.0,3,5415.162454873646,9000000.0
Super built-up  Area,Ready To Move,Akshaya Nagar,3 BHK,DLhtsnd,1420,2.0,2.0,75.0,1420.0,3,5281.69014084507,7500000.0
Super built-up  Area,Ready To Move,Akshaya Nagar,3 BHK,DLhtsnd,1412,2.0,3.0,88.0,1412.0,3,6232.294617563739,8800000.0
Built-up  Area,Ready To Move,Akshaya Nagar,3 BHK,DLhtsnd,1434,3.0,3.0,84.0,1434.0,3,5857.740585774059,8400000.0
Super built-up  Area,Ready To Move,Akshaya Nagar,3 BHK,,1890,4.0,2.0,100.0,1890.0,3,5291.005291005291,10000000.0
Super built-up  Area,Ready To Move,Akshaya Nagar,3 BHK,DLhtsnd,1419,2.0,3.0,87.0,1419.0,3,6131.0782241014795,8700000.0
Super built-up  Area,Ready To Move,Akshaya Nagar,3 BHK,,1820,4.0,2.0,95.0,1820.0,3,5219.780219780219,9500000.0
Super built-up  Area,Ready To Move,Akshaya Nagar,3 BHK,DLhtsnd,1896,3.0,2.0,102.0,1896.0,3,5379.7468354430375,10200000.0
Super built-up  Area,Ready To Move,Akshaya Nagar,2 BHK,DLhtsnd,1225,2.0,0.0,68.0,1225.0,2,5551.0204081632655,6800000.0
Super built-up  Area,Ready To Move,Akshaya Nagar,3 BHK,DLhtsnd,1421,2.0,2.0,73.0,1421.0,3,5137.227304714989,7300000.0
Super built-up  Area,20-Dec,Akshayanagara East,3 BHK,,1693,3.0,2.0,108.0,1693.0,3,6379.208505611341,10800000.0
Super built-up  Area,20-Dec,Akshayanagara East,2 BHK,,1210,2.0,1.0,76.0,1210.0,2,6280.99173553719,7600000.0
Super built-up  Area,20-Dec,Akshayanagara East,1 BHK,,595,1.0,1.0,40.0,595.0,1,6722.689075630252,4000000.0
Built-up  Area,Ready To Move,Alur,1 BHK,,530,1.0,1.0,20.0,530.0,1,3773.5849056603774,2000000.0
Super built-up  Area,Ready To Move,Alur,1 BHK,,425,1.0,1.0,15.0,425.0,1,3529.4117647058824,1500000.0
Super built-up  Area,Ready To Move,Ambalipura,2 BHK,SJarkte,1105,2.0,1.0,75.0,1105.0,2,6787.330316742082,7500000.0
Super built-up  Area,Ready To Move,Ambalipura,3 BHK,,1800,3.0,3.0,110.0,1800.0,3,6111.111111111111,11000000.0
Built-up  Area,Ready To Move,Ambalipura,2 BHK,SJodsed,1150,2.0,2.0,80.0,1150.0,2,6956.521739130435,8000000.0
Super built-up  Area,Ready To Move,Ambalipura,2 BHK,Dimes E,1332,2.0,1.0,79.0,1332.0,2,5930.930930930931,7900000.0
Super built-up  Area,Ready To Move,Ambalipura,3 BHK,SJarkte,1730,3.0,1.0,120.0,1730.0,3,6936.416184971098,12000000.0
Built-up  Area,Ready To Move,Ambalipura,3 BHK,AltesEs,3500,3.0,,198.0,3500.0,3,5657.142857142857,19800000.0
Super built-up  Area,Ready To Move,Ambalipura,2 BHK,SJodsed,1351,2.0,1.0,77.0,1351.0,2,5699.481865284974,7700000.0
Built-up  Area,Ready To Move,Ambalipura,3 BHK,,1817,3.0,3.0,102.0,1817.0,3,5613.648871766648,10200000.0
Super built-up  Area,Ready To Move,Ambalipura,2 BHK,Dimes E,1303,2.0,2.0,80.0,1303.0,2,6139.677666922486,8000000.0
Super built-up  Area,Ready To Move,Ambalipura,3 BHK,Dimes E,1607,2.0,2.0,112.0,1607.0,3,6969.508400746733,11200000.0
Super built-up  Area,Ready To Move,Ambalipura,1 BHK,,770,1.0,2.0,43.82,770.0,1,5690.909090909091,4382000.0
Super built-up  Area,Ready To Move,Ambalipura,2 BHK,,1060,2.0,1.0,58.5,1060.0,2,5518.867924528302,5850000.0
Built-up  Area,Ready To Move,Ambalipura,3 BHK,,1650,3.0,3.0,100.0,1650.0,3,6060.606060606061,10000000.0
Super built-up  Area,Ready To Move,Ambalipura,3 BHK,Dimes E,1607,2.0,2.0,112.0,1607.0,3,6969.508400746733,11200000.0
Super built-up  Area,Ready To Move,Ambalipura,2 BHK,,1198,2.0,2.0,80.0,1198.0,2,6677.79632721202,8000000.0
Super built-up  Area,Ready To Move,Ambedkar Colony,2 BHK,RMcesa ,1468,2.0,1.0,140.0,1468.0,2,9536.784741144415,14000000.0
Built-up  Area,Ready To Move,Ambedkar Colony,2 BHK,RMcesa ,1463,1.0,1.0,142.0,1463.0,2,9706.083390293916,14200000.0
Super built-up  Area,Ready To Move,Ambedkar Colony,3 BHK,RMcesa ,1910,3.0,1.0,190.0,1910.0,3,9947.643979057591,19000000.0
Super built-up  Area,Ready To Move,Ambedkar Colony,2 BHK,RMcesa ,1464,2.0,1.0,145.0,1464.0,2,9904.371584699453,14500000.0
Super built-up  Area,Ready To Move,Ambedkar Nagar,3 BHK,SoechHa,1935,4.0,2.0,130.0,1935.0,3,6718.3462532299745,13000000.0
Super built-up  Area,Ready To Move,Ambedkar Nagar,2 BHK,SoechHa,1424,2.0,2.0,90.0,1424.0,2,6320.224719101124,9000000.0
Super built-up  Area,Ready To Move,Ambedkar Nagar,3 BHK,SoechHa,2225,4.0,2.0,169.0,2225.0,3,7595.505617977528,16900000.0
Super built-up  Area,Ready To Move,Ambedkar Nagar,3 BHK,,1862,3.0,2.0,120.0,1862.0,3,6444.68313641246,12000000.0
Super built-up  Area,Ready To Move,Ambedkar Nagar,3 BHK,SoechHa,1850,4.0,3.0,139.0,1850.0,3,7513.513513513513,13900000.0
Super built-up  Area,Ready To Move,Ambedkar Nagar,3 BHK,,1936,4.0,2.0,126.0,1936.0,3,6508.264462809917,12600000.0
Super built-up  Area,Ready To Move,Ambedkar Nagar,3 BHK,SoechHa,1862,3.0,2.0,119.0,1862.0,3,6390.977443609023,11900000.0
Super built-up  Area,Ready To Move,Ambedkar Nagar,2 BHK,SoechHa,1424,2.0,2.0,90.0,1424.0,2,6320.224719101124,9000000.0
Super built-up  Area,Ready To Move,Ambedkar Nagar,3 BHK,SoechHa,2150,4.0,2.0,125.0,2150.0,3,5813.953488372093,12500000.0
Built-up  Area,Ready To Move,Ambedkar Nagar,4 BHK,SoechHa,3530,4.0,2.0,290.0,3530.0,4,8215.297450424929,29000000.0
Super built-up  Area,Ready To Move,Ambedkar Nagar,3 BHK,,1856,3.0,1.0,120.0,1856.0,3,6465.517241379311,12000000.0
Super built-up  Area,Ready To Move,Ambedkar Nagar,3 BHK,SoechHa,1852,3.0,2.0,130.0,1852.0,3,7019.438444924406,13000000.0
Super built-up  Area,Ready To Move,Ambedkar Nagar,3 BHK,SoechHa,1850,4.0,2.0,120.0,1850.0,3,6486.486486486487,12000000.0
Super built-up  Area,Ready To Move,Ambedkar Nagar,2 BHK,SoechHa,1367,2.0,2.0,86.0,1367.0,2,6291.148500365764,8600000.0
Plot  Area,18-Dec,Ambedkar Nagar,4 Bedroom,Thessrm,3565,4.0,3.0,255.0,3565.0,4,7152.875175315568,25500000.0
Super built-up  Area,Ready To Move,Ambedkar Nagar,2 BHK,SoechHa,1409,2.0,2.0,95.0,1409.0,2,6742.370475514549,9500000.0
Super built-up  Area,Ready To Move,Ambedkar Nagar,3 BHK,SoechHa,1950,4.0,2.0,120.0,1950.0,3,6153.846153846154,12000000.0
Super built-up  Area,Ready To Move,Ambedkar Nagar,3 BHK,SoechHa,1921,4.0,3.0,129.0,1921.0,3,6715.252472670484,12900000.0
Super built-up  Area,Ready To Move,Ambedkar Nagar,3 BHK,,1920,4.0,2.0,121.0,1920.0,3,6302.083333333333,12100000.0
Super built-up  Area,Ready To Move,Ambedkar Nagar,3 BHK,SoechHa,1935,4.0,2.0,125.0,1935.0,3,6459.948320413437,12500000.0
Super built-up  Area,Ready To Move,Ambedkar Nagar,3 BHK,SoechHa,1852,4.0,2.0,122.0,1852.0,3,6587.473002159827,12200000.0
Super built-up  Area,Ready To Move,Ambedkar Nagar,3 BHK,SoechHa,1950,4.0,2.0,120.0,1950.0,3,6153.846153846154,12000000.0
Super built-up  Area,Ready To Move,Ambedkar Nagar,3 BHK,SoechHa,1852,3.0,2.0,125.0,1852.0,3,6749.460043196545,12500000.0
Super built-up  Area,Ready To Move,Ambedkar Nagar,3 BHK,SoechHa,1850,4.0,2.0,121.0,1850.0,3,6540.540540540541,12100000.0
Super built-up  Area,Ready To Move,Ambedkar Nagar,2 BHK,SoechHa,1425,2.0,1.0,94.0,1425.0,2,6596.491228070176,9400000.0
Built-up  Area,Ready To Move,Ambedkar Nagar,3 BHK,SoechHa,2395,4.0,2.0,150.0,2395.0,3,6263.048016701461,15000000.0
Super built-up  Area,Ready To Move,Amblipura,3 BHK,,1605,3.0,2.0,100.0,1605.0,3,6230.529595015576,10000000.0
Built-up  Area,Ready To Move,Amblipura,3 BHK,SuodsAc,1300,2.0,1.0,80.0,1300.0,3,6153.846153846154,8000000.0
Super built-up  Area,Ready To Move,Amblipura,2 BHK,IDldsin,1175,2.0,2.0,83.0,1175.0,2,7063.829787234043,8300000.0
Built-up  Area,Ready To Move,Amruthahalli,3 Bedroom,,1900,3.0,1.0,135.0,1900.0,3,7105.263157894737,13500000.0
Carpet  Area,Ready To Move,Amruthahalli,2 BHK,,900,2.0,1.0,60.0,900.0,2,6666.666666666667,6000000.0
Super built-up  Area,Ready To Move,Amruthahalli,3 BHK,Prentra,1450,2.0,1.0,85.0,1450.0,3,5862.068965517241,8500000.0
Super built-up  Area,Ready To Move,Amruthahalli,2 BHK,,1250,2.0,2.0,79.0,1250.0,2,6320.0,7900000.0
Super built-up  Area,Ready To Move,Amruthahalli,2 BHK,,1340,2.0,1.0,75.0,1340.0,2,5597.014925373134,7500000.0
Super built-up  Area,Ready To Move,Amruthahalli,3 BHK,,2650,4.0,0.0,175.0,2650.0,3,6603.773584905661,17500000.0
Built-up  Area,Ready To Move,Amruthahalli,3 BHK,Prentra,1450,2.0,1.0,90.0,1450.0,3,6206.896551724138,9000000.0
Built-up  Area,Ready To Move,Amruthahalli,1 BHK,Prowsi ,485,1.0,1.0,19.5,485.0,1,4020.618556701031,1950000.0
Plot  Area,Ready To Move,Anand Nagar,3 Bedroom,,3515,3.0,1.0,420.0,3515.0,3,11948.790896159317,42000000.0
Super built-up  Area,Ready To Move,Anand Nagar,3 BHK,,1080,2.0,2.0,75.0,1080.0,3,6944.444444444444,7500000.0
Plot  Area,Ready To Move,Anand nagar,2 Bedroom,,1200,2.0,0.0,70.0,1200.0,2,5833.333333333333,7000000.0
Super built-up  Area,Ready To Move,Anand nagar,3 BHK,,2010,3.0,3.0,125.0,2010.0,3,6218.905472636816,12500000.0
Plot  Area,Ready To Move,Anandapura,2 Bedroom,,1200,2.0,1.0,67.0,1200.0,2,5583.333333333333,6700000.0
Plot  Area,Ready To Move,Anandapura,2 Bedroom,,875,2.0,1.0,57.0,875.0,2,6514.285714285715,5700000.0
Plot  Area,Ready To Move,Anandapura,3 Bedroom,,1200,2.0,0.0,66.0,1200.0,3,5500.0,6600000.0
Plot  Area,Ready To Move,Anandapura,3 Bedroom,,1415,2.0,1.0,74.0,1415.0,3,5229.681978798587,7400000.0
Super built-up  Area,18-Jun,Ananth Nagar,1 BHK,,500,1.0,1.0,14.0,500.0,1,2800.0,1400000.0
Super built-up  Area,18-Jun,Ananth Nagar,1 BHK,,500,2.0,2.0,14.0,500.0,1,2800.0,1400000.0
Super built-up  Area,18-Aug,Ananth Nagar,1 BHK,,500,1.0,1.0,14.0,500.0,1,2800.0,1400000.0
Super built-up  Area,18-Jun,Ananth Nagar,1 BHK,,500,1.0,1.0,14.0,500.0,1,2800.0,1400000.0
Plot  Area,Ready To Move,Andrahalli,4 Bedroom,,1200,4.0,2.0,135.0,1200.0,4,11250.0,13500000.0
Super built-up  Area,Ready To Move,Anekal,1 BHK,,600,1.0,1.0,16.5,600.0,1,2750.0,1650000.0
Super built-up  Area,19-Oct,Anekal,1 BHK,,530,1.0,1.0,18.0,530.0,1,3396.2264150943397,1800000.0
Built-up  Area,Ready To Move,Anekal,1 RK,,351,1.0,1.0,16.0,351.0,1,4558.404558404558,1600000.0
Built-up  Area,Ready To Move,Anekal,1 BHK,,400,1.0,1.0,11.5,400.0,1,2875.0,1150000.0
Super built-up  Area,Ready To Move,Anekal,1 BHK,,456,1.0,1.0,15.0,456.0,1,3289.4736842105262,1500000.0
Built-up  Area,Ready To Move,Anekal,1 BHK,,420,1.0,1.0,12.5,420.0,1,2976.190476190476,1250000.0
Plot  Area,Ready To Move,Anjana Nagar,5 Bedroom,,1035,5.0,1.0,170.0,1035.0,5,16425.12077294686,17000000.0
Plot  Area,18-Apr,Anjanapura,3 Bedroom,,1500,3.0,1.0,121.0,1500.0,3,8066.666666666667,12100000.0
Plot  Area,Ready To Move,Anjappa Layout,2 Bedroom,,1348,2.0,0.0,100.0,1348.0,2,7418.39762611276,10000000.0
Plot  Area,Ready To Move,Annaiah Reddy Layout,1 Bedroom,,540,1.0,0.0,22.0,540.0,1,4074.074074074074,2200000.0
Plot  Area,Ready To Move,Annapurneshwari Nagar,4 Bedroom,,1200,5.0,2.0,270.0,1200.0,4,22500.0,27000000.0
Super built-up  Area,Ready To Move,Anugrah Layout,3 BHK,Saavena,1567,3.0,1.0,100.0,1567.0,3,6381.620931716656,10000000.0
Super built-up  Area,19-Dec,Anwar Layout,1 BHK,UKicte ,610,1.0,0.0,28.0,610.0,1,4590.163934426229,2800000.0
Super built-up  Area,Ready To Move,Ardendale,3 BHK,SoystAm,1750,3.0,2.0,100.0,1750.0,3,5714.285714285715,10000000.0
Super built-up  Area,Ready To Move,Ardendale,4 BHK,AWharde,2422,4.0,2.0,160.0,2422.0,4,6606.110652353427,16000000.0
Super built-up  Area,Ready To Move,Ardendale,3 BHK,SoystAm,1750,3.0,3.0,100.0,1750.0,3,5714.285714285715,10000000.0
Plot  Area,Ready To Move,Ardendale,4 Bedroom,Aling10,3200,4.0,1.0,205.0,3200.0,4,6406.25,20500000.0
Super built-up  Area,Ready To Move,Ardendale,3 BHK,SoystAm,1728,3.0,2.0,95.0,1728.0,3,5497.685185185185,9500000.0
Super built-up  Area,Ready To Move,Ardendale,4 BHK,AWharde,2062,3.0,,140.0,2062.0,4,6789.524733268671,14000000.0
Super built-up  Area,Ready To Move,Ardendale,3 BHK,SoystAm,1732.46,3.0,2.0,92.0,1732.46,3,5310.367916142364,9200000.0
Super built-up  Area,Ready To Move,Ardendale,4 BHK,AWharde,2062,3.0,,150.0,2062.0,4,7274.4907856450045,15000000.0
Super built-up  Area,Ready To Move,Ardendale,2 BHK,AWharde,1224,2.0,2.0,70.0,1224.0,2,5718.954248366013,7000000.0
Super built-up  Area,Ready To Move,Ardendale,3 BHK,SoystAm,1777.26,3.0,2.0,105.0,1777.26,3,5907.970696465346,10500000.0
Super built-up  Area,Ready To Move,Ardendale,4 BHK,AWharde,2062,3.0,,140.0,2062.0,4,6789.524733268671,14000000.0
Super built-up  Area,Ready To Move,Ardendale,3 BHK,SoystAm,1723,3.0,2.0,95.0,1723.0,3,5513.6390017411495,9500000.0
Super built-up  Area,Ready To Move,Ardendale,3 BHK,SoystAm,1777.26,3.0,2.0,92.0,1777.26,3,5176.507657855351,9200000.0
Super built-up  Area,Ready To Move,Arekere,3 BHK,,2060,3.0,2.0,140.0,2060.0,3,6796.116504854369,14000000.0
Built-up  Area,Ready To Move,Arekere,3 BHK,,1740,2.0,,95.0,1740.0,3,5459.770114942528,9500000.0
Built-up  Area,Ready To Move,Arekere,1 BHK,,600,1.0,1.0,28.0,600.0,1,4666.666666666667,2800000.0
Super built-up  Area,18-Jul,Arekere,3 BHK,RRnumn ,2072,3.0,2.0,108.0,2072.0,3,5212.355212355213,10800000.0
Super built-up  Area,Ready To Move,Arekere,3 BHK,,1445,2.0,2.0,125.0,1445.0,3,8650.519031141868,12500000.0
Super built-up  Area,Ready To Move,Arekere,2 BHK,Chiteny,900,2.0,3.0,50.0,900.0,2,5555.555555555556,5000000.0
Super built-up  Area,Ready To Move,Arekere,3 BHK,,2060,3.0,2.0,150.0,2060.0,3,7281.553398058252,15000000.0
Plot  Area,Ready To Move,Arekere,3 Bedroom,Vetanan,2400,3.0,1.0,180.0,2400.0,3,7500.0,18000000.0
Plot  Area,Ready To Move,Arishinakunte,1 Bedroom,,38Guntha,1.0,0.0,170.0,3844.5132000000003,1,4421.8862351675625,17000000.0
Super built-up  Area,18-Jan,Ashok Nagar,4 BHK,,8321,5.0,2.0,2912.0,8321.0,4,34995.79377478668,291200000.0
Built-up  Area,Ready To Move,Ashwathnagar,3 Bedroom,,800,2.0,0.0,60.0,800.0,3,7500.0,6000000.0
Built-up  Area,Ready To Move,Ashwini layout,1 BHK,Kaantth,834,1.0,1.0,60.0,834.0,1,7194.244604316546,6000000.0
Super built-up  Area,Ready To Move,Ashwini layout,1 BHK,Kaantth,834,1.0,1.0,62.0,834.0,1,7434.052757793765,6200000.0
Super built-up  Area,Ready To Move,Attibele,1 BHK,Jae 1hu,450,1.0,1.0,11.0,450.0,1,2444.4444444444443,1100000.0
Built-up  Area,Ready To Move,Attibele,1 BHK,Jae 2hu,400,1.0,1.0,11.0,400.0,1,2750.0,1100000.0
Built-up  Area,Ready To Move,Attibele,1 BHK,Jae 1hu,400,1.0,1.0,12.0,400.0,1,3000.0,1200000.0
Built-up  Area,Ready To Move,Attibele,1 BHK,Jae 2hu,400,1.0,1.0,14.0,400.0,1,3500.0,1400000.0
Super built-up  Area,Ready To Move,Attibele,1 BHK,Jae 1hu,500,1.0,1.0,17.0,500.0,1,3400.0,1700000.0
Built-up  Area,Ready To Move,Attibele,1 BHK,Jae 1hu,395,1.0,1.0,10.25,395.0,1,2594.9367088607596,1025000.0
Built-up  Area,Ready To Move,Attibele,1 BHK,Jae 1hu,420,1.0,1.0,17.0,420.0,1,4047.6190476190477,1700000.0
Built-up  Area,Ready To Move,Attibele,1 BHK,Jae 1hu,418,1.0,1.0,12.0,418.0,1,2870.813397129187,1200000.0
Super built-up  Area,Ready To Move,Attibele,1 BHK,Jae 1hu,400,1.0,1.0,10.0,400.0,1,2500.0,1000000.0
Built-up  Area,Ready To Move,Attibele,1 BHK,Jae 1hu,450,1.0,1.0,12.5,450.0,1,2777.777777777778,1250000.0
Super built-up  Area,Ready To Move,Attibele,1 BHK,DSvar S,782,1.0,0.0,19.55,782.0,1,2500.0,1955000.0
Built-up  Area,Ready To Move,Attibele,1 BHK,Jae 2hu,400,1.0,1.0,11.5,400.0,1,2875.0,1150000.0
Carpet  Area,Ready To Move,Attibele,1 BHK,Jae 1hu,460,1.0,1.0,13.0,460.0,1,2826.086956521739,1300000.0
Super built-up  Area,Ready To Move,Attibele,1 BHK,Jae 1hu,418,2.0,1.0,11.5,418.0,1,2751.196172248804,1150000.0
Super built-up  Area,Ready To Move,Attibele,1 BHK,Jae 1hu,550,1.0,1.0,11.5,550.0,1,2090.909090909091,1150000.0
Built-up  Area,Ready To Move,Attibele,1 BHK,,410,1.0,1.0,10.0,410.0,1,2439.0243902439024,1000000.0
Super built-up  Area,Ready To Move,Attibele,1 BHK,Jae 2hu,400,1.0,1.0,10.25,400.0,1,2562.5,1025000.0
Plot  Area,Ready To Move,Attibele,3 Bedroom,,1500,3.0,2.0,90.0,1500.0,3,6000.0,9000000.0
Built-up  Area,Ready To Move,Attibele,1 BHK,Jae 1hu,520,1.0,1.0,15.0,520.0,1,2884.6153846153848,1500000.0
Plot  Area,Ready To Move,Attur Layout,3 Bedroom,,2400,4.0,2.0,200.0,2400.0,3,8333.333333333334,20000000.0
Built-up  Area,Ready To Move,Austin Town,1 BHK,,400,1.0,0.0,14.0,400.0,1,3500.0,1400000.0
Super built-up  Area,Ready To Move,Austin Town,1 BHK,,600,2.0,0.0,23.0,600.0,1,3833.3333333333335,2300000.0
Super built-up  Area,Ready To Move,Austin Town,2 BHK,,1000,2.0,1.0,60.0,1000.0,2,6000.0,6000000.0
Super built-up  Area,Ready To Move,Austin Town,2 BHK,,975,2.0,1.0,60.0,975.0,2,6153.846153846154,6000000.0
Built-up  Area,Ready To Move,Avalahalli,3 BHK,Sohea A,2300,3.0,3.0,120.0,2300.0,3,5217.391304347826,12000000.0
Super built-up  Area,Ready To Move,Avalahalli,1 BHK,ZeodsWo,833,1.0,1.0,49.0,833.0,1,5882.35294117647,4900000.0
Built-up  Area,Ready To Move,Avalahalli,3 BHK,Sohea A,2045,3.0,2.0,108.0,2045.0,3,5281.173594132029,10800000.0
Super built-up  Area,Ready To Move,B Channasandra,2 BHK,,1300,2.0,1.0,79.0,1300.0,2,6076.923076923077,7900000.0
Super built-up  Area,Ready To Move,B Narayanapura,2 BHK,Inentva,1020,2.0,2.0,60.0,1020.0,2,5882.35294117647,6000000.0
Plot  Area,Ready To Move,BCC Layout,4 Bedroom,,1500,5.0,1.0,230.0,1500.0,4,15333.333333333334,23000000.0
Built-up  Area,Ready To Move,BCC Layout,4 Bedroom,,2700,3.0,2.0,230.0,2700.0,4,8518.518518518518,23000000.0
Built-up  Area,Ready To Move,BCMC Layout,3 BHK,Sutesga,1600,2.0,2.0,88.0,1600.0,3,5500.0,8800000.0
Plot  Area,Ready To Move,BEL Road,2 Bedroom,,1050,2.0,0.0,110.0,1050.0,2,10476.190476190477,11000000.0
Plot  Area,Ready To Move,BEL Road,2 Bedroom,,1500,2.0,0.0,203.0,1500.0,2,13533.333333333334,20300000.0
Super built-up  Area,Ready To Move,BEL Road,3 BHK,,1800,3.0,2.0,150.0,1800.0,3,8333.333333333334,15000000.0
Plot  Area,Ready To Move,BEML Layout,4 Bedroom,,1196,3.0,1.0,150.0,1196.0,4,12541.80602006689,15000000.0
Plot  Area,Ready To Move,BEML Layout,5 Bedroom,,2400,4.0,1.0,225.0,2400.0,5,9375.0,22500000.0
Super built-up  Area,Ready To Move,BEML Layout,2 BHK,,1200,2.0,2.0,67.0,1200.0,2,5583.333333333333,6700000.0
Plot  Area,Ready To Move,BEML Layout,2 Bedroom,,2400,2.0,1.0,228.0,2400.0,2,9500.0,22800000.0
Plot  Area,Ready To Move,BHEL Layout,4 Bedroom,,1200,3.0,1.0,165.0,1200.0,4,13750.0,16500000.0
Plot  Area,Ready To Move,BHEL Layout,5 Bedroom,,1200,4.0,1.0,160.0,1200.0,5,13333.333333333334,16000000.0
Plot  Area,Ready To Move,BTM 1st Stage,4 Bedroom,,1215,4.0,3.0,205.0,1215.0,4,16872.427983539095,20500000.0
Plot  Area,Ready To Move,BTM 1st Stage,9 Bedroom,Srvasks,3300,14.0,,500.0,3300.0,9,15151.515151515152,50000000.0
Plot  Area,Ready To Move,BTM 1st Stage,4 Bedroom,,600,2.0,2.0,90.0,600.0,4,15000.0,9000000.0
Plot  Area,Ready To Move,BTM 1st Stage,4 Bedroom,,1100,5.0,2.0,121.0,1100.0,4,11000.0,12100000.0
Plot  Area,Ready To Move,BTM 1st Stage,1 Bedroom,,375,1.0,0.0,40.0,375.0,1,10666.666666666666,4000000.0
Plot  Area,Ready To Move,BTM 1st Stage,6 Bedroom,,600,6.0,2.0,80.0,600.0,6,13333.333333333334,8000000.0
Super built-up  Area,Ready To Move,BTM 1st Stage,3 BHK,,1717,3.0,2.0,200.0,1717.0,3,11648.223645894,20000000.0
Plot  Area,Ready To Move,BTM 1st Stage,5 Bedroom,,1200,4.0,2.0,200.0,1200.0,5,16666.666666666668,20000000.0
Plot  Area,Ready To Move,BTM 2nd Stage,3 Bedroom,,1260,5.0,1.0,185.0,1260.0,3,14682.539682539682,18500000.0
Built-up  Area,Ready To Move,BTM 2nd Stage,3 BHK,SNe 2ev,1850,3.0,,170.0,1850.0,3,9189.18918918919,17000000.0
Super built-up  Area,Ready To Move,BTM 2nd Stage,2 BHK,Crentt ,1200,2.0,2.0,80.0,1200.0,2,6666.666666666667,8000000.0
Built-up  Area,Ready To Move,BTM 2nd Stage,2 BHK,MaeamSu,1280,2.0,2.0,80.0,1280.0,2,6250.0,8000000.0
Built-up  Area,Ready To Move,BTM 2nd Stage,2 BHK,Komesa ,1100,2.0,2.0,70.0,1100.0,2,6363.636363636364,7000000.0
Super built-up  Area,Ready To Move,BTM 2nd Stage,2 BHK,Vincyat,1000,2.0,2.0,58.0,1000.0,2,5800.0,5800000.0
Plot  Area,Ready To Move,BTM 2nd Stage,5 Bedroom,,2990,5.0,3.0,416.0,2990.0,5,13913.04347826087,41600000.0
Super built-up  Area,Ready To Move,BTM 2nd Stage,3 BHK,SNe 2ev,2200,3.0,3.0,220.0,2200.0,3,10000.0,22000000.0
Super built-up  Area,Ready To Move,BTM 2nd Stage,3 BHK,SNe 2ev,2780,4.0,1.0,325.0,2780.0,3,11690.647482014389,32500000.0
Plot  Area,Ready To Move,BTM 2nd Stage,3 Bedroom,,2400,2.0,0.0,360.0,2400.0,3,15000.0,36000000.0
Super built-up  Area,Ready To Move,BTM 2nd Stage,2 BHK,Vincyat,965,2.0,2.0,56.0,965.0,2,5803.108808290155,5600000.0
Super built-up  Area,Ready To Move,BTM 2nd Stage,2 BHK,MaeamSu,1147,2.0,1.0,75.0,1147.0,2,6538.7968613775065,7500000.0
Built-up  Area,Ready To Move,BTM 2nd Stage,3 BHK,SNe 2ev,1750,3.0,3.0,172.0,1750.0,3,9828.57142857143,17200000.0
Super built-up  Area,Ready To Move,BTM 2nd Stage,2 BHK,Catle C,1400,2.0,3.0,90.0,1400.0,2,6428.571428571428,9000000.0
Super built-up  Area,Ready To Move,BTM 2nd Stage,2 BHK,Chaldi ,1200,2.0,2.0,70.0,1200.0,2,5833.333333333333,7000000.0
Super built-up  Area,Ready To Move,BTM 2nd Stage,3 BHK,Saarlth,2500,3.0,2.0,345.0,2500.0,3,13800.0,34500000.0
Plot  Area,Ready To Move,BTM 4th Stage,2 Bedroom,,1350,2.0,0.0,90.0,1350.0,2,6666.666666666667,9000000.0
Super built-up  Area,18-Jan,BTM Layout,3 BHK,,167Sq. Meter,3.0,2.0,10.0,167.0,3,5988.023952095808,1000000.0
Built-up  Area,Ready To Move,BTM Layout,3 BHK,Myace P,1450,2.0,2.0,81.0,1450.0,3,5586.206896551724,8100000.0
Super built-up  Area,Ready To Move,BTM Layout,3 BHK,C ensnd,1458,3.0,2.0,79.0,1458.0,3,5418.38134430727,7900000.0
Super built-up  Area,Ready To Move,BTM Layout,3 BHK,PancyPr,1600,3.0,2.0,112.0,1600.0,3,7000.0,11200000.0
Built-up  Area,Ready To Move,BTM Layout,3 BHK,Lancya ,1300,2.0,1.0,75.0,1300.0,3,5769.2307692307695,7500000.0
Super built-up  Area,Ready To Move,BTM Layout,1 BHK,,450,1.0,1.0,20.0,450.0,1,4444.444444444444,2000000.0
Built-up  Area,Ready To Move,BTM Layout,3 BHK,,2400,3.0,2.0,220.0,2400.0,3,9166.666666666666,22000000.0
Super built-up  Area,Ready To Move,BTM Layout,3 BHK,MRsicla,1470,2.0,2.0,99.0,1470.0,3,6734.693877551021,9900000.0
Super built-up  Area,20-Jan,Badavala Nagar,3 BHK,DNncasa,1494,2.0,2.0,94.55,1494.0,3,6328.647925033467,9455000.0
Super built-up  Area,20-Jan,Badavala Nagar,2 BHK,DNncasa,1274,2.0,1.0,81.0,1274.0,2,6357.9277864992155,8100000.0
Super built-up  Area,20-Jan,Badavala Nagar,3 BHK,DNncasa,1842,3.0,2.0,115.0,1842.0,3,6243.213897937025,11500000.0
Super built-up  Area,Ready To Move,Badavala Nagar,3 BHK,DNncasa,1494,2.0,2.0,94.55,1494.0,3,6328.647925033467,9455000.0
Super built-up  Area,20-Jan,Badavala Nagar,2 BHK,DNncasa,1274,2.0,1.0,81.0,1274.0,2,6357.9277864992155,8100000.0
Super built-up  Area,20-Jan,Badavala Nagar,3 BHK,DNncasa,1494,2.0,2.0,94.55,1494.0,3,6328.647925033467,9455000.0
Super built-up  Area,20-Jan,Badavala Nagar,3 BHK,DNncasa,1842,3.0,2.0,115.0,1842.0,3,6243.213897937025,11500000.0
Super built-up  Area,20-Jan,Badavala Nagar,3 BHK,DNncasa,1842,3.0,2.0,115.0,1842.0,3,6243.213897937025,11500000.0
Super built-up  Area,20-Jan,Badavala Nagar,3 BHK,DNncasa,1842,3.0,2.0,115.0,1842.0,3,6243.213897937025,11500000.0
Plot  Area,17-Dec,Bagalakunte,4 Bedroom,,2360,4.0,2.0,150.0,2360.0,4,6355.932203389831,15000000.0
Built-up  Area,Ready To Move,Bagalakunte,1 BHK,,560,1.0,1.0,21.0,560.0,1,3750.0,2100000.0
Plot  Area,Ready To Move,Bagalakunte,5 Bedroom,,750,3.0,1.0,95.0,750.0,5,12666.666666666666,9500000.0
Plot  Area,Ready To Move,Bagalakunte,2 Bedroom,,1200,4.0,1.0,138.0,1200.0,2,11500.0,13800000.0
Super built-up  Area,Ready To Move,Bagalur,2 BHK,Haows M,985,2.0,2.0,57.0,985.0,2,5786.802030456853,5700000.0
Super built-up  Area,Ready To Move,Bagalur,2 BHK,Krton S,1407,2.0,1.0,83.87,1407.0,2,5960.90973702914,8387000.0
Built-up  Area,Ready To Move,Bagalur Main Road,2 BHK,,1220,2.0,2.0,72.0,1220.0,2,5901.639344262295,7200000.0
Super built-up  Area,Ready To Move,Balagere,2 BHK,Soestin,1210,2.0,1.0,80.9,1210.0,2,6685.950413223141,8090000.000000001
Super built-up  Area,Ready To Move,Balagere,2 BHK,,1210,2.0,1.0,72.0,1210.0,2,5950.413223140496,7200000.0
Super built-up  Area,Ready To Move,Balagere,2 BHK,Soresea,1205,2.0,1.0,78.5,1205.0,2,6514.522821576764,7850000.0
Super built-up  Area,20-Jan,Balagere,1 BHK,Soresea,645 - 936,1.0,0.0,41.9,790.5,1,5300.44275774826,4190000.0
Super built-up  Area,17-Sep,Balagere,2 BHK,HiqueMa,1145,2.0,2.0,65.0,1145.0,2,5676.855895196507,6500000.0
Super built-up  Area,18-Jul,Balagere,2 BHK,Soresea,1020.07,2.0,1.0,68.38,1020.07,2,6703.461527150097,6838000.0
Super built-up  Area,18-Jul,Balagere,2 BHK,Soresea,1205.47,2.0,1.0,81.0,1205.47,2,6719.370867794304,8100000.0
Super built-up  Area,20-Jan,Balagere,2 BHK,Soresea,1007,2.0,1.0,65.0,1007.0,2,6454.816285998014,6500000.0
Super built-up  Area,17-Jun,Balagere,2 BHK,Soresea,1205,2.0,1.0,70.0,1205.0,2,5809.128630705394,7000000.0
Super built-up  Area,18-Jul,Balagere,2 BHK,Soresea,1210,2.0,1.0,74.0,1210.0,2,6115.702479338843,7400000.0
Super built-up  Area,Ready To Move,Balagere,2 BHK,Soresea,1210,2.0,1.0,83.0,1210.0,2,6859.504132231405,8300000.0
Built-up  Area,17-May,Balagere,1 BHK,Soresea,675,1.0,1.0,45.0,675.0,1,6666.666666666667,4500000.0
Super built-up  Area,Ready To Move,Balagere,1 BHK,Soresea,656,1.0,1.0,43.0,656.0,1,6554.878048780488,4300000.0
Super built-up  Area,18-Dec,Balagere,2 BHK,Soresea,1012,2.0,1.0,64.0,1012.0,2,6324.110671936759,6400000.0
Super built-up  Area,Ready To Move,Balagere,2 BHK,Soresea,1007,2.0,1.0,62.0,1007.0,2,6156.901688182721,6200000.0
Built-up  Area,Ready To Move,Balagere,2 BHK,Soresea,1007,2.0,1.0,67.0,1007.0,2,6653.4260178748755,6700000.0
Super built-up  Area,Ready To Move,Balagere,2 BHK,Soresea,1007,2.0,1.0,66.0,1007.0,2,6554.121151936445,6600000.0
Super built-up  Area,20-Jan,Balagere,1 BHK,Soresea,645,1.0,1.0,34.18,645.0,1,5299.224806201551,3418000.0
Super built-up  Area,18-May,Balagere,2 BHK,Soresea,1210,2.0,1.0,69.0,1210.0,2,5702.479338842975,6900000.0
Super built-up  Area,20-Jan,Balagere,1 BHK,Soresea,645 - 936,1.0,0.0,42.295,790.5,1,5350.411132194813,4229500.0
Super built-up  Area,18-Apr,Balagere,2 BHK,Soresea,1012,2.0,1.0,65.0,1012.0,2,6422.924901185771,6500000.0
Super built-up  Area,20-Jan,Balagere,1 BHK,Soresea,656,1.0,1.0,38.77,656.0,1,5910.0609756097565,3877000.0000000005
Super built-up  Area,18-May,Balagere,1 BHK,Soresea,645,1.0,1.0,39.0,645.0,1,6046.511627906977,3900000.0
Built-up  Area,18-Jan,Balagere,1 BHK,Soresea,645,1.0,1.0,41.0,645.0,1,6356.589147286822,4100000.0
Super built-up  Area,18-Nov,Balagere,2 BHK,Soresea,1210,2.0,1.0,82.0,1210.0,2,6776.859504132231,8200000.0
Super built-up  Area,20-Jan,Balagere,1 BHK,Soresea,656,1.0,1.0,34.77,656.0,1,5300.304878048782,3477000.0000000005
Super built-up  Area,20-Jan,Balagere,2 BHK,Soresea,1205,2.0,1.0,73.87,1205.0,2,6130.290456431535,7387000.0
Super built-up  Area,18-Mar,Balagere,2 BHK,Soresea,1012,2.0,1.0,70.0,1012.0,2,6916.99604743083,7000000.0
Super built-up  Area,18-Dec,Balagere,2 BHK,Soresea,1007,2.0,1.0,68.0,1007.0,2,6752.730883813307,6800000.0
Super built-up  Area,17-Oct,Balagere,2 BHK,Soresea,1205,2.0,1.0,67.0,1205.0,2,5560.165975103734,6700000.0
Super built-up  Area,Ready To Move,Balagere,2 BHK,Soresea,1205,2.0,1.0,79.0,1205.0,2,6556.016597510374,7900000.0
Built-up  Area,Ready To Move,Balagere,2 BHK,Soresea,1012,2.0,1.0,68.0,1012.0,2,6719.367588932806,6800000.0
Super built-up  Area,Ready To Move,Balaji Gardens Layout,1 BHK,,825,2.0,1.0,40.0,825.0,1,4848.484848484848,4000000.0
Super built-up  Area,Ready To Move,Banagiri Nagar,3 BHK,,1525,2.0,3.0,122.0,1525.0,3,8000.0,12200000.0
Super built-up  Area,Ready To Move,Banagiri Nagar,3 BHK,,1500,2.0,2.0,89.99,1500.0,3,5999.333333333333,8999000.0
Super built-up  Area,Ready To Move,Banagiri Nagar,3 BHK,,1630,2.0,2.0,97.78,1630.0,3,5998.773006134969,9778000.0
Super built-up  Area,Ready To Move,Banagiri Nagar,3 BHK,,2008,3.0,2.0,170.0,2008.0,3,8466.135458167331,17000000.0
Super built-up  Area,Ready To Move,Banagiri Nagar,3 BHK,,1560,2.0,2.0,125.0,1560.0,3,8012.820512820513,12500000.0
Super built-up  Area,Ready To Move,Banagiri Nagar,3 BHK,,1525,2.0,2.0,91.48,1525.0,3,5998.688524590164,9148000.0
Super built-up  Area,Ready To Move,Banagiri Nagar,3 BHK,,1500,2.0,2.0,120.0,1500.0,3,8000.0,12000000.0
Super built-up  Area,17-Oct,Banashankari,3 BHK,,1470,2.0,1.0,88.64,1470.0,3,6029.931972789115,8864000.0
Built-up  Area,Ready To Move,Banashankari,3 BHK,Skave E,1300,2.0,2.0,75.0,1300.0,3,5769.2307692307695,7500000.0
Super built-up  Area,Ready To Move,Banashankari,3 BHK,Bregae ,1800,3.0,2.0,115.0,1800.0,3,6388.888888888889,11500000.0
Built-up  Area,Ready To Move,Banashankari,2 BHK,Koestpt,1125,2.0,1.0,63.0,1125.0,2,5600.0,6300000.0
Super built-up  Area,18-May,Banashankari,2 BHK,Bregae ,1310,2.0,2.0,80.0,1310.0,2,6106.8702290076335,8000000.0
Super built-up  Area,18-Jul,Banashankari,3 BHK,Rallse ,2600,4.0,1.0,135.0,2600.0,3,5192.307692307692,13500000.0
Super built-up  Area,Ready To Move,Banashankari,3 BHK,,1900,2.0,1.0,170.0,1900.0,3,8947.368421052632,17000000.0
Super built-up  Area,Ready To Move,Banashankari,2 BHK,Goeesem,1260,2.0,3.0,75.0,1260.0,2,5952.380952380952,7500000.0
Built-up  Area,Ready To Move,Banashankari,3 BHK,Naashi ,1350,2.0,0.0,83.0,1350.0,3,6148.148148148148,8300000.0
Super built-up  Area,Ready To Move,Banashankari,2 BHK,,1330,2.0,1.0,78.0,1330.0,2,5864.661654135339,7800000.0
Super built-up  Area,Ready To Move,Banashankari,3 BHK,Sriseva,1400,2.0,1.0,78.0,1400.0,3,5571.428571428572,7800000.0
Super built-up  Area,Ready To Move,Banashankari,3 BHK,Bregae ,1700,3.0,2.0,125.0,1700.0,3,7352.941176470588,12500000.0
Super built-up  Area,20-Dec,Banashankari,3 BHK,,3580,3.0,1.0,411.0,3580.0,3,11480.446927374302,41100000.0
Super built-up  Area,Ready To Move,Banashankari,1 BHK,,2400,1.0,1.0,200.0,2400.0,1,8333.333333333334,20000000.0
Super built-up  Area,Ready To Move,Banashankari,2 BHK,Bregae ,1390,2.0,2.0,86.0,1390.0,2,6187.050359712231,8600000.0
Super built-up  Area,Ready To Move,Banashankari,2 BHK,Bregae ,1290,2.0,2.0,80.0,1290.0,2,6201.550387596899,8000000.0
Super built-up  Area,Ready To Move,Banashankari,3 BHK,PrdgeSo,2582,5.0,2.0,250.0,2582.0,3,9682.416731216112,25000000.0
Super built-up  Area,Ready To Move,Banashankari,3 BHK,Bregae ,1650,3.0,2.0,101.0,1650.0,3,6121.212121212121,10100000.0
Super built-up  Area,Ready To Move,Banashankari,2 BHK,,1181,2.0,1.0,75.0,1181.0,2,6350.550381033023,7500000.0
Super built-up  Area,Ready To Move,Banashankari,2 BHK,Goeesem,1105,2.0,2.0,90.0,1105.0,2,8144.796380090498,9000000.0
Super built-up  Area,Ready To Move,Banashankari,1 BHK,,720,1.0,1.0,60.0,720.0,1,8333.333333333334,6000000.0
Super built-up  Area,Ready To Move,Banashankari,2 BHK,Bregae ,1330,2.0,2.0,77.0,1330.0,2,5789.473684210527,7700000.0
Super built-up  Area,Ready To Move,Banashankari,2 BHK,Goeesem,1185,2.0,2.0,67.0,1185.0,2,5654.008438818565,6700000.0
Super built-up  Area,18-Aug,Banashankari,3 BHK,,1650,3.0,2.0,90.75,1650.0,3,5500.0,9075000.0
Super built-up  Area,18-May,Banashankari,3 BHK,Bregae ,1650,3.0,2.0,101.0,1650.0,3,6121.212121212121,10100000.0
Super built-up  Area,Ready To Move,Banashankari,2 BHK,Bregae ,1310,2.0,2.0,80.43,1310.0,2,6139.69465648855,8043000.000000001
Super built-up  Area,18-Apr,Banashankari,2 BHK,Bregae ,1430,2.0,2.0,87.8,1430.0,2,6139.8601398601395,8780000.0
Built-up  Area,Ready To Move,Banashankari,3 BHK,Sksia A,1540,3.0,3.0,80.0,1540.0,3,5194.805194805195,8000000.0
Super built-up  Area,Ready To Move,Banashankari,3 BHK,,1683,3.0,2.0,115.0,1683.0,3,6833.036244800951,11500000.0
Built-up  Area,Ready To Move,Banashankari,3 BHK,Bregae ,1800,3.0,2.0,125.0,1800.0,3,6944.444444444444,12500000.0
Super built-up  Area,Ready To Move,Banashankari,3 BHK,Bregae ,1800,3.0,2.0,175.0,1800.0,3,9722.222222222223,17500000.0
Super built-up  Area,18-Apr,Banashankari,3 BHK,Bregae ,1770,3.0,3.0,108.0,1770.0,3,6101.6949152542375,10800000.0
Super built-up  Area,Ready To Move,Banashankari,3 BHK,Bregae ,1800,3.0,2.0,125.0,1800.0,3,6944.444444444444,12500000.0
Super built-up  Area,Ready To Move,Banashankari,3 BHK,PrdgeSo,1886,3.0,2.0,205.0,1886.0,3,10869.565217391304,20500000.0
Super built-up  Area,17-Oct,Banashankari,3 BHK,,1200,3.0,2.0,74.52,1200.0,3,6210.0,7452000.0
Super built-up  Area,Ready To Move,Banashankari,2 BHK,SuentAp,1100,2.0,1.0,63.0,1100.0,2,5727.272727272727,6300000.0
Super built-up  Area,Ready To Move,Banashankari,2 BHK,Goeesem,1260,2.0,3.0,75.0,1260.0,2,5952.380952380952,7500000.0
Plot  Area,Ready To Move,Banashankari,3 Bedroom,,1040,2.0,1.0,109.0,1040.0,3,10480.76923076923,10900000.0
Super built-up  Area,Ready To Move,Banashankari,3 BHK,Sksia A,1426,3.0,2.0,85.0,1426.0,3,5960.729312762974,8500000.0
Super built-up  Area,Ready To Move,Banashankari Stage II,2 BHK,,1700,2.0,2.0,150.0,1700.0,2,8823.529411764706,15000000.0
Plot  Area,Ready To Move,Banashankari Stage II,4 Bedroom,,1200,2.0,1.0,150.0,1200.0,4,12500.0,15000000.0
Super built-up  Area,Ready To Move,Banashankari Stage II,3 BHK,,1500,2.0,1.0,120.0,1500.0,3,8000.0,12000000.0
Plot  Area,Ready To Move,Banashankari Stage II,5 Bedroom,,2400,3.0,2.0,510.0,2400.0,5,21250.0,51000000.0
Plot  Area,Ready To Move,Banashankari Stage II,2 Bedroom,,500,2.0,1.0,55.0,500.0,2,11000.0,5500000.0
Plot  Area,Ready To Move,Banashankari Stage II,4 Bedroom,,1050,3.0,2.0,125.0,1050.0,4,11904.761904761905,12500000.0
Built-up  Area,Ready To Move,Banashankari Stage II,2 BHK,,1250,2.0,2.0,110.0,1250.0,2,8800.0,11000000.0
Super built-up  Area,Ready To Move,Banashankari Stage II,3 BHK,,1260,2.0,1.0,95.0,1260.0,3,7539.68253968254,9500000.0
Plot  Area,Ready To Move,Banashankari Stage II,3 Bedroom,,2400,2.0,2.0,300.0,2400.0,3,12500.0,30000000.0
Super built-up  Area,Ready To Move,Banashankari Stage II,2 BHK,,1400,2.0,1.0,100.0,1400.0,2,7142.857142857143,10000000.0
Super built-up  Area,Ready To Move,Banashankari Stage II,5 BHK,,2800,3.0,2.0,425.0,2800.0,5,15178.57142857143,42500000.0
Built-up  Area,Ready To Move,Banashankari Stage II,3 Bedroom,,3000,3.0,2.0,450.0,3000.0,3,15000.0,45000000.0
Built-up  Area,Ready To Move,Banashankari Stage II,3 BHK,,1200,2.0,1.0,198.0,1200.0,3,16500.0,19800000.0
Super built-up  Area,Ready To Move,Banashankari Stage II,2 BHK,,1245,2.0,1.0,125.0,1245.0,2,10040.160642570281,12500000.0
Super built-up  Area,18-Dec,Banashankari Stage III,3 BHK,,1650,3.0,2.0,118.0,1650.0,3,7151.515151515152,11800000.0
Plot  Area,Ready To Move,Banashankari Stage III,4 Bedroom,,2400,4.0,1.0,240.0,2400.0,4,10000.0,24000000.0
Built-up  Area,18-Apr,Banashankari Stage III,2 BHK,,1304,2.0,0.0,111.0,1304.0,2,8512.269938650306,11100000.0
Plot  Area,Ready To Move,Banashankari Stage III,4 Bedroom,,1200,6.0,2.0,170.0,1200.0,4,14166.666666666666,17000000.0
Plot  Area,Ready To Move,Banashankari Stage III,4 Bedroom,,1050,3.0,0.0,147.0,1050.0,4,14000.0,14700000.0
Built-up  Area,Ready To Move,Banashankari Stage III,3 Bedroom,,1000,2.0,1.0,120.0,1000.0,3,12000.0,12000000.0
Super built-up  Area,18-Apr,Banashankari Stage III,3 BHK,,1500,2.0,2.0,100.0,1500.0,3,6666.666666666667,10000000.0
Plot  Area,Ready To Move,Banashankari Stage III,9 Bedroom,,1560,9.0,,200.0,1560.0,9,12820.51282051282,20000000.0
Plot  Area,Ready To Move,Banashankari Stage III,1 Bedroom,,1350,1.0,1.0,145.0,1350.0,1,10740.74074074074,14500000.0
Built-up  Area,Ready To Move,Banashankari Stage III,4 Bedroom,,2100,3.0,1.0,147.0,2100.0,4,7000.0,14700000.0
Super built-up  Area,Ready To Move,Banashankari Stage III,3 BHK,SaideHi,1420,2.0,2.0,95.0,1420.0,3,6690.140845070423,9500000.0
Plot  Area,Ready To Move,Banashankari Stage VI,4 Bedroom,,2200,4.0,2.0,195.0,2200.0,4,8863.636363636364,19500000.0
Super built-up  Area,Ready To Move,Banaswadi,2 BHK,,1222,2.0,2.0,80.0,1222.0,2,6546.6448445171845,8000000.0
Super built-up  Area,Ready To Move,Banaswadi,1 RK,Krntsee,527,1.0,0.0,35.0,527.0,1,6641.366223908918,3500000.0
Plot  Area,Ready To Move,Banaswadi,5 Bedroom,,2250,5.0,,240.0,2250.0,5,10666.666666666666,24000000.0
Plot  Area,Ready To Move,Banjara Layout,2 Bedroom,,1200,2.0,2.0,70.0,1200.0,2,5833.333333333333,7000000.0
Built-up  Area,Ready To Move,Banjara Layout,2 Bedroom,,1050,2.0,1.0,64.8,1050.0,2,6171.428571428572,6480000.0
Plot  Area,Ready To Move,Banjara Layout,2 Bedroom,,753,3.0,3.0,59.5,753.0,2,7901.726427622842,5950000.0
Plot  Area,Ready To Move,Banjara Layout,3 Bedroom,,900,3.0,1.0,79.0,900.0,3,8777.777777777777,7900000.0
Plot  Area,Ready To Move,Banjara Layout,3 Bedroom,,2500,4.0,0.0,140.0,2500.0,3,5600.0,14000000.0
Plot  Area,18-Apr,Banjara Layout,4 Bedroom,,1200,4.0,1.0,105.0,1200.0,4,8750.0,10500000.0
Plot  Area,Ready To Move,Bank Of Baroda Colony,4 Bedroom,,2400,5.0,2.0,350.0,2400.0,4,14583.333333333334,35000000.0
Plot  Area,Ready To Move,Bank Of Baroda Colony,2 Bedroom,,1350,2.0,1.0,185.0,1350.0,2,13703.703703703704,18500000.0
Plot  Area,Ready To Move,Bank Of Baroda Colony,5 Bedroom,,2350,5.0,,325.0,2350.0,5,13829.787234042553,32500000.0
Super built-up  Area,18-Jul,Bannerghatta,4 BHK,Mamespa,3012,6.0,2.0,250.0,3012.0,4,8300.132802124834,25000000.0
Super built-up  Area,Ready To Move,Bannerghatta,3 BHK,,1665,3.0,3.0,110.0,1665.0,3,6606.606606606607,11000000.0
Super built-up  Area,18-Jul,Bannerghatta,3 BHK,Mamespa,2370,4.0,2.0,195.0,2370.0,3,8227.848101265823,19500000.0
Super built-up  Area,21-Dec,Bannerghatta,2 BHK,,1100,2.0,1.0,66.0,1100.0,2,6000.0,6600000.0
Super built-up  Area,19-Dec,Bannerghatta,2 BHK,,1113,2.0,1.0,70.0,1113.0,2,6289.308176100629,7000000.0
Super built-up  Area,Ready To Move,Bannerghatta,2 BHK,,1200,2.0,2.0,73.2,1200.0,2,6100.0,7320000.0
Super built-up  Area,Ready To Move,Bannerghatta,2 BHK,,1070,2.0,1.0,87.0,1070.0,2,8130.841121495327,8700000.0
Super built-up  Area,19-Dec,Bannerghatta,3 BHK,Mamespa,1776,3.0,2.0,124.0,1776.0,3,6981.981981981982,12400000.0
Built-up  Area,Ready To Move,Bannerghatta Road,1 BHK,,500,1.0,1.0,18.5,500.0,1,3700.0,1850000.0
Super built-up  Area,Ready To Move,Bannerghatta Road,2 BHK,NadelCi,1050,2.0,1.0,65.0,1050.0,2,6190.476190476191,6500000.0
Plot  Area,Ready To Move,Bannerghatta Road,4 Bedroom,,1200,2.0,0.0,125.0,1200.0,4,10416.666666666666,12500000.0
Super built-up  Area,Ready To Move,Bannerghatta Road,3 BHK,SNity S,1170,2.0,1.0,66.0,1170.0,3,5641.025641025641,6600000.0
Super built-up  Area,21-Feb,Bannerghatta Road,1 BHK,Hiatei ,595,1.0,1.0,33.32,595.0,1,5600.0,3332000.0
Carpet  Area,Ready To Move,Bannerghatta Road,3 BHK,,1445,3.0,2.0,95.0,1445.0,3,6574.39446366782,9500000.0
Super built-up  Area,Ready To Move,Bannerghatta Road,3 BHK,,1640,2.0,1.0,120.0,1640.0,3,7317.073170731707,12000000.0
Super built-up  Area,Ready To Move,Bannerghatta Road,3 BHK,SNity S,1460,2.0,1.0,90.0,1460.0,3,6164.3835616438355,9000000.0
Super built-up  Area,19-Feb,Bannerghatta Road,2 BHK,Hiatei ,1179,2.0,1.0,66.02,1179.0,2,5599.660729431722,6602000.0
Built-up  Area,Ready To Move,Bannerghatta Road,2 BHK,,793,2.0,1.0,45.0,793.0,2,5674.653215636822,4500000.0
Super built-up  Area,Ready To Move,Bannerghatta Road,2 BHK,SNity S,1400,2.0,2.0,78.0,1400.0,2,5571.428571428572,7800000.0
Super built-up  Area,Ready To Move,Bannerghatta Road,3 BHK,PrliaRe,1654,3.0,2.0,100.0,1654.0,3,6045.949214026602,10000000.0
Super built-up  Area,Ready To Move,Bannerghatta Road,2 BHK,Hiate F,1200,2.0,2.0,75.0,1200.0,2,6250.0,7500000.0
Super built-up  Area,19-Dec,Bannerghatta Road,1 BHK,Hiatei ,595,1.0,1.0,31.83,595.0,1,5349.579831932773,3183000.0
Super built-up  Area,Ready To Move,Bannerghatta Road,3 BHK,SNity S,1550,3.0,2.0,82.0,1550.0,3,5290.322580645161,8200000.0
Super built-up  Area,Ready To Move,Bannerghatta Road,3 BHK,Esave E,1650,3.0,,122.0,1650.0,3,7393.939393939394,12200000.0
Built-up  Area,Ready To Move,Bannerghatta Road,2 BHK,Haaceal,912,2.0,1.0,55.0,912.0,2,6030.701754385965,5500000.0
Super built-up  Area,Ready To Move,Bannerghatta Road,2 BHK,,1218,2.0,1.0,73.0,1218.0,2,5993.431855500821,7300000.0
Super built-up  Area,22-Dec,Bannerghatta Road,2 BHK,PrarePa,1115,2.0,1.0,65.12,1115.0,2,5840.358744394619,6512000.0
Super built-up  Area,Ready To Move,Bannerghatta Road,3 BHK,,1893,3.0,2.0,100.0,1893.0,3,5282.620179609086,10000000.0
Built-up  Area,Ready To Move,Bannerghatta Road,3 BHK,SNity S,1600,3.0,2.0,95.0,1600.0,3,5937.5,9500000.0
Super built-up  Area,Ready To Move,Bannerghatta Road,2 BHK,SNity S,1260,2.0,2.0,70.0,1260.0,2,5555.555555555556,7000000.0
Built-up  Area,Ready To Move,Bannerghatta Road,2 BHK,,1150,2.0,2.0,65.0,1150.0,2,5652.173913043478,6500000.0
Super built-up  Area,Ready To Move,Bannerghatta Road,3 BHK,Hiate F,1725,3.0,,110.0,1725.0,3,6376.811594202899,11000000.0
Built-up  Area,Ready To Move,Bannerghatta Road,2 BHK,PrliaRe,1220,2.0,1.0,80.0,1220.0,2,6557.377049180328,8000000.0
Super built-up  Area,Ready To Move,Bannerghatta Road,2 BHK,PrarePa,1130,2.0,2.0,78.0,1130.0,2,6902.654867256637,7800000.0
Super built-up  Area,19-Jan,Bannerghatta Road,3 BHK,Hiatei ,1486,3.0,1.0,83.22,1486.0,3,5600.269179004038,8322000.0
Super built-up  Area,Ready To Move,Bannerghatta Road,3 BHK,SNity S,1460,2.0,2.0,75.0,1460.0,3,5136.986301369863,7500000.0
Super built-up  Area,Ready To Move,Bannerghatta Road,4 BHK,,2700,4.0,3.0,260.0,2700.0,4,9629.62962962963,26000000.0
Super built-up  Area,Ready To Move,Bannerghatta Road,3 BHK,SNity S,1200,2.0,2.0,69.0,1200.0,3,5750.0,6900000.0
Super built-up  Area,Ready To Move,Bannerghatta Road,3 BHK,SNity S,1465,2.0,1.0,76.0,1465.0,3,5187.713310580205,7600000.0
Super built-up  Area,18-Feb,Bannerghatta Road,3 BHK,Baanise,1476,3.0,1.0,125.0,1476.0,3,8468.834688346884,12500000.0
Plot  Area,Ready To Move,Bannerghatta Road,6 Bedroom,,1200,6.0,3.0,160.0,1200.0,6,13333.333333333334,16000000.0
Super built-up  Area,22-Dec,Bannerghatta Road,3 BHK,PrarePa,1365 - 1700,3.0,0.0,84.29,1532.5,3,5500.163132137031,8429000.0
Super built-up  Area,Ready To Move,Bannerghatta Road,3 BHK,SNity S,1450,2.0,2.0,87.0,1450.0,3,6000.0,8700000.0
Super built-up  Area,Ready To Move,Bannerghatta Road,4 BHK,Kobhiil,2932,5.0,,195.0,2932.0,4,6650.75034106412,19500000.0
Super built-up  Area,Ready To Move,Bannerghatta Road,2 BHK,SNity S,960,2.0,3.0,58.0,960.0,2,6041.666666666667,5800000.0
Super built-up  Area,Ready To Move,Bannerghatta Road,3 BHK,Hiate F,1750,3.0,,130.0,1750.0,3,7428.571428571428,13000000.0
Super built-up  Area,Ready To Move,Bannerghatta Road,2 BHK,SNity S,1275,2.0,1.0,73.0,1275.0,2,5725.490196078431,7300000.0
Super built-up  Area,Ready To Move,Bannerghatta Road,2 BHK,,1240,2.0,1.0,71.0,1240.0,2,5725.806451612903,7100000.0
Super built-up  Area,Ready To Move,Bannerghatta Road,2 BHK,SNity S,1215,2.0,1.0,68.0,1215.0,2,5596.707818930041,6800000.0
Super built-up  Area,Ready To Move,Bannerghatta Road,2 BHK,SNity S,1215,2.0,1.0,68.0,1215.0,2,5596.707818930041,6800000.0
Super built-up  Area,19-Jun,Bannerghatta Road,3 BHK,Saenett,1894,3.0,1.0,115.0,1894.0,3,6071.805702217529,11500000.0
Super built-up  Area,21-Dec,Bannerghatta Road,3 BHK,Hiatei ,1693,3.0,2.0,89.0,1693.0,3,5256.940342587123,8900000.0
Super built-up  Area,Ready To Move,Bannerghatta Road,1 BHK,,630,1.0,2.0,35.0,630.0,1,5555.555555555556,3500000.0
Super built-up  Area,Ready To Move,Bannerghatta Road,2 BHK,SNity S,1215,2.0,1.0,68.0,1215.0,2,5596.707818930041,6800000.0
Super built-up  Area,22-Dec,Bannerghatta Road,3 BHK,PrarePa,1365,3.0,1.0,76.18,1365.0,3,5580.952380952382,7618000.000000001
Super built-up  Area,Ready To Move,Bannerghatta Road,2 BHK,PrarePa,1115,2.0,2.0,78.0,1115.0,2,6995.5156950672645,7800000.0
Super built-up  Area,22-Dec,Bannerghatta Road,3 BHK,PrarePa,1365 - 1700,3.0,0.0,79.465,1532.5,3,5185.318107667211,7946500.0
Built-up  Area,18-Mar,Bannerghatta Road,3 BHK,SNity S,1655,3.0,3.0,90.0,1655.0,3,5438.0664652567975,9000000.0
Super built-up  Area,Ready To Move,Bannerghatta Road,3 BHK,,1650,3.0,1.0,94.0,1650.0,3,5696.969696969697,9400000.0
Super built-up  Area,Ready To Move,Bannerghatta Road,2 BHK,SNity S,905,2.0,1.0,65.0,905.0,2,7182.32044198895,6500000.0
Super built-up  Area,Ready To Move,Bannerghatta Road,3 BHK,SNity S,1460,2.0,2.0,80.0,1460.0,3,5479.45205479452,8000000.0
Super built-up  Area,Ready To Move,Bannerghatta Road,2 BHK,Esave E,1340,2.0,3.0,85.0,1340.0,2,6343.2835820895525,8500000.0
Super built-up  Area,Ready To Move,Bannerghatta Road,3 BHK,,1711,3.0,2.0,125.0,1711.0,3,7305.669199298656,12500000.0
Super built-up  Area,Ready To Move,Bannerghatta Road,3 BHK,SNity S,1520,2.0,3.0,81.0,1520.0,3,5328.9473684210525,8100000.0
Built-up  Area,18-Mar,Bannerghatta Road,3 Bedroom,,2826,3.0,1.0,148.0,2826.0,3,5237.0842179759375,14800000.0
Super built-up  Area,19-Jul,Bannerghatta Road,3 BHK,Uncioe ,1640,3.0,2.0,105.0,1640.0,3,6402.4390243902435,10500000.0
Super built-up  Area,Ready To Move,Bannerghatta Road,3 BHK,,1527,3.0,2.0,115.0,1527.0,3,7531.106745252128,11500000.0
Super built-up  Area,Ready To Move,Bannerghatta Road,3 BHK,SNity S,1880,3.0,2.0,96.5,1880.0,3,5132.978723404255,9650000.0
Super built-up  Area,Ready To Move,Bannerghatta Road,3 BHK,SNity S,1550,3.0,2.0,96.0,1550.0,3,6193.548387096775,9600000.0
Super built-up  Area,22-Jan,Bannerghatta Road,2 BHK,PrarePa,1200,2.0,2.0,78.0,1200.0,2,6500.0,7800000.0
Super built-up  Area,18-Mar,Bannerghatta Road,3 BHK,,1885,3.0,1.0,125.0,1885.0,3,6631.29973474801,12500000.0
Super built-up  Area,Ready To Move,Bannerghatta Road,3 BHK,SNity S,1450,2.0,2.0,78.0,1450.0,3,5379.310344827586,7800000.0
Super built-up  Area,Ready To Move,Bannerghatta Road,1 BHK,Baanise,700,1.0,1.0,31.2,700.0,1,4457.142857142857,3120000.0
Super built-up  Area,Ready To Move,Bannerghatta Road,2 BHK,SNity S,905,2.0,1.0,58.0,905.0,2,6408.839779005525,5800000.0
Super built-up  Area,Ready To Move,Bannerghatta Road,3 BHK,SNity S,1920,3.0,3.0,122.0,1920.0,3,6354.166666666667,12200000.0
Built-up  Area,Ready To Move,Bannerghatta Road,4 Bedroom,,2400,4.0,1.0,180.0,2400.0,4,7500.0,18000000.0
Plot  Area,19-Dec,Bannerghatta Road,4 Bedroom,Putere ,4723,4.0,3.0,500.0,4723.0,4,10586.491636671608,50000000.0
Super built-up  Area,Ready To Move,Bannerghatta Road,3 BHK,SNity S,1520,2.0,3.0,80.0,1520.0,3,5263.1578947368425,8000000.0
Built-up  Area,Ready To Move,Bannerghatta Road,3 BHK,SNity S,1270,2.0,1.0,73.0,1270.0,3,5748.031496062992,7300000.0
Super built-up  Area,Ready To Move,Bannerghatta Road,3 BHK,Esave E,1846,3.0,2.0,120.0,1846.0,3,6500.541711809317,12000000.0
Super built-up  Area,Ready To Move,Bannerghatta Road,3 BHK,SNity S,1655,3.0,3.0,95.0,1655.0,3,5740.181268882176,9500000.0
Super built-up  Area,Ready To Move,Bannerghatta Road,3 BHK,SNity S,1510,2.0,3.0,110.0,1510.0,3,7284.76821192053,11000000.0
Carpet  Area,Ready To Move,Bannerghatta Road,3 BHK,Vemit S,1470,2.0,1.0,85.0,1470.0,3,5782.312925170068,8500000.0
Super built-up  Area,Ready To Move,Bannerghatta Road,2 BHK,SNity S,970,2.0,1.0,57.0,970.0,2,5876.288659793814,5700000.0
Built-up  Area,Ready To Move,Bannerghatta Road,3 BHK,Baanise,1527,3.0,1.0,142.0,1527.0,3,9299.279633267846,14200000.0
Built-up  Area,Ready To Move,Basavanagara,1 BHK,,1000Sq. Meter,2.0,1.0,93.0,1000.0,1,9300.0,9300000.0
Built-up  Area,Ready To Move,Basavanapura,2 BHK,Papusa ,1220,2.0,2.0,68.0,1220.0,2,5573.770491803279,6800000.0
Built-up  Area,Ready To Move,Basavanapura,2 Bedroom,,1200,3.0,0.0,85.0,1200.0,2,7083.333333333333,8500000.0
Super built-up  Area,Ready To Move,Basavanapura,2 BHK,Papusa ,1165,2.0,1.0,65.0,1165.0,2,5579.399141630901,6500000.0
Plot  Area,Ready To Move,Basavangudi,4 Bedroom,,1125,4.0,3.0,180.0,1125.0,4,16000.0,18000000.0
Super built-up  Area,Ready To Move,Basavangudi,3 BHK,,2200,2.0,1.0,162.0,2200.0,3,7363.636363636364,16200000.0
Super built-up  Area,18-Apr,Basavangudi,3 BHK,,2337,4.0,3.0,292.0,2337.0,3,12494.651262302097,29200000.0
Super built-up  Area,Ready To Move,Basavangudi,3 BHK,,2350,3.0,3.0,300.0,2350.0,3,12765.95744680851,30000000.0
Built-up  Area,18-Apr,Basavangudi,3 BHK,,1500,2.0,1.0,143.0,1500.0,3,9533.333333333334,14300000.0
Super built-up  Area,Ready To Move,Basavangudi,3 BHK,KuisePa,1850,3.0,1.0,168.0,1850.0,3,9081.081081081082,16800000.0
Built-up  Area,Ready To Move,Basavangudi,1 Bedroom,,600,1.0,0.0,97.5,600.0,1,16250.0,9750000.0
Super built-up  Area,Ready To Move,Basavangudi,3 BHK,Brsic C,2150,3.0,2.0,265.0,2150.0,3,12325.581395348838,26500000.0
Super built-up  Area,Ready To Move,Basavangudi,2 BHK,Tinori ,1036,2.0,2.0,105.0,1036.0,2,10135.135135135135,10500000.0
Super built-up  Area,Ready To Move,Basavangudi,4 BHK,,2600,4.0,3.0,260.0,2600.0,4,10000.0,26000000.0
Super built-up  Area,Ready To Move,Basavangudi,3 BHK,Shntsad,2300,3.0,,317.0,2300.0,3,13782.608695652174,31700000.0
Super built-up  Area,Ready To Move,Basavangudi,3 BHK,Swers T,1600,2.0,2.0,160.0,1600.0,3,10000.0,16000000.0
Built-up  Area,Ready To Move,Basavangudi,2 BHK,Asncyes,1560,2.0,2.0,145.0,1560.0,2,9294.871794871795,14500000.0
Super built-up  Area,Ready To Move,Basavangudi,3 BHK,,1825,3.0,,175.0,1825.0,3,9589.04109589041,17500000.0
Super built-up  Area,Ready To Move,Basavangudi,3 BHK,Soarkig,1800,3.0,2.0,195.0,1800.0,3,10833.333333333334,19500000.0
Super built-up  Area,Ready To Move,Basavangudi,2 BHK,,1100,2.0,3.0,93.0,1100.0,2,8454.545454545454,9300000.0
Super built-up  Area,Ready To Move,Basavangudi,1 RK,,670,1.0,1.0,50.0,670.0,1,7462.686567164179,5000000.0
Super built-up  Area,Ready To Move,Basavangudi,3 BHK,,1542.14,3.0,3.0,120.0,1542.14,3,7781.394685307429,12000000.0
Built-up  Area,Ready To Move,Basavangudi,2 BHK,,1050,2.0,1.0,103.0,1050.0,2,9809.52380952381,10300000.0
Super built-up  Area,Ready To Move,Basavangudi,3 BHK,,1350,2.0,2.0,130.0,1350.0,3,9629.62962962963,13000000.0
Built-up  Area,Ready To Move,Basavangudi,3 BHK,,1485,3.0,1.0,140.0,1485.0,3,9427.609427609428,14000000.0
Super built-up  Area,18-Apr,Basavangudi,2 BHK,,1180,2.0,3.0,124.0,1180.0,2,10508.474576271186,12400000.0
Built-up  Area,Ready To Move,Basavangudi,3 BHK,V2lasna,1600,3.0,3.0,130.0,1600.0,3,8125.0,13000000.0
Super built-up  Area,Ready To Move,Basavangudi,2 BHK,,1200,2.0,3.0,120.0,1200.0,2,10000.0,12000000.0
Super built-up  Area,Ready To Move,Basavangudi,3 BHK,,1850,3.0,2.0,150.0,1850.0,3,8108.108108108108,15000000.0
Carpet  Area,Ready To Move,Basavangudi,2 BHK,,1230,2.0,0.0,80.0,1230.0,2,6504.065040650406,8000000.0
Super built-up  Area,Ready To Move,Basavangudi,3 BHK,,2350,3.0,3.0,300.0,2350.0,3,12765.95744680851,30000000.0
Super built-up  Area,Ready To Move,Basavangudi,4 BHK,Bousey ,2453,3.0,2.0,250.0,2453.0,4,10191.602119853242,25000000.0
Super built-up  Area,19-Feb,Basavangudi,3 BHK,,1650,3.0,3.0,125.0,1650.0,3,7575.757575757576,12500000.0
Built-up  Area,Ready To Move,Basavanna Nagar,3 BHK,Itala A,1645,3.0,2.0,95.0,1645.0,3,5775.075987841945,9500000.0
Super built-up  Area,Ready To Move,Basavanna Nagar,3 BHK,Itala A,1645,3.0,2.0,95.0,1645.0,3,5775.075987841945,9500000.0
Plot  Area,Ready To Move,Basaveshwara Nagar,5 Bedroom,,4500,5.0,1.0,415.0,4500.0,5,9222.222222222223,41500000.0
Built-up  Area,Ready To Move,Basaveshwara Nagar,3 BHK,Suncy R,1865,3.0,3.0,145.0,1865.0,3,7774.798927613941,14500000.0
Plot  Area,Ready To Move,Basaveshwara Nagar,7 Bedroom,,2460,7.0,1.0,350.0,2460.0,7,14227.642276422765,35000000.0
Super built-up  Area,Ready To Move,Basaveshwara Nagar,2 BHK,Niine J,1200,2.0,0.0,90.0,1200.0,2,7500.0,9000000.0
Plot  Area,Ready To Move,Basaveshwara Nagar,6 Bedroom,,800,6.0,2.0,110.0,800.0,6,13750.0,11000000.0
Plot  Area,Ready To Move,Basaveshwara Nagar,5 Bedroom,,2400,4.0,1.0,310.0,2400.0,5,12916.666666666666,31000000.0
Plot  Area,Ready To Move,Basaveshwara Nagar,5 Bedroom,,2520,4.0,1.0,378.0,2520.0,5,15000.0,37800000.0
Super built-up  Area,Ready To Move,Basaveshwara Nagar,3 BHK,Suncy R,1900,3.0,3.0,150.0,1900.0,3,7894.736842105263,15000000.0
Built-up  Area,Ready To Move,Basaveshwara Nagar,2 BHK,,1200,2.0,2.0,85.0,1200.0,2,7083.333333333333,8500000.0
Plot  Area,Ready To Move,Basaveshwara Nagar,5 Bedroom,,1200,3.0,1.0,180.0,1200.0,5,15000.0,18000000.0
Plot  Area,Ready To Move,Basaveshwara Nagar,2 Bedroom,,1200,1.0,1.0,180.0,1200.0,2,15000.0,18000000.0
Built-up  Area,Ready To Move,Basaveshwara Nagar,3 Bedroom,,1200,3.0,0.0,190.0,1200.0,3,15833.333333333334,19000000.0
Super built-up  Area,Ready To Move,Basaveshwara Nagar Yelahanka,1 BHK,,581.91,2.0,1.0,25.0,581.91,1,4296.197006409926,2500000.0
Plot  Area,Ready To Move,Basaveshwara Nagar Yelahanka,5 Bedroom,,800,5.0,2.0,98.0,800.0,5,12250.0,9800000.0
Plot  Area,19-Jan,Basaveshwara Nagar Yelahanka,3 Bedroom,,3210,4.0,2.0,380.0,3210.0,3,11838.006230529594,38000000.0
Super built-up  Area,Ready To Move,Battarahalli,3 BHK,PaontWa,1777,3.0,2.0,100.0,1777.0,3,5627.462014631401,10000000.0
Super built-up  Area,Ready To Move,Battarahalli,2 BHK,SraveHi,1071,2.0,1.0,62.0,1071.0,2,5788.9822595704945,6200000.0
Super built-up  Area,17-Aug,Battarahalli,2 BHK,PaontWa,1590,2.0,2.0,102.0,1590.0,2,6415.094339622641,10200000.0
Built-up  Area,Ready To Move,Begur,3 Bedroom,Duity C,3500,4.0,2.0,185.0,3500.0,3,5285.714285714285,18500000.0
Super built-up  Area,20-Aug,Begur Road,2 BHK,Pruthg ,1358,2.0,1.0,80.58,1358.0,2,5933.726067746687,8058000.0
Super built-up  Area,20-Dec,Begur Road,1 BHK,Pruthg ,644,1.0,1.0,32.0,644.0,1,4968.944099378882,3200000.0
Super built-up  Area,20-Aug,Begur Road,3 BHK,Pruthg ,1583,3.0,1.0,95.23,1583.0,3,6015.792798483892,9523000.0
Super built-up  Area,Ready To Move,Bellandur,3 BHK,,1767,3.0,1.0,103.0,1767.0,3,5829.088851160159,10300000.0
Super built-up  Area,Ready To Move,Bellandur,2 BHK,Ocavees,1250,2.0,1.0,76.0,1250.0,2,6080.0,7600000.0
Super built-up  Area,Ready To Move,Bellandur,2 BHK,,1281,2.0,1.0,74.0,1281.0,2,5776.736924277908,7400000.0
Super built-up  Area,Ready To Move,Bellandur,3 BHK,AkonyHa,1490,2.0,2.0,98.0,1490.0,3,6577.181208053691,9800000.0
Super built-up  Area,Ready To Move,Bellandur,3 BHK,SoderLa,2039,3.0,2.0,168.0,2039.0,3,8239.333006375675,16800000.0
Super built-up  Area,Ready To Move,Bellandur,3 BHK,,1605,3.0,2.0,85.0,1605.0,3,5295.95015576324,8500000.0
Super built-up  Area,Ready To Move,Bellandur,3 BHK,Maonsrn,1692,3.0,2.0,88.0,1692.0,3,5200.945626477542,8800000.0
Super built-up  Area,Ready To Move,Bellandur,2 BHK,OriewLa,1299,2.0,2.0,82.0,1299.0,2,6312.548113933795,8200000.0
Super built-up  Area,Ready To Move,Bellandur,2 BHK,Trows M,900,2.0,2.0,56.0,900.0,2,6222.222222222223,5600000.0
Built-up  Area,Ready To Move,Bellandur,2 BHK,,1350,2.0,1.0,79.0,1350.0,2,5851.851851851852,7900000.0
Super built-up  Area,Ready To Move,Bellandur,4 BHK,Sonyxa ,3016,4.0,3.0,230.0,3016.0,4,7625.994694960213,23000000.0
Super built-up  Area,Ready To Move,Bellandur,2 BHK,Amivace,1457,2.0,2.0,85.0,1457.0,2,5833.905284831846,8500000.0
Super built-up  Area,Ready To Move,Bellandur,2 BHK,Kritel ,1050,2.0,2.0,72.0,1050.0,2,6857.142857142857,7200000.0
Built-up  Area,Ready To Move,Bellandur,4 Bedroom,Vaodssh,3600,4.0,0.0,260.0,3600.0,4,7222.222222222223,26000000.0
Super built-up  Area,Ready To Move,Bellandur,3 BHK,Krala D,1785,3.0,3.0,118.0,1785.0,3,6610.644257703081,11800000.0
Super built-up  Area,Ready To Move,Bellandur,2 BHK,Soodsa ,1051,2.0,2.0,60.0,1051.0,2,5708.848715509039,6000000.0
Super built-up  Area,Ready To Move,Bellandur,2 BHK,,1060,2.0,1.0,65.0,1060.0,2,6132.075471698113,6500000.0
Super built-up  Area,17-Jun,Bellandur,2 BHK,,1100,2.0,3.0,62.0,1100.0,2,5636.363636363636,6200000.0
Super built-up  Area,18-Mar,Bellandur,3 BHK,NiCodCa,1685,3.0,3.0,100.0,1685.0,3,5934.718100890208,10000000.0
Super built-up  Area,Ready To Move,Bellandur,2 BHK,Sronda ,982,2.0,2.0,55.0,982.0,2,5600.814663951121,5500000.0
Super built-up  Area,Ready To Move,Bellandur,2 BHK,OriewLa,1281,2.0,2.0,87.0,1281.0,2,6791.569086651054,8700000.0
Built-up  Area,Ready To Move,Bellandur,3 BHK,Krala D,1785,3.0,2.0,120.0,1785.0,3,6722.689075630252,12000000.0
Super built-up  Area,Ready To Move,Bellandur,2 BHK,Trows M,1310,2.0,2.0,85.0,1310.0,2,6488.5496183206105,8500000.0
Built-up  Area,Ready To Move,Bellandur,2 BHK,Ocavees,1465,3.0,3.0,90.0,1465.0,2,6143.344709897611,9000000.0
Super built-up  Area,Ready To Move,Bellandur,3 BHK,OriewLa,1767,3.0,2.0,109.0,1767.0,3,6168.647425014148,10900000.0
Super built-up  Area,Ready To Move,Bellandur,3 BHK,,2666,3.0,1.0,230.0,2666.0,3,8627.156789197299,23000000.0
Built-up  Area,Ready To Move,Bellandur,4 Bedroom,Vaodssh,3600,4.0,,245.0,3600.0,4,6805.555555555556,24500000.0
Super built-up  Area,Ready To Move,Bellandur,2 BHK,Srdids ,1150,2.0,1.0,69.44,1150.0,2,6038.260869565217,6944000.0
Super built-up  Area,Ready To Move,Bellandur,2 BHK,Krala D,1410,3.0,2.0,92.0,1410.0,2,6524.822695035461,9200000.0
Super built-up  Area,Ready To Move,Bellandur,2 BHK,Goner C,1015,2.0,1.0,60.0,1015.0,2,5911.330049261083,6000000.0
Super built-up  Area,18-Jan,Bellandur,3 BHK,NiCodCa,1685,3.0,3.0,101.0,1685.0,3,5994.06528189911,10100000.0
Built-up  Area,Ready To Move,Bellandur,3 BHK,,1735,3.0,3.0,105.0,1735.0,3,6051.873198847262,10500000.0
Built-up  Area,18-Jul,Bellandur,3 BHK,NiCodCa,1685,3.0,3.0,115.0,1685.0,3,6824.925816023739,11500000.0
Super built-up  Area,Ready To Move,Bellandur,3 BHK,,1846,3.0,2.0,135.0,1846.0,3,7313.109425785482,13500000.0
Super built-up  Area,Ready To Move,Bellandur,3 BHK,,1717,3.0,2.0,110.0,1717.0,3,6406.523005241701,11000000.0
Super built-up  Area,Ready To Move,Bellandur,3 BHK,Krala D,1690,2.0,2.0,116.0,1690.0,3,6863.905325443787,11600000.0
Super built-up  Area,Ready To Move,Bellandur,1 BHK,Trows M,950,1.0,1.0,40.0,950.0,1,4210.526315789473,4000000.0
Super built-up  Area,19-Jul,Bellandur,2 BHK,Thesseg,1454,2.0,1.0,90.0,1454.0,2,6189.821182943604,9000000.0
Super built-up  Area,Ready To Move,Bellandur,3 BHK,AkonyHa,1435,2.0,2.0,115.0,1435.0,3,8013.937282229966,11500000.0
Super built-up  Area,18-Aug,Bellandur,2 BHK,NiCodCa,1260,2.0,2.0,83.5,1260.0,2,6626.984126984127,8350000.0
Super built-up  Area,Ready To Move,Bellandur,3 BHK,Srure S,1535,3.0,,90.0,1535.0,3,5863.192182410424,9000000.0
Super built-up  Area,Ready To Move,Bellandur,2 BHK,Goner C,1047,2.0,1.0,75.0,1047.0,2,7163.323782234957,7500000.0
Plot  Area,Ready To Move,Bendiganahalli,3 Bedroom,Brersld,1200,3.0,0.0,95.0,1200.0,3,7916.666666666667,9500000.0
Super built-up  Area,Ready To Move,Benson Town,3 BHK,,3200,4.0,,350.0,3200.0,3,10937.5,35000000.0
Super built-up  Area,Ready To Move,Benson Town,4 BHK,,4460,5.0,,650.0,4460.0,4,14573.991031390135,65000000.0
Super built-up  Area,Ready To Move,Benson Town,3 BHK,Gopus O,2850,4.0,3.0,470.0,2850.0,3,16491.22807017544,47000000.0
Super built-up  Area,Ready To Move,Benson Town,2 BHK,,1300,2.0,1.0,120.0,1300.0,2,9230.76923076923,12000000.0
Built-up  Area,Ready To Move,Benson Town,2 BHK,Gohts H,1567,3.0,0.0,140.0,1567.0,2,8934.269304403319,14000000.0
Super built-up  Area,Ready To Move,Benson Town,4 BHK,Saentva,3633,6.0,2.0,550.0,3633.0,4,15139.003578309937,55000000.0
Plot  Area,Ready To Move,Benson Town,2 Bedroom,,1688.12,2.0,1.0,270.0,1688.12,2,15994.123640499492,27000000.0
Built-up  Area,Ready To Move,Benson Town,3 BHK,,1805,3.0,2.0,280.0,1805.0,3,15512.465373961219,28000000.0
Plot  Area,Ready To Move,Benson Town,2 Bedroom,,1688,2.0,0.0,280.0,1688.0,2,16587.677725118483,28000000.0
Super built-up  Area,Ready To Move,Bethel Nagar,1 BHK,,560,1.0,0.0,19.0,560.0,1,3392.8571428571427,1900000.0
Built-up  Area,18-Mar,Bettahalsoor,4 Bedroom,Toainnt,3090 - 5002,4.0,0.0,445.0,4046.0,4,10998.517053880376,44500000.0
Built-up  Area,18-Mar,Bettahalsoor,5 Bedroom,Toainnt,3210,2.0,,353.0,3210.0,5,10996.884735202491,35300000.0
Super built-up  Area,Ready To Move,Bhagyalakshmi Avenue,1 BHK,Prineth,540,1.0,1.0,22.5,540.0,1,4166.666666666667,2250000.0
Super built-up  Area,18-Mar,Bhoganhalli,3 BHK,Rosha I,1670,3.0,1.0,99.0,1670.0,3,5928.143712574851,9900000.0
Super built-up  Area,18-Jul,Bhoganhalli,3 BHK,Rosha I,1718,3.0,2.0,90.2,1718.0,3,5250.291036088475,9020000.0
Built-up  Area,Ready To Move,Bhoganhalli,3 BHK,Prsun S,1700,3.0,2.0,126.0,1700.0,3,7411.764705882353,12600000.0
Super built-up  Area,18-Jul,Bhoganhalli,3 BHK,Rosha I,1610,3.0,1.0,84.53,1610.0,3,5250.310559006211,8453000.0
Super built-up  Area,Ready To Move,Bhoganhalli,3 BHK,Pride S,1760,3.0,2.0,127.0,1760.0,3,7215.909090909091,12700000.0
Super built-up  Area,Ready To Move,Bhoganhalli,3 BHK,Prsun S,1949,3.0,2.0,129.0,1949.0,3,6618.778860954336,12900000.0
Super built-up  Area,Ready To Move,Bhoganhalli,3 BHK,Pride S,1760,3.0,2.0,128.0,1760.0,3,7272.727272727273,12800000.0
Super built-up  Area,Ready To Move,Bhoganhalli,4 BHK,Pride S,2439,4.0,3.0,185.0,2439.0,4,7585.075850758508,18500000.0
Super built-up  Area,18-Apr,Bhoganhalli,3 BHK,Rosha I,1458,3.0,1.0,78.45,1458.0,3,5380.658436213992,7845000.0
Built-up  Area,Ready To Move,Bhoganhalli,4 BHK,Pride S,2439,5.0,2.0,170.0,2439.0,4,6970.069700697007,17000000.0
Super built-up  Area,18-Sep,Bhoganhalli,2 BHK,Rosha I,1205,2.0,1.0,68.32,1205.0,2,5669.709543568464,6831999.999999999
Super built-up  Area,Ready To Move,Bhoganhalli,2 BHK,Srhemay,1260,2.0,1.0,69.9,1260.0,2,5547.619047619049,6990000.000000001
Super built-up  Area,Ready To Move,Bhoganhalli,4 BHK,Pride S,2439,4.0,3.0,170.0,2439.0,4,6970.069700697007,17000000.0
Super built-up  Area,Ready To Move,Bhoganhalli,3 BHK,Prsun S,1707,3.0,2.0,115.0,1707.0,3,6736.965436438196,11500000.0
Super built-up  Area,18-Jul,Bhoganhalli,3 BHK,Rosha I,1610,3.0,2.0,84.53,1610.0,3,5250.310559006211,8453000.0
Super built-up  Area,18-Apr,Bhoganhalli,3 BHK,Rosha I,1718,3.0,2.0,90.2,1718.0,3,5250.291036088475,9020000.0
Super built-up  Area,18-May,Bhoganhalli,2 BHK,Rosha I,1277,2.0,1.0,79.89,1277.0,2,6256.068911511355,7989000.0
Super built-up  Area,Ready To Move,Bhoganhalli,3 BHK,Prsun S,1703,3.0,2.0,120.0,1703.0,3,7046.388725778039,12000000.0
Super built-up  Area,Ready To Move,Bhoopsandra,3 BHK,E onsg ,2150,3.0,0.0,170.0,2150.0,3,7906.976744186047,17000000.0
Super built-up  Area,Ready To Move,Bhuvaneshwari Nagar,2 BHK,,1000,2.0,2.0,60.0,1000.0,2,6000.0,6000000.0
Built-up  Area,Ready To Move,Bhuvaneswari Nagar,4 Bedroom,,2400,3.0,0.0,185.0,2400.0,4,7708.333333333333,18500000.0
Plot  Area,Ready To Move,Bidadi,2 Bedroom,,1600,2.0,2.0,110.0,1600.0,2,6875.0,11000000.0
Plot  Area,Ready To Move,Billamaranahalli,2 Bedroom,AWharan,300Sq. Yards,2.0,2.0,150.0,300.0,2,50000.0,15000000.0
Super built-up  Area,Ready To Move,Billekahalli,3 BHK,MaionPa,1935,3.0,2.0,110.0,1935.0,3,5684.754521963824,11000000.0
Built-up  Area,Ready To Move,Billekahalli,3 BHK,,1650,3.0,2.0,88.0,1650.0,3,5333.333333333333,8800000.0
Super built-up  Area,Ready To Move,Billekahalli,2 BHK,Diisein,1112,2.0,2.0,62.0,1112.0,2,5575.5395683453235,6200000.0
Built-up  Area,Ready To Move,Billekahalli,3 Bedroom,,2400,3.0,1.0,150.0,2400.0,3,6250.0,15000000.0
Super built-up  Area,Ready To Move,Billekahalli,3 BHK,PuhtsHe,2968,3.0,,225.0,2968.0,3,7580.8625336927225,22500000.0
Super built-up  Area,Ready To Move,Billekahalli,2 BHK,Raony C,950,2.0,1.0,58.11,950.0,2,6116.8421052631575,5811000.0
Super built-up  Area,Ready To Move,Billekahalli,2 BHK,Epwnee ,1360,2.0,3.0,110.0,1360.0,2,8088.235294117647,11000000.0
Super built-up  Area,Ready To Move,Billekahalli,2 BHK,Asity S,1125,2.0,1.0,65.0,1125.0,2,5777.777777777777,6500000.0
Super built-up  Area,Ready To Move,Billekahalli,2 BHK,Raony C,950,2.0,2.0,56.0,950.0,2,5894.736842105263,5600000.0
Built-up  Area,Ready To Move,Billekahalli,3 BHK,,1805,3.0,3.0,134.0,1805.0,3,7423.822714681441,13400000.0
Super built-up  Area,19-Dec,Binny Pete,3 BHK,She 2rk,1755,3.0,1.0,122.0,1755.0,3,6951.5669515669515,12200000.0
Super built-up  Area,19-Dec,Binny Pete,1 BHK,Shestlo,665,1.0,0.0,50.75,665.0,1,7631.578947368421,5075000.0
Super built-up  Area,19-Dec,Binny Pete,3 BHK,She 2rk,2465,5.0,2.0,234.0,2465.0,3,9492.90060851927,23400000.0
Super built-up  Area,19-Dec,Binny Pete,4 BHK,Shestlo,2695 - 2940,2.0,,204.0,2817.5,4,7240.461401952085,20400000.0
Super built-up  Area,19-Dec,Binny Pete,2 BHK,Shestlo,1245,2.0,1.0,86.28,1245.0,2,6930.120481927711,8628000.0
Super built-up  Area,19-Dec,Binny Pete,1 BHK,She 2rk,660,1.0,1.0,54.0,660.0,1,8181.818181818182,5400000.0
Super built-up  Area,19-Dec,Binny Pete,1 BHK,She 2rk,665,1.0,1.0,46.08,665.0,1,6929.3233082706765,4608000.0
Super built-up  Area,19-Dec,Binny Pete,1 BHK,She 2rk,660,1.0,1.0,62.0,660.0,1,9393.939393939394,6200000.0
Super built-up  Area,19-Dec,Binny Pete,2 BHK,She 2rk,1365,2.0,1.0,122.0,1365.0,2,8937.728937728938,12200000.0
Super built-up  Area,19-Dec,Binny Pete,4 BHK,She 2rk,2940,6.0,2.0,280.0,2940.0,4,9523.809523809523,28000000.0
Super built-up  Area,19-Dec,Binny Pete,3 BHK,She 2rk,1795,3.0,2.0,139.0,1795.0,3,7743.732590529248,13900000.0
Super built-up  Area,20-Jan,Binny Pete,3 BHK,She 2rk,1740,3.0,1.0,150.0,1740.0,3,8620.689655172413,15000000.0
Super built-up  Area,18-Apr,Binny Pete,3 BHK,,1970,3.0,2.0,164.0,1970.0,3,8324.873096446701,16400000.0
Super built-up  Area,18-May,Binny Pete,3 BHK,Shestlo,1516,3.0,1.0,147.0,1516.0,3,9696.569920844327,14700000.0
Super built-up  Area,Ready To Move,Bommanahalli,3 BHK,SNeur G,1730,3.0,1.0,96.0,1730.0,3,5549.132947976878,9600000.0
Super built-up  Area,Ready To Move,Bommanahalli,1 BHK,Prtusth,520,1.0,0.0,19.5,520.0,1,3750.0,1950000.0
Built-up  Area,Ready To Move,Bommanahalli,1 BHK,,515,1.0,1.0,25.0,515.0,1,4854.368932038835,2500000.0
Super built-up  Area,Ready To Move,Bommanahalli,3 BHK,SNeur G,1360 - 1890,2.0,,87.72,1625.0,3,5398.153846153846,8772000.0
Super built-up  Area,Ready To Move,Bommanahalli,2 BHK,Varlsa ,957,2.0,1.0,53.0,957.0,2,5538.1400208986415,5300000.0
Built-up  Area,Ready To Move,Bommanahalli,2 BHK,,1290,2.0,1.0,73.0,1290.0,2,5658.914728682171,7300000.0
Super built-up  Area,Ready To Move,Bommanahalli,3 BHK,PindsWo,1660,2.0,,100.0,1660.0,3,6024.096385542169,10000000.0
Super built-up  Area,Ready To Move,Bommanahalli,3 BHK,Rerelve,1416,2.0,1.0,85.0,1416.0,3,6002.824858757062,8500000.0
Built-up  Area,Ready To Move,Bommasandra,3 BHK,KBaleoy,1447,3.0,2.0,80.0,1447.0,3,5528.6800276434005,8000000.0
Plot  Area,Ready To Move,Bommenahalli,3 Bedroom,Prana S,1200,3.0,1.0,125.0,1200.0,3,10416.666666666666,12500000.0
Built-up  Area,Ready To Move,Bommenahalli,4 Bedroom,Prana S,1632,3.0,0.0,145.0,1632.0,4,8884.803921568628,14500000.0
Plot  Area,Ready To Move,Bommenahalli,4 Bedroom,Prana S,1670,3.0,0.0,135.0,1670.0,4,8083.832335329342,13500000.0
Plot  Area,Ready To Move,Bommenahalli,3 Bedroom,Prana S,832,3.0,1.0,77.0,832.0,3,9254.807692307691,7700000.0
Built-up  Area,Ready To Move,Bommenahalli,4 Bedroom,Prana S,1680,3.0,0.0,135.0,1680.0,4,8035.714285714285,13500000.0
Plot  Area,Ready To Move,Bommenahalli,4 Bedroom,Prana S,1632,3.0,1.0,128.0,1632.0,4,7843.137254901961,12800000.0
Built-up  Area,Ready To Move,Bommenahalli,3 Bedroom,Prood G,3339,3.0,0.0,250.0,3339.0,3,7487.271638215035,25000000.0
Plot  Area,Ready To Move,Bommenahalli,4 Bedroom,Prana S,1355,3.0,0.0,135.0,1355.0,4,9963.09963099631,13500000.0
Built-up  Area,Ready To Move,Bommenahalli,3 Bedroom,Prood G,2940Sq. Yards,3.0,1.0,232.0,2940.0,3,7891.156462585034,23200000.0
Plot  Area,Ready To Move,Bommenahalli,3 Bedroom,Prana S,1232,3.0,1.0,96.0,1232.0,3,7792.207792207792,9600000.0
Built-up  Area,Ready To Move,Bommenahalli,4 Bedroom,Prana S,1632,3.0,0.0,140.0,1632.0,4,8578.43137254902,14000000.0
Plot  Area,Ready To Move,Brindavan Layout,4 Bedroom,,2200,2.0,0.0,150.0,2200.0,4,6818.181818181818,15000000.0
Super built-up  Area,Ready To Move,Brindavan Nagar,3 BHK,Mancy R,1520,3.0,2.0,111.0,1520.0,3,7302.631578947368,11100000.0
Super built-up  Area,Ready To Move,Brindavan Nagar,2 BHK,,1280,2.0,2.0,90.0,1280.0,2,7031.25,9000000.0
Super built-up  Area,Ready To Move,Brooke Bond First Cross,3 BHK,Soosea ,1721,3.0,2.0,93.0,1721.0,3,5403.834979662986,9300000.0
Super built-up  Area,Ready To Move,Brooke Bond First Cross,3 BHK,Soosea ,1720,3.0,1.0,95.0,1720.0,3,5523.2558139534885,9500000.0
Super built-up  Area,Ready To Move,Brookefield,2 BHK,Danna S,1150,2.0,3.0,69.0,1150.0,2,6000.0,6900000.0
Built-up  Area,Ready To Move,Brookefield,2 BHK,Mapleer,1142,2.0,2.0,70.0,1142.0,2,6129.5971978984235,7000000.0
Super built-up  Area,Ready To Move,Brookefield,3 BHK,Krrbsil,2169,4.0,,115.0,2169.0,3,5301.982480405717,11500000.0
Super built-up  Area,Ready To Move,Brookefield,3 BHK,Gotaten,1595,3.0,3.0,88.0,1595.0,3,5517.241379310345,8800000.0
Plot  Area,Ready To Move,Brookefield,4 Bedroom,,2800,4.0,2.0,240.0,2800.0,4,8571.42857142857,24000000.0
Super built-up  Area,Ready To Move,Brookefield,3 BHK,Mapleer,1476,3.0,2.0,105.0,1476.0,3,7113.821138211382,10500000.0
Plot  Area,Ready To Move,Brookefield,4 Bedroom,,1700,4.0,1.0,152.0,1700.0,4,8941.176470588236,15200000.0
Super built-up  Area,Ready To Move,Brookefield,2 BHK,Mapleer,1262,2.0,1.0,75.0,1262.0,2,5942.947702060222,7500000.0
Super built-up  Area,Ready To Move,Brookefield,2 BHK,CidgeKn,1139,2.0,2.0,80.0,1139.0,2,7023.705004389815,8000000.0
Super built-up  Area,Ready To Move,Brookefield,2 BHK,Gotaten,1125,2.0,2.0,70.0,1125.0,2,6222.222222222223,7000000.0
Super built-up  Area,Ready To Move,Brookefield,3 BHK,Baentgi,1420,3.0,2.0,85.0,1420.0,3,5985.915492957746,8500000.0
Built-up  Area,Ready To Move,Brookefield,3 BHK,Roeekbl,1410,2.0,0.0,80.0,1410.0,3,5673.758865248227,8000000.0
Plot  Area,Ready To Move,Brookefield,5 Bedroom,Goodsrb,1950,6.0,3.0,175.0,1950.0,5,8974.358974358975,17500000.0
Super built-up  Area,Ready To Move,Brookefield,2 BHK,Stlomg ,1200,2.0,2.0,75.0,1200.0,2,6250.0,7500000.0
Super built-up  Area,Ready To Move,Brookefield,2 BHK,Roeekbl,1270,2.0,1.0,95.0,1270.0,2,7480.314960629921,9500000.0
Super built-up  Area,Ready To Move,Brookefield,3 BHK,Stide B,1706,3.0,2.0,115.0,1706.0,3,6740.914419695194,11500000.0
Super built-up  Area,Ready To Move,Brookefield,2 BHK,Stlomg ,1389,2.0,2.0,94.0,1389.0,2,6767.458603311735,9400000.0
Built-up  Area,Ready To Move,Brookefield,2 BHK,Roeekbl,1225,2.0,2.0,72.0,1225.0,2,5877.551020408163,7200000.0
Super built-up  Area,Ready To Move,Brookefield,3 BHK,Stlomg ,1746,3.0,3.0,115.0,1746.0,3,6586.483390607102,11500000.0
Super built-up  Area,Ready To Move,Brookefield,3 BHK,Baentgi,1518,3.0,3.0,80.0,1518.0,3,5270.092226613966,8000000.0
Plot  Area,Ready To Move,Brookefield,4 Bedroom,,1560,3.0,2.0,149.0,1560.0,4,9551.28205128205,14900000.0
Super built-up  Area,Ready To Move,Brookefield,2 BHK,Stlomg ,1382,2.0,2.0,84.5,1382.0,2,6114.3270622286545,8450000.0
Super built-up  Area,Ready To Move,Brookefield,2 BHK,Keorai ,1260,2.0,1.0,70.0,1260.0,2,5555.555555555556,7000000.0
Super built-up  Area,Ready To Move,Brookefield,2 BHK,CidgeKn,1206,2.0,,90.0,1206.0,2,7462.686567164179,9000000.0
Super built-up  Area,Ready To Move,Brookefield,3 BHK,Mapleer,1594,3.0,2.0,140.0,1594.0,3,8782.936010037642,14000000.0
Super built-up  Area,Ready To Move,Budigere,3 BHK,PrityTr,1991,4.0,2.0,103.0,1991.0,3,5173.279758915118,10300000.0
Super built-up  Area,Ready To Move,Budigere,1 BHK,PrityTr,664,1.0,1.0,35.0,664.0,1,5271.084337349397,3500000.0
Super built-up  Area,Ready To Move,Budigere,3 BHK,PrityTr,1636,3.0,2.0,85.0,1636.0,3,5195.59902200489,8500000.0
Super built-up  Area,Ready To Move,Budigere,3 BHK,PrityTr,1636,3.0,2.0,85.0,1636.0,3,5195.59902200489,8500000.0
Super built-up  Area,Ready To Move,Budigere,3 BHK,PrityTr,1636,3.0,2.0,92.0,1636.0,3,5623.471882640587,9200000.0
Super built-up  Area,Ready To Move,Budigere,2 BHK,PrityTr,1149,2.0,2.0,65.0,1149.0,2,5657.093124456049,6500000.0
Super built-up  Area,Ready To Move,Budigere,1 BHK,PrityTr,664,1.0,1.0,35.4,664.0,1,5331.325301204819,3540000.0
Built-up  Area,Ready To Move,Budigere,1 BHK,PrityTr,664,1.0,1.0,34.0,664.0,1,5120.481927710844,3400000.0
Super built-up  Area,Ready To Move,Budigere,3 BHK,PrityTr,1820,3.0,2.0,99.0,1820.0,3,5439.56043956044,9900000.0
Super built-up  Area,Ready To Move,Budigere,3 BHK,PrityTr,1820,3.0,2.0,95.0,1820.0,3,5219.780219780219,9500000.0
Built-up  Area,Ready To Move,Budigere,3 BHK,PrityTr,1820,3.0,2.0,95.5,1820.0,3,5247.252747252747,9550000.0
Super built-up  Area,20-Jun,Budigere,1 BHK,Brstaue,650 - 760,1.0,0.0,34.545,705.0,1,4900.0,3454500.0
Super built-up  Area,Ready To Move,Budigere,3 BHK,PrityTr,1636,3.0,2.0,88.0,1636.0,3,5378.973105134474,8800000.0
Super built-up  Area,Ready To Move,Byadarahalli,3 BHK,Prurten,3155,4.0,2.0,370.0,3155.0,3,11727.41679873217,37000000.0
Super built-up  Area,Ready To Move,Byadarahalli,4 BHK,ETntsce,3500,3.0,3.0,425.0,3500.0,4,12142.857142857143,42500000.0
Super built-up  Area,Ready To Move,Byatarayanapura,3 BHK,Reeroce,1413,2.0,2.0,75.0,1413.0,3,5307.855626326964,7500000.0
Built-up  Area,Ready To Move,Byatarayanapura,3 BHK,Foconna,1325,2.0,1.0,90.0,1325.0,3,6792.452830188679,9000000.0
Built-up  Area,Ready To Move,Byatarayanapura,1 Bedroom,,540,1.0,1.0,36.0,540.0,1,6666.666666666667,3600000.0
Super built-up  Area,Ready To Move,Byatarayanapura,4 BHK,Reeroce,2631,3.0,,200.0,2631.0,4,7601.672367920943,20000000.0
Super built-up  Area,18-Aug,Byatarayanapura,1 BHK,Hisic G,650,1.0,1.0,50.0,650.0,1,7692.307692307692,5000000.0
Plot  Area,Ready To Move,Byrathi Village,3 Bedroom,,1600,4.0,1.0,120.0,1600.0,3,7500.0,12000000.0
Plot  Area,Ready To Move,CQAL Layout,4 Bedroom,,3811,3.0,2.0,475.0,3811.0,4,12463.920230910522,47500000.0
Built-up  Area,Ready To Move,CV Raman Nagar,3 BHK,VeSkyva,1726,3.0,3.0,145.0,1726.0,3,8400.92699884125,14500000.0
Super built-up  Area,Ready To Move,CV Raman Nagar,2 BHK,Pu270a ,1392,2.0,1.0,98.0,1392.0,2,7040.229885057472,9800000.0
Super built-up  Area,Ready To Move,CV Raman Nagar,3 BHK,Pu270a ,1825,3.0,2.0,126.0,1825.0,3,6904.109589041096,12600000.0
Super built-up  Area,Ready To Move,CV Raman Nagar,3 BHK,Chhamku,1590,2.0,3.0,85.0,1590.0,3,5345.911949685535,8500000.0
Super built-up  Area,Ready To Move,CV Raman Nagar,2 BHK,ARestco,1051,2.0,3.0,61.0,1051.0,2,5803.996194100856,6100000.0
Super built-up  Area,Ready To Move,CV Raman Nagar,1 BHK,Pu270a ,705,1.0,1.0,57.0,705.0,1,8085.106382978724,5700000.0
Super built-up  Area,Ready To Move,CV Raman Nagar,3 BHK,Pu270a ,1836,3.0,2.0,148.0,1836.0,3,8061.002178649237,14800000.0
Super built-up  Area,18-Jul,CV Raman Nagar,2 BHK,Pu270a ,1392,2.0,1.0,95.0,1392.0,2,6824.712643678161,9500000.0
Super built-up  Area,Ready To Move,CV Raman Nagar,1 BHK,Pu270a ,705,2.0,1.0,50.0,705.0,1,7092.198581560284,5000000.0
Super built-up  Area,Ready To Move,CV Raman Nagar,3 BHK,,1400,2.0,2.0,78.0,1400.0,3,5571.428571428572,7800000.0
Super built-up  Area,18-Jan,CV Raman Nagar,3 BHK,Pu270a ,1980,4.0,2.0,166.0,1980.0,3,8383.838383838383,16600000.0
Super built-up  Area,Ready To Move,CV Raman Nagar,3 BHK,,1400,2.0,2.0,78.0,1400.0,3,5571.428571428572,7800000.0
Super built-up  Area,17-Mar,CV Raman Nagar,2 BHK,Pu270a ,1392,2.0,1.0,110.0,1392.0,2,7902.298850574713,11000000.0
Super built-up  Area,18-May,CV Raman Nagar,3 BHK,Pu270a ,1659,3.0,1.0,135.0,1659.0,3,8137.4321880651,13500000.0
Built-up  Area,Ready To Move,Cambridge Layout,3 BHK,Sancybr,2400,3.0,1.0,260.0,2400.0,3,10833.333333333334,26000000.0
Built-up  Area,Ready To Move,Cambridge Layout,4 Bedroom,,1600,3.0,1.0,165.0,1600.0,4,10312.5,16500000.0
Built-up  Area,Ready To Move,Cambridge Layout,3 BHK,,1950,3.0,3.0,230.0,1950.0,3,11794.871794871795,23000000.0
Super built-up  Area,Ready To Move,Cambridge Layout,3 BHK,Bhacy L,1756,3.0,2.0,307.0,1756.0,3,17482.915717539865,30700000.0
Super built-up  Area,Ready To Move,Cambridge Layout,3 BHK,Bhacy L,1669,3.0,2.0,298.0,1669.0,3,17855.002995805873,29800000.0
Super built-up  Area,Ready To Move,Cambridge Layout,3 BHK,,2098,3.0,1.0,210.0,2098.0,3,10009.532888465204,21000000.0
Super built-up  Area,Ready To Move,Canara Bank Colony,3 BHK,DencyRe,1600,2.0,1.0,90.0,1600.0,3,5625.0,9000000.0
Super built-up  Area,Ready To Move,Canara Bank Layout,3 BHK,,1600,3.0,3.0,90.0,1600.0,3,5625.0,9000000.0
Super built-up  Area,Ready To Move,Carmelaram,3 BHK,DSensn ,2515,4.0,3.0,155.0,2515.0,3,6163.021868787277,15500000.0
Plot  Area,Immediate Possession,Carmelaram,2 BHK,Ocezes ,2000,2.0,,120.0,2000.0,2,6000.0,12000000.0
Super built-up  Area,Ready To Move,Carmelaram,3 BHK,DSensn ,1660 - 1805,3.0,0.0,91.855,1732.5,3,5301.875901875902,9185500.0
Super built-up  Area,Ready To Move,Carmelaram,3 BHK,DSensn ,1770,3.0,2.0,99.0,1770.0,3,5593.220338983051,9900000.0
Built-up  Area,Ready To Move,Celebrity Paradise Layout,1 BHK,,532,1.0,1.0,22.49,532.0,1,4227.443609022556,2249000.0
Built-up  Area,Ready To Move,Challaghatta,3 BHK,ShanaSp,1639,3.0,3.0,123.0,1639.0,3,7504.5759609518,12300000.0
Super built-up  Area,Ready To Move,Chamrajpet,3 BHK,SihtsHe,1475,2.0,2.0,120.0,1475.0,3,8135.593220338983,12000000.0
Super built-up  Area,Ready To Move,Chamrajpet,4 BHK,,1900,2.0,1.0,170.0,1900.0,4,8947.368421052632,17000000.0
Plot  Area,Ready To Move,Chamrajpet,4 Bedroom,,1080,4.0,2.0,250.0,1080.0,4,23148.14814814815,25000000.0
Super built-up  Area,Ready To Move,Chamrajpet,2 BHK,,1350,2.0,3.0,180.0,1350.0,2,13333.333333333334,18000000.0
Built-up  Area,Ready To Move,Chamrajpet,2 Bedroom,,1050,2.0,1.0,162.0,1050.0,2,15428.57142857143,16200000.0
Plot  Area,Ready To Move,Chamrajpet,4 Bedroom,,1660.4,4.0,2.0,211.0,1660.4,4,12707.781257528306,21100000.0
Built-up  Area,Ready To Move,Chamrajpet,1 BHK,,505,1.0,0.0,85.0,505.0,1,16831.68316831683,8500000.0
Built-up  Area,Ready To Move,Chamrajpet,3 BHK,,1565,3.0,2.0,98.91,1565.0,3,6320.127795527156,9891000.0
Super built-up  Area,Ready To Move,Chamrajpet,2 BHK,,730,1.0,2.0,52.0,730.0,2,7123.287671232877,5200000.0
Super built-up  Area,Ready To Move,Chamrajpet,2 BHK,,650,1.0,1.0,40.0,650.0,2,6153.846153846154,4000000.0
Plot  Area,Ready To Move,Chamrajpet,6 Bedroom,,1500,9.0,3.0,230.0,1500.0,6,15333.333333333334,23000000.0
Super built-up  Area,Ready To Move,Chamrajpet,2 BHK,,650,2.0,2.0,45.0,650.0,2,6923.076923076923,4500000.0
Super built-up  Area,Ready To Move,Chamrajpet,3 BHK,,1650,3.0,2.0,115.0,1650.0,3,6969.69696969697,11500000.0
Super built-up  Area,18-Aug,Chandapura,1 BHK,SunceEs,645,1.0,1.0,16.45,645.0,1,2550.3875968992247,1645000.0
Super built-up  Area,18-Sep,Chandapura,1 BHK,SunceEs,645,1.0,1.0,16.45,645.0,1,2550.3875968992247,1645000.0
Super built-up  Area,18-Mar,Chandapura,1 BHK,Siissi ,530,1.0,0.0,11.66,530.0,1,2200.0,1166000.0
Super built-up  Area,18-Jun,Chandapura,1 BHK,SuVue S,520 - 645,1.0,0.0,15.135,582.5,1,2598.283261802575,1513500.0
Super built-up  Area,18-Dec,Chandapura,1 BHK,Siageal,590,1.0,0.0,13.57,590.0,1,2300.0,1357000.0
Super built-up  Area,18-Aug,Chandapura,1 BHK,SunceEs,645,1.0,1.0,16.45,645.0,1,2550.3875968992247,1645000.0
Super built-up  Area,18-Aug,Chandapura,1 BHK,Dhowsyo,630,1.0,0.0,13.86,630.0,1,2200.0,1386000.0
Super built-up  Area,19-Sep,Chandapura,1 BHK,SuVue S,520,1.0,1.0,14.04,520.0,1,2700.0,1404000.0
Super built-up  Area,18-Jul,Chandapura,1 BHK,SunceEs,645,1.0,1.0,16.45,645.0,1,2550.3875968992247,1645000.0
Super built-up  Area,18-Jul,Chandapura,1 BHK,SunceEs,645,1.0,1.0,16.45,645.0,1,2550.3875968992247,1645000.0
Super built-up  Area,18-Sep,Chandapura,1 BHK,SunceEs,645,1.0,1.0,16.45,645.0,1,2550.3875968992247,1645000.0
Super built-up  Area,18-Sep,Chandapura,1 BHK,SunceEs,645,1.0,1.0,16.45,645.0,1,2550.3875968992247,1645000.0
Super built-up  Area,18-Sep,Chandapura,1 BHK,SunceEs,645,1.0,1.0,16.45,645.0,1,2550.3875968992247,1645000.0
Super built-up  Area,18-Sep,Chandapura,1 BHK,SunceEs,645,1.0,1.0,16.45,645.0,1,2550.3875968992247,1645000.0
Super built-up  Area,19-Sep,Chandapura,1 BHK,SuVue S,520,1.0,1.0,14.04,520.0,1,2700.0,1404000.0
Super built-up  Area,Ready To Move,Chandapura,1 BHK,,410,1.0,1.0,10.0,410.0,1,2439.0243902439024,1000000.0
Super built-up  Area,18-Aug,Chandapura,1 BHK,SunceEs,645,1.0,1.0,16.45,645.0,1,2550.3875968992247,1645000.0
Super built-up  Area,18-Jul,Chandapura,1 BHK,SunceEs,645,1.0,1.0,16.45,645.0,1,2550.3875968992247,1645000.0
Super built-up  Area,18-Aug,Chandapura,1 BHK,SuVue S,520,1.0,1.0,14.04,520.0,1,2700.0,1404000.0
Plot  Area,Ready To Move,Chandra Layout,7 Bedroom,,780,7.0,3.0,150.0,780.0,7,19230.76923076923,15000000.0
Built-up  Area,Ready To Move,Chandra Layout,1 BHK,,890,1.0,1.0,75.0,890.0,1,8426.966292134832,7500000.0
Plot  Area,Ready To Move,Chandra Layout,4 Bedroom,,600,2.0,1.0,85.0,600.0,4,14166.666666666666,8500000.0
Plot  Area,Ready To Move,Chandra Layout,2 Bedroom,,815,3.0,2.0,160.0,815.0,2,19631.9018404908,16000000.0
Super built-up  Area,Ready To Move,Chandra Layout,3 BHK,,1600,3.0,2.0,130.0,1600.0,3,8125.0,13000000.0
Plot  Area,Ready To Move,Chandra Layout,3 Bedroom,,1200,2.0,0.0,190.0,1200.0,3,15833.333333333334,19000000.0
Super built-up  Area,Ready To Move,Channasandra,3 BHK,Pritehi,1470,2.0,1.0,90.0,1470.0,3,6122.448979591837,9000000.0
Plot  Area,18-Jun,Channasandra,3 Bedroom,,1200,3.0,1.0,67.77,1200.0,3,5647.5,6777000.0
Plot  Area,18-Nov,Channasandra,3 Bedroom,,1200,3.0,1.0,67.77,1200.0,3,5647.5,6777000.0
Super built-up  Area,Ready To Move,Chennammanakere Achukattu,2 BHK,,1260,2.0,1.0,75.0,1260.0,2,5952.380952380952,7500000.0
Super built-up  Area,Ready To Move,Chikka Banaswadi,2 BHK,,1093,2.0,2.0,65.0,1093.0,2,5946.935041171088,6500000.0
Built-up  Area,Ready To Move,Chikka Banaswadi,2 BHK,SuntsAp,1250,2.0,3.0,75.0,1250.0,2,6000.0,7500000.0
Super built-up  Area,Ready To Move,Chikkakannalli,3 BHK,,1402,2.0,2.0,85.0,1402.0,3,6062.767475035664,8500000.0
Carpet  Area,Ready To Move,Chikkalasandra,2 BHK,,875,2.0,3.0,52.8,875.0,2,6034.285714285715,5280000.0
Built-up  Area,Ready To Move,Chikkalasandra,2 Bedroom,,1800,1.0,1.0,128.0,1800.0,2,7111.111111111111,12800000.0
Built-up  Area,Ready To Move,Chikkalasandra,3 BHK,V2avei ,1428,2.0,1.0,80.0,1428.0,3,5602.240896358543,8000000.0
Super built-up  Area,Ready To Move,Chikkalasandra,2 BHK,V2avei ,1290,2.0,2.0,72.0,1290.0,2,5581.395348837209,7200000.0
Plot  Area,Ready To Move,Chikkasandra,2 Bedroom,,600,1.0,1.0,52.0,600.0,2,8666.666666666666,5200000.0
Super built-up  Area,Ready To Move,Chikku Lakshmaiah Layout,3 BHK,Prlis A,2292,2.0,1.0,285.0,2292.0,3,12434.554973821989,28500000.0
Built-up  Area,Ready To Move,Cholanayakanahalli,3 BHK,Viony H,2511,3.0,3.0,205.0,2511.0,3,8164.078056551175,20500000.0
Super built-up  Area,Ready To Move,Cholanayakanahalli,3 BHK,ShourSp,1370,2.0,2.0,75.0,1370.0,3,5474.4525547445255,7500000.0
Plot  Area,Ready To Move,Cholanayakanahalli,1 Bedroom,,750,2.0,0.0,50.0,750.0,1,6666.666666666667,5000000.0
Built-up  Area,Ready To Move,Cholanayakanahalli,2 Bedroom,,580,2.0,0.0,95.0,580.0,2,16379.310344827587,9500000.0
Super built-up  Area,Ready To Move,Cholanayakanahalli,4 BHK,,2000,4.0,1.0,135.0,2000.0,4,6750.0,13500000.0
Plot  Area,Ready To Move,Cholanayakanahalli,2 Bedroom,,1300,2.0,2.0,95.0,1300.0,2,7307.692307692308,9500000.0
Super built-up  Area,Ready To Move,Choodasandra,3 BHK,Aharlve,1254,2.0,1.0,65.0,1254.0,3,5183.413078149921,6500000.0
Super built-up  Area,Ready To Move,Choodasandra,3 BHK,,1580,3.0,3.0,105.0,1580.0,3,6645.569620253164,10500000.0
Built-up  Area,18-Apr,Choodasandra,4 Bedroom,LGifeew,2429,3.0,1.0,210.0,2429.0,4,8645.533141210375,21000000.0
Super built-up  Area,Ready To Move,Choodasandra,2 BHK,GRlpank,1180,2.0,1.0,71.22,1180.0,2,6035.593220338983,7122000.0
Built-up  Area,19-Dec,Church Street,4 BHK,CoDast ,2920,4.0,3.0,536.0,2920.0,4,18356.164383561645,53600000.0
Plot  Area,Ready To Move,Classic Paradise Layout,5 Bedroom,,1560,5.0,1.0,145.0,1560.0,5,9294.871794871795,14500000.0
Built-up  Area,Ready To Move,Cleveland Town,3 BHK,Coner C,1991,3.0,2.0,160.0,1991.0,3,8036.162732295329,16000000.0
Plot  Area,Ready To Move,Coconut Garden,3 Bedroom,,600,3.0,1.0,90.0,600.0,3,15000.0,9000000.0
Super built-up  Area,Ready To Move,Coffee Board Layout,3 BHK,Calyxy ,3045,3.0,2.0,170.0,3045.0,3,5582.922824302134,17000000.0
Super built-up  Area,Ready To Move,Coffee Board Layout,3 BHK,Sanstya,1652.5,3.0,2.0,90.0,1652.5,3,5446.293494704993,9000000.0
Super built-up  Area,Ready To Move,Cooke Town,4 BHK,,3950,4.0,,450.0,3950.0,4,11392.405063291139,45000000.0
Built-up  Area,Ready To Move,Cooke Town,3 BHK,,2388,4.0,3.0,239.0,2388.0,3,10008.375209380234,23900000.0
Super built-up  Area,Ready To Move,Cooke Town,2 BHK,,1710,2.0,2.0,200.0,1710.0,2,11695.906432748538,20000000.0
Super built-up  Area,Ready To Move,Cooke Town,2 BHK,,1310,2.0,2.0,111.0,1310.0,2,8473.282442748092,11100000.0
Super built-up  Area,Ready To Move,Cooke Town,4 BHK,,3900,5.0,,415.0,3900.0,4,10641.02564102564,41500000.0
Super built-up  Area,Ready To Move,Cooke Town,3 BHK,Sagalhi,2560,4.0,,310.0,2560.0,3,12109.375,31000000.0
Plot  Area,Ready To Move,Cooke Town,3 Bedroom,,2600,3.0,1.0,375.0,2600.0,3,14423.076923076924,37500000.0
Super built-up  Area,Ready To Move,Cooke Town,2 BHK,,1100,2.0,3.0,90.0,1100.0,2,8181.818181818182,9000000.0
Super built-up  Area,Ready To Move,Cooke Town,3 BHK,,2300,3.0,1.0,250.0,2300.0,3,10869.565217391304,25000000.0
Plot  Area,Ready To Move,Cottonpet,4 Bedroom,,971,2.0,2.0,135.0,971.0,4,13903.192584963954,13500000.0
Plot  Area,Ready To Move,Cottonpet,8 Bedroom,,1224,4.0,0.0,200.0,1224.0,8,16339.869281045752,20000000.0
Built-up  Area,Ready To Move,Cottonpet,4 Bedroom,,1750,2.0,1.0,225.0,1750.0,4,12857.142857142857,22500000.0
Super built-up  Area,Ready To Move,Cox Town,3 BHK,,1975,3.0,3.0,150.0,1975.0,3,7594.93670886076,15000000.0
Super built-up  Area,Ready To Move,Cox Town,3 BHK,,1650,3.0,3.0,100.0,1650.0,3,6060.606060606061,10000000.0
Super built-up  Area,Ready To Move,Cox Town,3 BHK,ElentAp,1730,3.0,3.0,140.0,1730.0,3,8092.485549132948,14000000.0
Super built-up  Area,Ready To Move,Cox Town,3 BHK,,1600,3.0,1.0,150.0,1600.0,3,9375.0,15000000.0
Super built-up  Area,Ready To Move,Cox Town,2 BHK,Eledst ,1250,2.0,2.0,95.0,1250.0,2,7600.0,9500000.0
Built-up  Area,Ready To Move,Cox Town,2 BHK,,1280,2.0,1.0,120.0,1280.0,2,9375.0,12000000.0
Built-up  Area,Ready To Move,Cox Town,2 BHK,,1073,2.0,2.0,72.0,1073.0,2,6710.158434296365,7200000.0
Super built-up  Area,Ready To Move,Cox Town,2 BHK,Santspa,1000,2.0,3.0,58.0,1000.0,2,5800.0,5800000.0
Super built-up  Area,Ready To Move,Cox Town,2 BHK,,1200,2.0,2.0,140.0,1200.0,2,11666.666666666666,14000000.0
Super built-up  Area,Ready To Move,Cunningham Road,4 BHK,,5270,4.0,3.0,1250.0,5270.0,4,23719.165085388995,125000000.0
Super built-up  Area,Ready To Move,Cunningham Road,3 BHK,Lelia M,3875,3.0,2.0,864.0,3875.0,3,22296.774193548386,86400000.0
Super built-up  Area,Ready To Move,Cunningham Road,3 BHK,Lelia M,3875,3.0,2.0,800.0,3875.0,3,20645.16129032258,80000000.0
Super built-up  Area,18-Feb,Cunningham Road,3 BHK,Lelia M,3815,3.0,1.0,763.0,3815.0,3,20000.0,76300000.0
Super built-up  Area,Ready To Move,Cunningham Road,3 BHK,LeDuvMy,2880,3.0,2.0,501.0,2880.0,3,17395.833333333332,50100000.0
Super built-up  Area,19-Jul,Cunningham Road,3 BHK,,3489,3.0,1.0,662.0,3489.0,3,18973.91802808828,66200000.0
Super built-up  Area,Ready To Move,Cunningham Road,3 BHK,Lelia M,4170,3.0,2.0,800.0,4170.0,3,19184.65227817746,80000000.0
Super built-up  Area,19-Dec,Cunningham Road,4 BHK,,5108,5.0,2.0,995.0,5108.0,4,19479.24823805795,99500000.0
Super built-up  Area,Ready To Move,Cunningham Road,3 BHK,Lelia M,2700,3.0,1.0,501.0,2700.0,3,18555.555555555555,50100000.0
Plot  Area,Ready To Move,Cunningham Road,4 Bedroom,,7500,6.0,2.0,1800.0,7500.0,4,24000.0,180000000.0
Super built-up  Area,Ready To Move,Cunningham Road,3 BHK,LeDuvMy,2880,3.0,2.0,560.0,2880.0,3,19444.444444444445,56000000.0
Built-up  Area,Ready To Move,D Group Employees Layout,5 Bedroom,,600,4.0,3.0,76.0,600.0,5,12666.666666666666,7600000.0
Super built-up  Area,20-Jun,Dairy Circle,3 BHK,Soeurri,1855,3.0,1.0,225.0,1855.0,3,12129.380053908355,22500000.0
Super built-up  Area,21-May,Dairy Circle,3 BHK,Soeurri,1980,3.0,2.0,224.0,1980.0,3,11313.131313131313,22400000.0
Super built-up  Area,Ready To Move,Dairy Circle,4 BHK,Soeurri,3730,6.0,2.0,450.0,3730.0,4,12064.343163538873,45000000.0
Super built-up  Area,Ready To Move,Dairy Circle,4 BHK,Soeurri,3754,6.0,2.0,430.0,3754.0,4,11454.448588172616,43000000.0
Super built-up  Area,Ready To Move,Dairy Circle,4 BHK,Soeurri,3754,6.0,2.0,480.0,3754.0,4,12786.361214704315,48000000.0
Super built-up  Area,Ready To Move,Dairy Circle,2 BHK,Soeurri,1541,2.0,1.0,181.0,1541.0,2,11745.619727449708,18100000.0
Super built-up  Area,Ready To Move,Dairy Circle,3 BHK,Soeurri,2735,4.0,2.0,340.0,2735.0,3,12431.44424131627,34000000.0
Super built-up  Area,Ready To Move,Dairy Circle,4 BHK,Soeurri,3730,6.0,2.0,430.0,3730.0,4,11528.150134048257,43000000.0
Super built-up  Area,Ready To Move,Dasanapura,2 BHK,Tavenew,708,1.0,1.0,40.0,708.0,2,5649.717514124294,4000000.0
Built-up  Area,Ready To Move,Dasanapura,2 BHK,Tavenew,1163,2.0,1.0,65.0,1163.0,2,5588.993981083405,6500000.0
Super built-up  Area,18-May,Dasanapura,3 BHK,Tavenew,1286,2.0,1.0,68.0,1286.0,3,5287.713841368584,6800000.0
Built-up  Area,Ready To Move,Dasarahalli,2 BHK,Syonyph,1150,2.0,0.0,70.0,1150.0,2,6086.95652173913,7000000.0
Super built-up  Area,Ready To Move,Dasarahalli,3 BHK,Prndsde,2100,3.0,3.0,120.0,2100.0,3,5714.285714285715,12000000.0
Super built-up  Area,18-Jul,Dasarahalli,2 BHK,KSliaor,1333,2.0,1.0,78.56,1333.0,2,5893.473368342085,7856000.0
Super built-up  Area,Ready To Move,Defence Colony,2 BHK,Vantspa,1150,2.0,2.0,126.0,1150.0,2,10956.521739130434,12600000.0
Super built-up  Area,Ready To Move,Defence Colony,4 BHK,Masta A,6600,4.0,,986.0,6600.0,4,14939.39393939394,98600000.0
Built-up  Area,Ready To Move,Defence Colony,2 BHK,,1150,2.0,2.0,125.0,1150.0,2,10869.565217391304,12500000.0
Super built-up  Area,Ready To Move,Defence Colony,4 BHK,,2800,4.0,3.0,365.0,2800.0,4,13035.714285714286,36500000.0
Built-up  Area,Ready To Move,Defence Colony,2 BHK,Inshath,1270,2.0,,172.0,1270.0,2,13543.307086614173,17200000.0
Plot  Area,Ready To Move,Defence Colony,6 Bedroom,,8000,6.0,3.0,2800.0,8000.0,6,35000.0,280000000.0
Built-up  Area,Ready To Move,Dena Bank Colony,2 BHK,Chntsat,1100,2.0,2.0,75.0,1100.0,2,6818.181818181818,7500000.0
Super built-up  Area,22-Dec,Devanahalli,3 BHK,Sabixtt,1282,2.0,2.0,68.52,1282.0,3,5344.773790951638,6852000.0
Super built-up  Area,18-Apr,Devanahalli,2 BHK,,1408,2.0,2.0,85.0,1408.0,2,6036.931818181818,8500000.0
Super built-up  Area,19-Dec,Devanahalli,1 BHK,Sabixtt,658,1.0,1.0,34.0,658.0,1,5167.173252279636,3400000.0
Super built-up  Area,18-Apr,Devanahalli,1 BHK,Sabixtt,658,1.0,0.0,26.91,658.0,1,4089.665653495441,2691000.0
Super built-up  Area,18-May,Devanahalli,1 BHK,Sabixtt,655 - 742,1.0,0.0,28.57,698.5,1,4090.1932712956336,2857000.0
Super built-up  Area,21-Jul,Devanahalli,3 BHK,Oznuean,1450 - 1950,3.0,0.0,88.2,1700.0,3,5188.235294117647,8820000.0
Super built-up  Area,22-Nov,Devanahalli,3 BHK,Sabixtt,1498,3.0,3.0,79.15,1498.0,3,5283.711615487317,7915000.000000001
Super built-up  Area,22-Nov,Devanahalli,3 BHK,Sabixtt,1466,3.0,3.0,77.59,1466.0,3,5292.633015006822,7759000.0
Super built-up  Area,Ready To Move,Devanahalli,1 BHK,,775,1.0,0.0,39.0,775.0,1,5032.258064516129,3900000.0
Super built-up  Area,18-May,Devanahalli,1 BHK,Pardsri,1020,2.0,1.0,49.87,1020.0,1,4889.21568627451,4987000.0
Super built-up  Area,Ready To Move,Devanahalli,3 BHK,,1550,3.0,1.0,85.0,1550.0,3,5483.870967741936,8500000.0
Super built-up  Area,18-Apr,Devanahalli,1 BHK,Sabixtt,658,1.0,1.0,26.91,658.0,1,4089.665653495441,2691000.0
Built-up  Area,Ready To Move,Devanahalli,2 BHK,Brrds O,1010,2.0,1.0,58.0,1010.0,2,5742.574257425743,5800000.0
Super built-up  Area,Ready To Move,Devanahalli,1 BHK,Pardsri,1020 - 1130,2.0,,52.57,1075.0,1,4890.232558139535,5257000.0
Super built-up  Area,18-May,Devanahalli Int. Airport,2 BHK,,1380,2.0,1.0,80.0,1380.0,2,5797.101449275362,8000000.0
Super built-up  Area,18-May,Devanahalli Int. Airport,2 BHK,,1080,2.0,1.0,62.0,1080.0,2,5740.740740740741,6200000.0
Super built-up  Area,18-Jun,Devanahalli Road,3 BHK,Ozana U,1532,3.0,3.0,92.0,1532.0,3,6005.221932114882,9200000.0
Plot  Area,Ready To Move,Devanahalli Road,5 Bedroom,,1320,5.0,2.0,199.0,1320.0,5,15075.757575757576,19900000.0
Super built-up  Area,Ready To Move,Devarabeesana Halli,2 BHK,,1100,2.0,1.0,70.0,1100.0,2,6363.636363636364,7000000.0
Super built-up  Area,Ready To Move,Devarabeesana Halli,3 BHK,Sorisa ,1672,3.0,2.0,150.0,1672.0,3,8971.291866028709,15000000.0
Built-up  Area,Ready To Move,Devarabeesana Halli,3 BHK,Sorisa ,1750,3.0,3.0,149.0,1750.0,3,8514.285714285714,14900000.0
Super built-up  Area,Ready To Move,Devarabeesana Halli,3 BHK,Sorisa ,1750,3.0,2.0,150.0,1750.0,3,8571.42857142857,15000000.0
Super built-up  Area,Ready To Move,Devarabeesana Halli,3 BHK,Thionav,1738,3.0,2.0,110.0,1738.0,3,6329.113924050633,11000000.0
Plot  Area,Ready To Move,Devarachikkanahalli,2 Bedroom,,1200,2.0,2.0,83.0,1200.0,2,6916.666666666667,8300000.0
Built-up  Area,Ready To Move,Devarachikkanahalli,1 BHK,,615,1.0,1.0,24.0,615.0,1,3902.439024390244,2400000.0
Super built-up  Area,Ready To Move,Devarachikkanahalli,3 BHK,,1417,2.0,2.0,76.0,1417.0,3,5363.443895553987,7600000.0
Plot  Area,Ready To Move,Devasandra Extension,6 Bedroom,,1200,6.0,3.0,180.0,1200.0,6,15000.0,18000000.0
Super built-up  Area,Ready To Move,Devi Nagar,2 BHK,RMerslu,1100,2.0,1.0,61.0,1100.0,2,5545.454545454545,6100000.0
Super built-up  Area,Ready To Move,Devi Nagar,3 BHK,Krtonwe,2000,3.0,2.0,105.0,2000.0,3,5250.0,10500000.0
Super built-up  Area,Ready To Move,Dinnur,3 BHK,,1700,3.0,1.0,97.0,1700.0,3,5705.882352941177,9700000.0
Carpet  Area,Ready To Move,Dinnur,2 BHK,Gaaran ,1100,2.0,,65.0,1100.0,2,5909.090909090909,6500000.0
Super built-up  Area,Ready To Move,Dodda Nekkundi,3 BHK,,1804,3.0,2.0,121.0,1804.0,3,6707.317073170731,12100000.0
Super built-up  Area,Ready To Move,Dodda Nekkundi,3 BHK,,1999,3.0,2.0,132.0,1999.0,3,6603.301650825412,13200000.0
Super built-up  Area,Ready To Move,Dodda Nekkundi,3 BHK,,1999,3.0,2.0,135.0,1999.0,3,6753.376688344172,13500000.0
Super built-up  Area,Ready To Move,Dodda Nekkundi,3 BHK,Brity U,1252,2.0,1.0,71.0,1252.0,3,5670.926517571885,7100000.0
Super built-up  Area,Ready To Move,Dodda Nekkundi,3 BHK,,1829,3.0,2.0,125.0,1829.0,3,6834.3357025697105,12500000.0
Super built-up  Area,Ready To Move,Dodda Nekkundi,2 BHK,Adxira ,1200,2.0,2.0,71.0,1200.0,2,5916.666666666667,7100000.0
Super built-up  Area,Ready To Move,Dodda Nekkundi Extension,2 BHK,AlEcone,1188,2.0,3.0,73.0,1188.0,2,6144.781144781145,7300000.0
Super built-up  Area,Ready To Move,Dodda Nekkundi Extension,2 BHK,AlEcone,1148,2.0,2.0,69.0,1148.0,2,6010.452961672474,6900000.0
Super built-up  Area,Ready To Move,Dodda Nekkundi Extension,3 BHK,AlEcone,1864,3.0,3.0,115.0,1864.0,3,6169.527896995708,11500000.0
Super built-up  Area,Ready To Move,Dodda Nekkundi Extension,3 BHK,AlEcone,1458,2.0,2.0,87.0,1458.0,3,5967.078189300411,8700000.0
Plot  Area,Ready To Move,Doddaballapur,4 Bedroom,,4200,4.0,3.0,325.0,4200.0,4,7738.0952380952385,32500000.0
Plot  Area,Ready To Move,Doddaballapur,3 Bedroom,,3876,3.0,1.0,300.0,3876.0,3,7739.938080495356,30000000.0
Plot  Area,Ready To Move,Doddaballapur,3 Bedroom,Vahid O,2776,4.0,2.0,195.0,2776.0,3,7024.495677233429,19500000.0
Plot  Area,Ready To Move,Doddaballapur,3 Bedroom,,2440,3.0,1.0,142.0,2440.0,3,5819.672131147541,14200000.0
Plot  Area,Ready To Move,Doddaballapur,4 Bedroom,Vahid O,2400,3.0,0.0,200.0,2400.0,4,8333.333333333334,20000000.0
Super built-up  Area,18-Apr,Doddaballapur,1 BHK,,654,1.0,1.0,49.0,654.0,1,7492.354740061162,4900000.0
Plot  Area,Ready To Move,Doddaballapur,4 Bedroom,,3206,5.0,,270.0,3206.0,4,8421.70929507174,27000000.0
Plot  Area,Ready To Move,Doddabidrakallu,3 Bedroom,,1200,3.0,1.0,74.0,1200.0,3,6166.666666666667,7400000.0
Built-up  Area,Ready To Move,Doddabommasandra,2 Bedroom,,1600,2.0,1.0,90.0,1600.0,2,5625.0,9000000.0
Plot  Area,Ready To Move,Doddagubbi,3 Bedroom,,1125,4.0,1.0,70.0,1125.0,3,6222.222222222223,7000000.0
Super built-up  Area,Ready To Move,Doddagubbi,1 BHK,,747,1.0,2.0,27.0,747.0,1,3614.4578313253014,2700000.0
Built-up  Area,Ready To Move,Doddakannelli,3 BHK,Sueesti,1477,2.0,2.0,80.0,1477.0,3,5416.384563303995,8000000.0
Built-up  Area,Ready To Move,Doddanakundi Industrial Area 2,3 BHK,,1768,3.0,3.0,95.0,1768.0,3,5373.303167420814,9500000.0
Super built-up  Area,Ready To Move,Doddanekundi,3 BHK,AkletBa,1760,3.0,3.0,176.0,1760.0,3,10000.0,17600000.0
Super built-up  Area,Ready To Move,Doddanekundi,3 BHK,AkletBa,2045,4.0,3.0,154.0,2045.0,3,7530.562347188264,15400000.0
Super built-up  Area,Ready To Move,Doddathoguru,1 BHK,,550,1.0,1.0,17.0,550.0,1,3090.909090909091,1700000.0
Super built-up  Area,Ready To Move,Doddathoguru,1 BHK,,750,1.0,1.0,25.5,750.0,1,3400.0,2550000.0
Super built-up  Area,Ready To Move,Doddathoguru,1 BHK,,550,1.0,1.0,17.0,550.0,1,3090.909090909091,1700000.0
Plot  Area,18-Jul,Dodsworth Layout,4 Bedroom,,30000,4.0,,2100.0,30000.0,4,7000.0,210000000.0
Super built-up  Area,Ready To Move,Dodsworth Layout,2 BHK,Ciques ,1400,2.0,2.0,80.0,1400.0,2,5714.285714285715,8000000.0
Super built-up  Area,Ready To Move,Dodsworth Layout,3 BHK,Ciques ,1717,3.0,3.0,99.0,1717.0,3,5765.87070471753,9900000.0
Super built-up  Area,19-Dec,Dodsworth Layout,3 BHK,Prard B,1594,3.0,2.0,99.0,1594.0,3,6210.790464240903,9900000.0
Super built-up  Area,Ready To Move,Dodsworth Layout,3 BHK,Ciques ,1893,3.0,2.0,115.0,1893.0,3,6075.0132065504495,11500000.0
Super built-up  Area,Ready To Move,Dodsworth Layout,2 BHK,Ciques ,1400,2.0,3.0,85.0,1400.0,2,6071.428571428572,8500000.0
Super built-up  Area,Ready To Move,Dollar Scheme Colony,4 BHK,Vacesi ,3563,6.0,1.0,310.0,3563.0,4,8700.533258490037,31000000.0
Built-up  Area,Ready To Move,Dollar Scheme Colony,4 BHK,Vacesi ,3463,6.0,0.0,310.0,3463.0,4,8951.775916835115,31000000.0
Super built-up  Area,Ready To Move,Dollars Colony,4 BHK,,3500,4.0,3.0,350.0,3500.0,4,10000.0,35000000.0
Super built-up  Area,Ready To Move,Dollars Colony,4 BHK,,3100,5.0,1.0,385.0,3100.0,4,12419.354838709678,38500000.0
Super built-up  Area,Ready To Move,Dollars Colony,2 BHK,Koowsis,1097,2.0,3.0,65.0,1097.0,2,5925.2506836827715,6500000.0
Super built-up  Area,Ready To Move,Dollars Colony,3 BHK,,1350,3.0,0.0,75.0,1350.0,3,5555.555555555556,7500000.0
Plot  Area,Ready To Move,Dollars Colony,3 Bedroom,,7800,3.0,2.0,2000.0,7800.0,3,25641.02564102564,200000000.0
Built-up  Area,Ready To Move,Dollars Colony,4 BHK,,2100,3.0,2.0,280.0,2100.0,4,13333.333333333334,28000000.0
Super built-up  Area,Ready To Move,Dollars Colony,3 BHK,Saent G,2000,3.0,3.0,200.0,2000.0,3,10000.0,20000000.0
Super built-up  Area,Ready To Move,Dollars Layout,3 BHK,Sancya ,1460,3.0,2.0,88.0,1460.0,3,6027.397260273972,8800000.0
Super built-up  Area,Ready To Move,Dollars Layout,3 BHK,Toiasle,2456,3.0,3.0,220.0,2456.0,3,8957.654723127036,22000000.0
Super built-up  Area,Ready To Move,Domlur,3 BHK,,1540,3.0,2.0,90.0,1540.0,3,5844.1558441558445,9000000.0
Super built-up  Area,Ready To Move,Domlur,3 BHK,Saiewas,1875,2.0,2.0,150.0,1875.0,3,8000.0,15000000.0
Super built-up  Area,Ready To Move,Domlur,3 BHK,Valipf ,1429,3.0,3.0,86.0,1429.0,3,6018.194541637508,8600000.0
Built-up  Area,Ready To Move,Domlur,1 BHK,Saiewas,640,1.0,0.0,55.0,640.0,1,8593.75,5500000.0
Super built-up  Area,Ready To Move,Domlur,2 BHK,IBictnd,1050,2.0,2.0,85.0,1050.0,2,8095.238095238095,8500000.0
Super built-up  Area,Ready To Move,Domlur,3 BHK,Saiewas,1800,3.0,2.0,150.0,1800.0,3,8333.333333333334,15000000.0
Super built-up  Area,Ready To Move,Domlur,3 BHK,,1720,3.0,1.0,135.0,1720.0,3,7848.837209302325,13500000.0
Super built-up  Area,Ready To Move,Domlur,3 BHK,Saiewas,1950,3.0,3.0,165.0,1950.0,3,8461.538461538461,16500000.0
Built-up  Area,18-Mar,Domlur,3 BHK,,2180,3.0,2.0,285.0,2180.0,3,13073.394495412844,28500000.0
Super built-up  Area,Ready To Move,Domlur,1 BHK,Saiewas,650,1.0,1.0,70.0,650.0,1,10769.23076923077,7000000.0
Super built-up  Area,Ready To Move,Domlur,1 BHK,Saiewas,780,1.0,1.0,70.0,780.0,1,8974.358974358975,7000000.0
Super built-up  Area,Ready To Move,Domlur,3 BHK,,2180,3.0,2.0,285.0,2180.0,3,13073.394495412844,28500000.0
Super built-up  Area,Ready To Move,Domlur,3 BHK,,1740,3.0,0.0,120.0,1740.0,3,6896.551724137931,12000000.0
Built-up  Area,Ready To Move,Domlur,3 BHK,Srhida ,1695,3.0,2.0,125.0,1695.0,3,7374.6312684365785,12500000.0
Super built-up  Area,Ready To Move,Domlur,2 BHK,IBictnd,1246,2.0,1.0,95.0,1246.0,2,7624.398073836276,9500000.0
Super built-up  Area,Ready To Move,Domlur,3 BHK,Saiewas,2100,3.0,2.0,145.0,2100.0,3,6904.761904761905,14500000.0
Super built-up  Area,Ready To Move,Domlur,2 BHK,IBictnd,1276,2.0,2.0,80.0,1276.0,2,6269.592476489028,8000000.0
Super built-up  Area,Ready To Move,Domlur,3 BHK,,1850,3.0,1.0,180.0,1850.0,3,9729.72972972973,18000000.0
Super built-up  Area,Ready To Move,Domlur,3 BHK,IBictnd,2955,3.0,,235.0,2955.0,3,7952.622673434857,23500000.0
Built-up  Area,Ready To Move,Domlur,3 BHK,Prandm ,1650,3.0,1.0,180.0,1650.0,3,10909.09090909091,18000000.0
Plot  Area,Ready To Move,Domlur Layout,2 Bedroom,,900,2.0,2.0,160.0,900.0,2,17777.777777777777,16000000.0
Super built-up  Area,18-Aug,Doopanahalli,3 BHK,,1340,2.0,1.0,100.0,1340.0,3,7462.686567164179,10000000.0
Built-up  Area,Ready To Move,Doopanahalli,3 BHK,,2250,3.0,2.0,199.0,2250.0,3,8844.444444444445,19900000.0
Carpet  Area,Ready To Move,Doopanahalli,3 BHK,VancyRe,1625,3.0,1.0,150.0,1625.0,3,9230.76923076923,15000000.0
Super built-up  Area,Ready To Move,Dooravani Nagar,3 BHK,Puceswn,1596,3.0,1.0,105.0,1596.0,3,6578.9473684210525,10500000.0
Built-up  Area,Ready To Move,Dooravani Nagar,3 BHK,Puceswn,1596,3.0,0.0,95.0,1596.0,3,5952.380952380952,9500000.0
Super built-up  Area,Ready To Move,Dooravani Nagar,3 BHK,Puceswn,1570,3.0,1.0,115.0,1570.0,3,7324.84076433121,11500000.0
Plot  Area,Ready To Move,Dwarka Nagar,3 Bedroom,,1200,3.0,3.0,95.75,1200.0,3,7979.166666666667,9575000.0
Built-up  Area,20-Dec,"ECC Road, Whitefield,",2 BHK,,1132,2.0,1.0,67.0,1132.0,2,5918.727915194347,6700000.0
Super built-up  Area,Ready To Move,EPIP Zone,3 BHK,SJlynro,1499,5.0,2.0,102.0,1499.0,3,6804.536357571715,10200000.0
Super built-up  Area,Ready To Move,EPIP Zone,2 BHK,,1285,2.0,2.0,82.0,1285.0,2,6381.322957198444,8200000.0
Super built-up  Area,18-Apr,EPIP Zone,3 BHK,BrontLa,2330,3.0,2.0,162.0,2330.0,3,6952.789699570815,16200000.0
Super built-up  Area,Ready To Move,EPIP Zone,2 BHK,BrontLa,1330,2.0,1.0,92.5,1330.0,2,6954.887218045113,9250000.0
Super built-up  Area,Ready To Move,EPIP Zone,2 BHK,BrontLa,1330,2.0,1.0,86.98,1330.0,2,6539.849624060151,8698000.0
Super built-up  Area,18-Feb,EPIP Zone,2 BHK,BrontLa,1330,2.0,1.0,93.36,1330.0,2,7019.548872180451,9336000.0
Super built-up  Area,Ready To Move,EPIP Zone,4 BHK,BrontLa,2710 - 3360,5.0,0.0,200.0,3035.0,4,6589.785831960461,20000000.0
Super built-up  Area,Ready To Move,EPIP Zone,3 BHK,SJlynro,1500,3.0,3.0,102.0,1500.0,3,6800.0,10200000.0
Built-up  Area,Ready To Move,EPIP Zone,2 BHK,ValiaCa,1125,2.0,1.0,65.0,1125.0,2,5777.777777777777,6500000.0
Super built-up  Area,Ready To Move,EPIP Zone,3 BHK,Ste 2al,1734,3.0,3.0,125.0,1734.0,3,7208.76585928489,12500000.0
Super built-up  Area,Ready To Move,EPIP Zone,4 BHK,BrontLa,3360,5.0,0.0,225.0,3360.0,4,6696.428571428572,22500000.0
Super built-up  Area,Ready To Move,EPIP Zone,2 BHK,Ste 2al,1343,2.0,2.0,86.0,1343.0,2,6403.574087862993,8600000.0
Super built-up  Area,18-Apr,EPIP Zone,3 BHK,BrontLa,2350,4.0,2.0,163.0,2350.0,3,6936.170212765957,16300000.0
Super built-up  Area,18-Apr,EPIP Zone,3 BHK,BrontLa,1860,3.0,2.0,130.0,1860.0,3,6989.247311827957,13000000.0
Super built-up  Area,Ready To Move,EPIP Zone,3 BHK,BrontLa,2210,3.0,3.0,165.0,2210.0,3,7466.06334841629,16500000.0
Super built-up  Area,Ready To Move,EPIP Zone,3 BHK,BrontLa,2710,3.0,2.0,177.0,2710.0,3,6531.365313653137,17700000.0
Super built-up  Area,18-Apr,EPIP Zone,4 BHK,BrontLa,3360,5.0,2.0,221.0,3360.0,4,6577.380952380952,22100000.0
Built-up  Area,Ready To Move,Ejipura,3 BHK,DSncele,1650,3.0,0.0,110.0,1650.0,3,6666.666666666667,11000000.0
Plot  Area,Ready To Move,Ejipura,2 Bedroom,,922,2.0,1.0,70.0,922.0,2,7592.190889370932,7000000.0
Super built-up  Area,Ready To Move,Ejipura,2 BHK,Prsichi,1190,2.0,1.0,70.0,1190.0,2,5882.35294117647,7000000.0
Super built-up  Area,Ready To Move,Ejipura,3 BHK,Emsic C,2070,3.0,3.0,135.0,2070.0,3,6521.739130434783,13500000.0
Super built-up  Area,Ready To Move,Ejipura,3 BHK,DSidsrc,1600,3.0,3.0,95.0,1600.0,3,5937.5,9500000.0
Built-up  Area,Ready To Move,Ejipura,2 BHK,Prsichi,1210,2.0,0.0,75.0,1210.0,2,6198.347107438017,7500000.0
Built-up  Area,Ready To Move,Electronic City,2 BHK,GMown E,1060,2.0,1.0,60.0,1060.0,2,5660.377358490566,6000000.0
Super built-up  Area,18-Apr,Electronic City,2 BHK,Prarkun,1152,2.0,1.0,64.5,1152.0,2,5598.958333333333,6450000.0
Super built-up  Area,Ready To Move,Electronic City,1 BHK,Itvir M,589,1.0,1.0,27.0,589.0,1,4584.040747028863,2700000.0
Super built-up  Area,17-Jun,Electronic City,2 BHK,Prarkun,1108,2.0,1.0,63.0,1108.0,2,5685.9205776173285,6300000.0
Super built-up  Area,18-Apr,Electronic City,2 BHK,Prarkun,1128,2.0,1.0,65.0,1128.0,2,5762.41134751773,6500000.0
Super built-up  Area,Ready To Move,Electronic City,3 BHK,ShstaAl,1800,3.0,2.0,95.0,1800.0,3,5277.777777777777,9500000.0
Built-up  Area,18-Apr,Electronic City,1 BHK,Prarkun,630,1.0,1.0,34.65,630.0,1,5500.0,3465000.0
Super built-up  Area,18-Apr,Electronic City,2 BHK,Prarkun,1128,2.0,1.0,63.0,1128.0,2,5585.106382978724,6300000.0
Super built-up  Area,18-Apr,Electronic City,3 BHK,Prarkun,1599,3.0,2.0,99.0,1599.0,3,6191.369606003753,9900000.0
Super built-up  Area,18-Apr,Electronic City,2 BHK,Prarkun,1128,2.0,1.0,68.75,1128.0,2,6094.858156028369,6875000.0
Super built-up  Area,Ready To Move,Electronic City,3 BHK,GMown E,1360,2.0,1.0,71.0,1360.0,3,5220.588235294118,7100000.0
Super built-up  Area,21-Dec,Electronic City,3 BHK,KonteiT,1691,2.0,2.0,102.0,1691.0,3,6031.933767001774,10200000.0
Super built-up  Area,18-Aug,Electronic City,2 BHK,Prarkun,1128,2.0,1.0,65.49,1128.0,2,5805.851063829787,6548999.999999999
Super built-up  Area,18-May,Electronic City,2 BHK,Prarkun,1128,2.0,1.0,65.65,1128.0,2,5820.035460992909,6565000.000000001
Built-up  Area,Ready To Move,Electronic City,3 BHK,GMown E,1360,2.0,1.0,75.0,1360.0,3,5514.705882352941,7500000.0
Super built-up  Area,Ready To Move,Electronic City,2 BHK,Prarkun,1128,2.0,1.0,64.0,1128.0,2,5673.758865248227,6400000.0
Super built-up  Area,18-Jan,Electronic City,3 BHK,Prarkun,1571,3.0,2.0,89.0,1571.0,3,5665.1814131126675,8900000.0
Super built-up  Area,18-Apr,Electronic City,3 BHK,Prarkun,1374,2.0,1.0,72.0,1374.0,3,5240.174672489083,7200000.0
Super built-up  Area,18-Aug,Electronic City,2 BHK,Prarkun,1128,2.0,1.0,65.35,1128.0,2,5793.439716312056,6534999.999999999
Super built-up  Area,18-Apr,Electronic City,2 BHK,Prarkun,1128,2.0,1.0,65.0,1128.0,2,5762.41134751773,6500000.0
Super built-up  Area,21-Dec,Electronic City,3 BHK,KonteiT,1563,3.0,2.0,91.84,1563.0,3,5875.879718490083,9184000.0
Super built-up  Area,Ready To Move,Electronic City,2 BHK,Prarkun,1128,2.0,1.0,68.0,1128.0,2,6028.368794326241,6800000.0
Built-up  Area,Ready To Move,Electronic City,1 BHK,,700,1.0,1.0,35.0,700.0,1,5000.0,3500000.0
Super built-up  Area,Ready To Move,Electronic City,3 BHK,GMown E,1360,2.0,1.0,70.5,1360.0,3,5183.823529411765,7050000.0
Super built-up  Area,Ready To Move,Electronic City,3 BHK,Prarkun,1571,3.0,2.0,105.0,1571.0,3,6683.64099299809,10500000.0
Built-up  Area,18-Jan,Electronic City,3 BHK,Prarkun,1600,3.0,2.0,104.0,1600.0,3,6500.0,10400000.0
Built-up  Area,Ready To Move,Electronic City,3 BHK,GMown E,1500,2.0,1.0,100.0,1500.0,3,6666.666666666667,10000000.0
Super built-up  Area,18-Apr,Electronic City,2 BHK,Prarkun,1152,2.0,1.0,65.0,1152.0,2,5642.361111111111,6500000.0
Super built-up  Area,Ready To Move,Electronic City,2 BHK,GMown E,1070,2.0,1.0,60.0,1070.0,2,5607.476635514019,6000000.0
Super built-up  Area,18-Apr,Electronic City,2 BHK,Prarkun,1128,2.0,1.0,65.5,1128.0,2,5806.737588652482,6550000.0
Super built-up  Area,18-Mar,Electronic City,2 BHK,Prarkun,1152,2.0,1.0,65.75,1152.0,2,5707.465277777777,6575000.0
Super built-up  Area,Ready To Move,Electronic City,3 BHK,GMown E,1500,2.0,1.0,78.0,1500.0,3,5200.0,7800000.0
Super built-up  Area,Ready To Move,Electronic City,3 BHK,Goty  E,1575,3.0,2.0,90.0,1575.0,3,5714.285714285715,9000000.0
Built-up  Area,Ready To Move,Electronic City,1 RK,GMown E,435,1.0,1.0,19.5,435.0,1,4482.758620689655,1950000.0
Built-up  Area,Ready To Move,Electronic City,3 BHK,Goty  E,1449,3.0,2.0,100.0,1449.0,3,6901.311249137336,10000000.0
Super built-up  Area,Ready To Move,Electronic City,3 BHK,Goty  E,1575,3.0,3.0,101.0,1575.0,3,6412.6984126984125,10100000.0
Built-up  Area,Ready To Move,Electronic City,1 BHK,,550,1.0,1.0,12.0,550.0,1,2181.818181818182,1200000.0
Super built-up  Area,18-Apr,Electronic City,3 BHK,GMown E,1500,2.0,1.0,78.25,1500.0,3,5216.666666666667,7825000.0
Super built-up  Area,Ready To Move,Electronic City,2 BHK,Prarkun,1363,2.0,1.0,79.0,1363.0,2,5796.038151137197,7900000.0
Super built-up  Area,Ready To Move,Electronic City,2 BHK,Prarkun,1108,2.0,1.0,67.15,1108.0,2,6060.469314079423,6715000.000000001
Super built-up  Area,18-Aug,Electronic City,2 BHK,Prarkun,1128,2.0,1.0,65.7,1128.0,2,5824.468085106383,6570000.0
Built-up  Area,18-Apr,Electronic City,3 BHK,,1650,3.0,2.0,100.0,1650.0,3,6060.606060606061,10000000.0
Super built-up  Area,Ready To Move,Electronic City,3 BHK,Goty  E,1449,3.0,2.0,90.0,1449.0,3,6211.180124223602,9000000.0
Super built-up  Area,Ready To Move,Electronic City,2 BHK,Goty  E,1073,2.0,2.0,60.0,1073.0,2,5591.798695246971,6000000.0
Super built-up  Area,18-Apr,Electronic City,3 BHK,GMown E,1500,2.0,1.0,78.0,1500.0,3,5200.0,7800000.0
Super built-up  Area,21-Dec,Electronic City,2 BHK,KonteiT,1140,2.0,1.0,70.93,1140.0,2,6221.9298245614045,7093000.000000001
Built-up  Area,Ready To Move,Electronic City,2 BHK,Pao 3ow,940,2.0,1.0,54.0,940.0,2,5744.68085106383,5400000.0
Super built-up  Area,Ready To Move,Electronic City,1 BHK,GMown E,435,1.0,1.0,21.0,435.0,1,4827.586206896552,2100000.0
Super built-up  Area,18-Mar,Electronic City,3 BHK,GMown E,1500,2.0,1.0,77.5,1500.0,3,5166.666666666667,7750000.0
Super built-up  Area,Ready To Move,Electronic City,1 BHK,GMown E,435,1.0,1.0,22.0,435.0,1,5057.471264367816,2200000.0
Super built-up  Area,18-Apr,Electronic City,2 BHK,Prarkun,1128,2.0,1.0,64.0,1128.0,2,5673.758865248227,6400000.0
Super built-up  Area,18-Mar,Electronic City,1 BHK,Sidin J,605,1.0,0.0,13.31,605.0,1,2200.0,1331000.0
Super built-up  Area,19-Dec,Electronic City,1 BHK,Shntie ,530,1.0,1.0,13.5,530.0,1,2547.169811320755,1350000.0
Super built-up  Area,17-Oct,Electronic City,3 BHK,Prarkun,1571,3.0,2.0,83.0,1571.0,3,5283.259070655633,8300000.0
Super built-up  Area,Ready To Move,Electronic City,3 BHK,SJityVe,1652,3.0,3.0,110.0,1652.0,3,6658.595641646489,11000000.0
Super built-up  Area,18-Aug,Electronic City,2 BHK,Prarkun,1128,2.0,1.0,65.58,1128.0,2,5813.829787234043,6558000.0
Built-up  Area,Ready To Move,Electronic City,1 BHK,Palleon,635,1.0,1.0,28.0,635.0,1,4409.4488188976375,2800000.0
Super built-up  Area,18-Aug,Electronic City,2 BHK,Prarkun,1128,2.0,1.0,65.4,1128.0,2,5797.8723404255325,6540000.000000001
Super built-up  Area,Ready To Move,Electronic City,3 BHK,SJityVe,1609,3.0,3.0,115.0,1609.0,3,7147.296457426974,11500000.0
Super built-up  Area,Ready To Move,Electronic City,2 BHK,Prarkun,1108,2.0,1.0,63.0,1108.0,2,5685.9205776173285,6300000.0
Super built-up  Area,18-Apr,Electronic City,1 BHK,Prarkun,630,1.0,1.0,40.5,630.0,1,6428.571428571428,4050000.0
Super built-up  Area,Ready To Move,Electronic City,1 BHK,Sidin J,605,1.0,1.0,22.0,605.0,1,3636.3636363636365,2200000.0
Super built-up  Area,Ready To Move,Electronic City,3 BHK,GMown E,1360,2.0,1.0,70.0,1360.0,3,5147.058823529412,7000000.0
Super built-up  Area,Ready To Move,Electronic City,1 BHK,Palleon,635,1.0,0.0,28.0,635.0,1,4409.4488188976375,2800000.0
Super built-up  Area,18-Apr,Electronic City,2 BHK,Prarkun,1128,2.0,1.0,65.45,1128.0,2,5802.304964539007,6545000.0
Super built-up  Area,18-Aug,Electronic City,1 BHK,Prarkun,630,1.0,1.0,33.7,630.0,1,5349.20634920635,3370000.0000000005
Built-up  Area,Ready To Move,Electronic City,3 Bedroom,,1400,3.0,1.0,90.0,1400.0,3,6428.571428571428,9000000.0
Super built-up  Area,Ready To Move,Electronic City,2 BHK,Goty  E,1258,2.0,1.0,85.5,1258.0,2,6796.502384737679,8550000.0
Built-up  Area,Ready To Move,Electronic City,2 BHK,Prarkun,1386,2.0,1.0,85.0,1386.0,2,6132.7561327561325,8500000.0
Built-up  Area,Ready To Move,Electronic City,1 RK,GMown E,550,1.0,1.0,27.0,550.0,1,4909.090909090909,2700000.0
Built-up  Area,Ready To Move,Electronic City,3 BHK,Emodsel,1275,3.0,1.0,70.0,1275.0,3,5490.196078431372,7000000.0
Super built-up  Area,17-Jun,Electronic City,3 BHK,Prarkun,1644,3.0,2.0,92.59,1644.0,3,5631.995133819952,9259000.0
Super built-up  Area,Ready To Move,Electronic City,1 BHK,,418,1.0,1.0,12.0,418.0,1,2870.813397129187,1200000.0
Super built-up  Area,18-Apr,Electronic City,2 BHK,Prarkun,1128,2.0,1.0,64.8,1128.0,2,5744.68085106383,6480000.0
Super built-up  Area,21-Dec,Electronic City,1 BHK,KonteiT,710,1.0,1.0,40.42,710.0,1,5692.957746478874,4042000.0
Built-up  Area,18-Dec,Electronic City,1 BHK,,1090,2.0,1.0,31.48,1090.0,1,2888.0733944954127,3148000.0
Super built-up  Area,Ready To Move,Electronic City,2 BHK,SJityVe,1353,2.0,3.0,75.0,1353.0,2,5543.2372505543235,7500000.0
Super built-up  Area,18-Jul,Electronic City,2 BHK,Prarkun,1128,2.0,1.0,67.0,1128.0,2,5939.7163120567375,6700000.0
Built-up  Area,Ready To Move,Electronic City,3 BHK,BrnoxEq,1700,3.0,2.0,90.0,1700.0,3,5294.117647058823,9000000.0
Super built-up  Area,Ready To Move,Electronic City,1 BHK,,750,1.0,1.0,35.0,750.0,1,4666.666666666667,3500000.0
Built-up  Area,17-Jun,Electronic City,2 BHK,GMown E,1070,2.0,1.0,60.0,1070.0,2,5607.476635514019,6000000.0
Super built-up  Area,18-Jul,Electronic City,3 BHK,Prarkun,1615,3.0,2.0,97.0,1615.0,3,6006.1919504643965,9700000.0
Super built-up  Area,Ready To Move,Electronic City,2 BHK,Briumri,1221,2.0,2.0,68.0,1221.0,2,5569.205569205569,6800000.0
Super built-up  Area,Ready To Move,Electronic City,2 BHK,Prarkun,1342,2.0,1.0,90.0,1342.0,2,6706.408345752608,9000000.0
Super built-up  Area,18-Apr,Electronic City,2 BHK,Prarkun,1128,2.0,1.0,63.5,1128.0,2,5629.432624113475,6350000.0
Super built-up  Area,Ready To Move,Electronic City,1 BHK,Itvir M,589,1.0,1.0,29.0,589.0,1,4923.599320882852,2900000.0
Super built-up  Area,Ready To Move,Electronic City,3 BHK,Goty  E,1575,3.0,1.0,94.5,1575.0,3,6000.0,9450000.0
Super built-up  Area,21-Dec,Electronic City,4 BHK,KonteiT,2093,4.0,2.0,134.0,2093.0,4,6402.293358815098,13400000.0
Super built-up  Area,18-May,Electronic City Phase II,1 BHK,SNbay G,630,1.0,1.0,28.35,630.0,1,4500.0,2835000.0
Built-up  Area,Ready To Move,Electronic City Phase II,3 BHK,SNbay G,1790,3.0,3.0,100.0,1790.0,3,5586.592178770949,10000000.0
Super built-up  Area,Ready To Move,Electronic City Phase II,3 BHK,SJmesst,1549,3.0,2.0,80.0,1549.0,3,5164.622336991608,8000000.0
Built-up  Area,16-Oct,Electronic City Phase II,3 BHK,Brods W,1252,2.0,3.0,65.0,1252.0,3,5191.693290734825,6500000.0
Super built-up  Area,Ready To Move,Electronic City Phase II,1 BHK,Srrlsnu,650,1.0,1.0,35.0,650.0,1,5384.615384615385,3500000.0
Built-up  Area,18-May,Electronic City Phase II,3 BHK,SNbay G,1940,4.0,3.0,116.0,1940.0,3,5979.381443298969,11600000.0
Super built-up  Area,Ready To Move,Electronic City Phase II,3 BHK,Brods W,1252,2.0,1.0,65.0,1252.0,3,5191.693290734825,6500000.0
Built-up  Area,Ready To Move,Electronic City Phase II,1 BHK,,575,1.0,1.0,16.75,575.0,1,2913.0434782608695,1675000.0
Super built-up  Area,Ready To Move,Electronic City Phase II,3 BHK,Assha A,925,2.0,1.0,49.82,925.0,3,5385.945945945946,4982000.0
Super built-up  Area,Ready To Move,Electronics City Phase 1,3 BHK,SNdri N,1475,3.0,2.0,78.29,1475.0,3,5307.796610169492,7829000.000000001
Built-up  Area,Ready To Move,Electronics City Phase 1,3 BHK,GaicaVe,1490,3.0,1.0,78.8,1490.0,3,5288.5906040268455,7880000.0
Super built-up  Area,Ready To Move,Electronics City Phase 1,3 BHK,GaicaVe,1490,3.0,1.0,84.0,1490.0,3,5637.583892617449,8400000.0
Built-up  Area,Ready To Move,Electronics City Phase 1,2 BHK,GaicaVe,1015,2.0,1.0,56.0,1015.0,2,5517.241379310345,5600000.0
Super built-up  Area,Ready To Move,Electronics City Phase 1,3 BHK,SNdri N,1515,2.0,1.0,80.91,1515.0,3,5340.59405940594,8091000.0
Super built-up  Area,Ready To Move,Electronics City Phase 1,3 BHK,SNdri N,1555,2.0,1.0,82.0,1555.0,3,5273.311897106109,8200000.0
Built-up  Area,18-Jul,Electronics City Phase 1,2 BHK,Shitt S,1340,2.0,2.0,75.0,1340.0,2,5597.014925373134,7500000.0
Super built-up  Area,Ready To Move,Electronics City Phase 1,1 BHK,SrnesSr,650,1.0,1.0,23.0,650.0,1,3538.4615384615386,2300000.0
Super built-up  Area,18-Dec,Electronics City Phase 1,1 BHK,Shitt S,755,1.0,1.0,42.41,755.0,1,5617.218543046358,4241000.0
Built-up  Area,Ready To Move,Electronics City Phase 1,1 BHK,PaownNe,580,1.0,1.0,27.0,580.0,1,4655.172413793103,2700000.0
Super built-up  Area,18-May,Electronics City Phase 1,2 BHK,Shitt S,1175,2.0,1.0,69.0,1175.0,2,5872.340425531915,6900000.0
Built-up  Area,Ready To Move,Electronics City Phase 1,3 BHK,,1350,3.0,0.0,71.0,1350.0,3,5259.259259259259,7100000.0
Built-up  Area,Ready To Move,Electronics City Phase 1,1 BHK,Prmes H,635,1.0,0.0,26.0,635.0,1,4094.488188976378,2600000.0
Super built-up  Area,18-May,Electronics City Phase 1,2 BHK,Shitt S,1190,2.0,1.0,68.0,1190.0,2,5714.285714285715,6800000.0
Super built-up  Area,Ready To Move,Electronics City Phase 1,1 RK,,360,1.0,0.0,16.9,360.0,1,4694.444444444443,1689999.9999999998
Built-up  Area,Ready To Move,Electronics City Phase 1,1 BHK,,638,1.0,1.0,32.0,638.0,1,5015.673981191223,3200000.0
Super built-up  Area,18-Dec,Electronics City Phase 1,2 BHK,Shitt S,1175,2.0,2.0,64.98,1175.0,2,5530.212765957447,6498000.0
Super built-up  Area,Ready To Move,Electronics City Phase 1,1 BHK,,585,1.0,1.0,21.0,585.0,1,3589.74358974359,2100000.0
Super built-up  Area,Ready To Move,Electronics City Phase 1,2 BHK,PSmalsh,1125,2.0,2.0,65.0,1125.0,2,5777.777777777777,6500000.0
Super built-up  Area,Ready To Move,Electronics City Phase 1,3 BHK,Shiaa S,1550,2.0,2.0,82.0,1550.0,3,5290.322580645161,8200000.0
Super built-up  Area,Ready To Move,Electronics City Phase 1,3 BHK,,1800,3.0,2.0,93.0,1800.0,3,5166.666666666667,9300000.0
Super built-up  Area,18-Dec,Electronics City Phase 1,3 BHK,Shitt S,1450,3.0,2.0,79.0,1450.0,3,5448.275862068966,7900000.0
Super built-up  Area,Ready To Move,Electronics City Phase 1,1 BHK,Shitt S,755,1.0,0.0,30.12,755.0,1,3989.4039735099336,3012000.0
Plot  Area,18-May,Esther Enclave Layout,2 Bedroom,,1000,2.0,0.0,66.0,1000.0,2,6600.0,6600000.0
Super built-up  Area,Ready To Move,Ferrar Nagar,2 BHK,Leton A,1180,2.0,1.0,69.0,1180.0,2,5847.457627118644,6900000.0
Super built-up  Area,Ready To Move,Frazer Town,3 BHK,CaaveEn,1700,3.0,1.0,180.0,1700.0,3,10588.235294117647,18000000.0
Built-up  Area,Ready To Move,Frazer Town,3 BHK,Frhts H,1305,3.0,,95.45,1305.0,3,7314.176245210728,9545000.0
Super built-up  Area,Ready To Move,Frazer Town,3 BHK,Bamita ,1870,3.0,3.0,185.0,1870.0,3,9893.048128342247,18500000.0
Super built-up  Area,Ready To Move,Frazer Town,3 BHK,Asareur,1750,3.0,2.0,150.0,1750.0,3,8571.42857142857,15000000.0
Super built-up  Area,Ready To Move,Frazer Town,4 BHK,Meentan,4850,6.0,2.0,385.0,4850.0,4,7938.144329896907,38500000.0
Super built-up  Area,Ready To Move,Frazer Town,3 BHK,,2000,3.0,1.0,200.0,2000.0,3,10000.0,20000000.0
Built-up  Area,Ready To Move,Frazer Town,3 BHK,Nanorkr,3500,4.0,2.0,330.0,3500.0,3,9428.57142857143,33000000.0
Super built-up  Area,Ready To Move,Frazer Town,3 BHK,,2350,4.0,3.0,285.0,2350.0,3,12127.659574468085,28500000.0
Plot  Area,Ready To Move,Frazer Town,5 Bedroom,,2350,2.0,0.0,423.0,2350.0,5,18000.0,42300000.0
Super built-up  Area,Ready To Move,Frazer Town,2 BHK,Asneren,1550,2.0,2.0,140.0,1550.0,2,9032.258064516129,14000000.0
Built-up  Area,Ready To Move,Frazer Town,3 BHK,Clint E,1900,4.0,2.0,145.0,1900.0,3,7631.578947368421,14500000.0
Super built-up  Area,Ready To Move,Frazer Town,3 BHK,Prook M,2560,3.0,2.0,265.0,2560.0,3,10351.5625,26500000.0
Super built-up  Area,Ready To Move,Frazer Town,3 BHK,,2400,3.0,2.0,260.0,2400.0,3,10833.333333333334,26000000.0
Super built-up  Area,Ready To Move,Frazer Town,3 BHK,Prook M,2560,3.0,,288.0,2560.0,3,11250.0,28800000.0
Built-up  Area,Ready To Move,Frazer Town,4 BHK,Asuilnc,3436,5.0,,341.0,3436.0,4,9924.330616996507,34100000.0
Super built-up  Area,Ready To Move,Frazer Town,4 BHK,Meentan,4856,5.0,3.0,410.0,4856.0,4,8443.163097199342,41000000.0
Built-up  Area,Ready To Move,Frazer Town,2 BHK,Elrisnt,1315,2.0,2.0,140.0,1315.0,2,10646.38783269962,14000000.0
Super built-up  Area,Ready To Move,Frazer Town,3 BHK,,1706,3.0,3.0,154.0,1706.0,3,9026.963657678782,15400000.0
Built-up  Area,18-Apr,Frazer Town,3 BHK,,2079,3.0,3.0,220.0,2079.0,3,10582.010582010582,22000000.0
Built-up  Area,Ready To Move,Frazer Town,4 BHK,Asuilnc,3435,2.0,1.0,341.0,3435.0,4,9927.21979621543,34100000.0
Super built-up  Area,Ready To Move,Frazer Town,4 BHK,Asuilnc,3436,5.0,,345.0,3436.0,4,10040.745052386495,34500000.0
Plot  Area,18-Feb,Frazer Town,1 Bedroom,,560,1.0,0.0,90.0,560.0,1,16071.42857142857,9000000.0
Super built-up  Area,Ready To Move,Frazer Town,3 BHK,APuraen,3100,3.0,,400.0,3100.0,3,12903.225806451614,40000000.0
Super built-up  Area,Ready To Move,Frazer Town,3 BHK,Tusom B,5400,3.0,2.0,400.0,5400.0,3,7407.407407407408,40000000.0
Super built-up  Area,Ready To Move,Frazer Town,2 BHK,,1180,2.0,1.0,105.0,1180.0,2,8898.305084745763,10500000.0
Super built-up  Area,Ready To Move,Frazer Town,4 BHK,,2900,4.0,2.0,325.0,2900.0,4,11206.896551724138,32500000.0
Plot  Area,Ready To Move,Frazer Town,5 Bedroom,,2801.25,4.0,1.0,462.0,2801.25,5,16492.637215528783,46200000.0
Built-up  Area,Ready To Move,Frazer Town,2 BHK,,1200,2.0,1.0,78.0,1200.0,2,6500.0,7800000.0
Super built-up  Area,20-Jul,Frazer Town,3 BHK,,2214,3.0,3.0,350.0,2214.0,3,15808.491418247515,35000000.0
Super built-up  Area,Ready To Move,Frazer Town,3 BHK,Bamita ,1870,3.0,3.0,180.0,1870.0,3,9625.668449197861,18000000.0
Super built-up  Area,18-Dec,Frazer Town,4 BHK,Emsisy ,4100,4.0,3.0,660.0,4100.0,4,16097.560975609756,66000000.0
Plot  Area,Ready To Move,Frazer Town,1 Bedroom,,896,1.0,0.0,100.0,896.0,1,11160.714285714286,10000000.0
Built-up  Area,Ready To Move,Frazer Town,2 BHK,Saentpa,1420,2.0,0.0,120.0,1420.0,2,8450.704225352112,12000000.0
Built-up  Area,Ready To Move,Friends Colony,3 BHK,,1150,2.0,1.0,75.0,1150.0,3,6521.739130434783,7500000.0
Plot  Area,Ready To Move,Gandhi Bazar,6 Bedroom,,1020,6.0,,370.0,1020.0,6,36274.509803921566,37000000.0
Plot  Area,Ready To Move,Ganesha Block,3 Bedroom,,2500,2.0,1.0,300.0,2500.0,3,12000.0,30000000.0
Super built-up  Area,Ready To Move,Ganga Nagar,1 BHK,Ceove G,600,1.0,0.0,38.0,600.0,1,6333.333333333333,3800000.0
Super built-up  Area,Ready To Move,Ganga Nagar,2 BHK,Laavevi,845,2.0,1.0,55.0,845.0,2,6508.87573964497,5500000.0
Super built-up  Area,Ready To Move,Ganga Nagar,2 BHK,,1112,2.0,3.0,68.0,1112.0,2,6115.107913669065,6800000.0
Super built-up  Area,Ready To Move,Ganga Nagar,2 BHK,,998,2.0,2.0,65.0,998.0,2,6513.026052104208,6500000.0
Built-up  Area,Ready To Move,Garebhavipalya,2 Bedroom,,1200,2.0,1.0,75.0,1200.0,2,6250.0,7500000.0
Plot  Area,Ready To Move,Gattigere,5 Bedroom,,900,6.0,1.0,95.0,900.0,5,10555.555555555555,9500000.0
Plot  Area,Ready To Move,Gaurava Nagar,5 Bedroom,,1650,6.0,,200.0,1650.0,5,12121.212121212122,20000000.0
Plot  Area,Ready To Move,Gidada Konnenahalli,4 Bedroom,,1200,4.0,2.0,240.0,1200.0,4,20000.0,24000000.0
Plot  Area,Ready To Move,Giri Nagar,3 Bedroom,,880,3.0,1.0,140.0,880.0,3,15909.09090909091,14000000.0
Plot  Area,Ready To Move,Giri Nagar,4 Bedroom,,2400,4.0,1.0,400.0,2400.0,4,16666.666666666668,40000000.0
Plot  Area,Ready To Move,Giri Nagar,3 Bedroom,Bancyri,1800,3.0,2.0,252.0,1800.0,3,14000.0,25200000.0
Plot  Area,Ready To Move,Giri Nagar,3 Bedroom,,1350,3.0,0.0,240.0,1350.0,3,17777.777777777777,24000000.0
Plot  Area,Ready To Move,Giri Nagar,4 Bedroom,,2400,4.0,2.0,400.0,2400.0,4,16666.666666666668,40000000.0
Built-up  Area,Ready To Move,Giri Nagar,6 Bedroom,,3000,4.0,1.0,375.0,3000.0,6,12500.0,37500000.0
Plot  Area,Ready To Move,Giri Nagar,6 Bedroom,,2400,6.0,1.0,400.0,2400.0,6,16666.666666666668,40000000.0
Plot  Area,Ready To Move,Giri Nagar,6 Bedroom,,600,6.0,3.0,100.0,600.0,6,16666.666666666668,10000000.0
Plot  Area,18-May,Giri Nagar,4 Bedroom,,1120,4.0,2.0,175.0,1120.0,4,15625.0,17500000.0
Plot  Area,Ready To Move,Giri Nagar,4 Bedroom,,4000,3.0,2.0,750.0,4000.0,4,18750.0,75000000.0
Super built-up  Area,Ready To Move,Giri Nagar,6 BHK,,1200,3.0,0.0,175.0,1200.0,6,14583.333333333334,17500000.0
Plot  Area,Ready To Move,Gkvk Layout,3 Bedroom,,1350,3.0,3.0,195.0,1350.0,3,14444.444444444445,19500000.0
Plot  Area,Ready To Move,Gkvk Layout,3 Bedroom,,1200,4.0,2.0,180.0,1200.0,3,15000.0,18000000.0
Carpet  Area,Ready To Move,Gokula Extension,3 BHK,,1372,2.0,1.0,90.0,1372.0,3,6559.766763848396,9000000.0
Super built-up  Area,Ready To Move,Gokula Extension,3 BHK,,1400,3.0,2.0,90.0,1400.0,3,6428.571428571428,9000000.0
Super built-up  Area,19-Mar,Gopalapura,3 BHK,Sothadr,2023.71,3.0,2.0,275.0,2023.71,3,13588.903548433324,27500000.0
Super built-up  Area,18-Dec,Gopalapura,4 BHK,Sothadr,3179,5.0,3.0,351.0,3179.0,4,11041.207927021076,35100000.0
Super built-up  Area,19-Mar,Gopalapura,3 BHK,Sothadr,1950.2,3.0,2.0,261.0,1950.2,3,13383.242744333915,26100000.0
Super built-up  Area,19-Mar,Gopalapura,3 BHK,Sothadr,2171.66,3.0,2.0,298.0,2171.66,3,13722.221710580847,29800000.0
Super built-up  Area,Ready To Move,Gopalkrishna Nagar,2 BHK,MJarlPe,1165,2.0,2.0,75.0,1165.0,2,6437.768240343347,7500000.0
Built-up  Area,Ready To Move,Gopalkrishna Nagar,2 BHK,,1280,2.0,1.0,75.0,1280.0,2,5859.375,7500000.0
Super built-up  Area,Ready To Move,Gopalkrishna Nagar,3 BHK,MJarlPe,1530,2.0,1.0,97.0,1530.0,3,6339.869281045751,9700000.0
Super built-up  Area,Ready To Move,Gopalkrishna Nagar,2 BHK,MJarlPe,1155,2.0,1.0,65.0,1155.0,2,5627.705627705628,6500000.0
Super built-up  Area,Ready To Move,Gopalkrishna Nagar,3 BHK,MJarlPe,1570,2.0,2.0,95.0,1570.0,3,6050.955414012738,9500000.0
Super built-up  Area,Ready To Move,Gopalkrishna Nagar,2 BHK,MJarlPe,1155,2.0,1.0,64.0,1155.0,2,5541.1255411255415,6400000.0
Plot  Area,Ready To Move,Gottigere,1 Bedroom,,812,1.0,0.0,26.0,812.0,1,3201.9704433497536,2600000.0
Plot  Area,Ready To Move,Gottigere,1 Bedroom,,812,1.0,1.0,26.0,812.0,1,3201.9704433497536,2600000.0
Super built-up  Area,Ready To Move,Govindapura,2 BHK,AbarkVa,1310,2.0,1.0,88.0,1310.0,2,6717.557251908397,8800000.0
Plot  Area,Ready To Move,Govindaraja Nagar Ward,5 Bedroom,,2600,5.0,3.0,370.0,2600.0,5,14230.76923076923,37000000.0
Plot  Area,Ready To Move,Gowdanapalya,8 Bedroom,,1200,8.0,2.0,190.0,1200.0,8,15833.333333333334,19000000.0
Plot  Area,Ready To Move,Gowdanapalya,2 Bedroom,,600,2.0,2.0,39.0,600.0,2,6500.0,3900000.0
Built-up  Area,Ready To Move,Gowdanapalya,1 Bedroom,,510,1.0,0.0,34.0,510.0,1,6666.666666666667,3400000.0
Super built-up  Area,Ready To Move,Green Domain Layout,3 BHK,,2100,3.0,3.0,170.0,2100.0,3,8095.238095238095,17000000.0
Built-up  Area,Ready To Move,Green Glen Layout,3 BHK,Soweray,1670,3.0,2.0,120.0,1670.0,3,7185.62874251497,12000000.0
Super built-up  Area,Ready To Move,Green Glen Layout,4 BHK,,3250,4.0,3.0,230.0,3250.0,4,7076.923076923077,23000000.0
Super built-up  Area,Ready To Move,Green Glen Layout,3 BHK,Solia D,1776.42,3.0,2.0,105.0,1776.42,3,5910.764346269463,10500000.0
Super built-up  Area,Ready To Move,Green Glen Layout,4 BHK,,3250,4.0,,230.0,3250.0,4,7076.923076923077,23000000.0
Built-up  Area,Ready To Move,Green Glen Layout,2 BHK,Mazzo P,940,2.0,1.0,56.8,940.0,2,6042.553191489362,5680000.0
Built-up  Area,Ready To Move,Green Glen Layout,2 BHK,Blisera,1075,2.0,1.0,60.0,1075.0,2,5581.395348837209,6000000.0
Super built-up  Area,Ready To Move,Green Glen Layout,3 BHK,Soionar,1715,3.0,2.0,115.0,1715.0,3,6705.539358600583,11500000.0
Super built-up  Area,Ready To Move,Green Glen Layout,3 BHK,Soweray,1751,2.0,1.0,115.0,1751.0,3,6567.6756139348945,11500000.0
Super built-up  Area,Ready To Move,Green Glen Layout,3 BHK,Soionar,1750,3.0,2.0,130.0,1750.0,3,7428.571428571428,13000000.0
Super built-up  Area,Ready To Move,Green Glen Layout,3 BHK,Soinequ,1530,3.0,2.0,105.0,1530.0,3,6862.745098039216,10500000.0
Super built-up  Area,Ready To Move,Green Glen Layout,3 BHK,Solia D,1752,3.0,2.0,105.0,1752.0,3,5993.1506849315065,10500000.0
Super built-up  Area,Ready To Move,Green Glen Layout,3 BHK,VVbhion,1680,4.0,3.0,95.0,1680.0,3,5654.761904761905,9500000.0
Super built-up  Area,Ready To Move,Green Glen Layout,3 BHK,Soweray,1728,3.0,2.0,125.0,1728.0,3,7233.7962962962965,12500000.0
Super built-up  Area,Ready To Move,Green Glen Layout,3 BHK,SoosePr,1645,3.0,2.0,110.0,1645.0,3,6686.930091185411,11000000.0
Super built-up  Area,Ready To Move,Green Glen Layout,3 BHK,Soinequ,1517,3.0,3.0,100.0,1517.0,3,6591.957811470006,10000000.0
Super built-up  Area,Ready To Move,Green Glen Layout,4 BHK,,3150,4.0,3.0,218.0,3150.0,4,6920.6349206349205,21800000.0
Super built-up  Area,Ready To Move,Green Glen Layout,3 BHK,Soweray,1750,3.0,2.0,120.0,1750.0,3,6857.142857142857,12000000.0
Super built-up  Area,Ready To Move,Green Glen Layout,3 BHK,Soweray,1751,3.0,2.0,115.0,1751.0,3,6567.6756139348945,11500000.0
Super built-up  Area,Ready To Move,Green Glen Layout,3 BHK,Solia D,1750,3.0,2.0,105.0,1750.0,3,6000.0,10500000.0
Super built-up  Area,Ready To Move,Green Glen Layout,3 BHK,Sortz Q,1885,3.0,2.0,135.0,1885.0,3,7161.803713527852,13500000.0
Super built-up  Area,Ready To Move,Green Glen Layout,3 BHK,SoosePr,1715,3.0,3.0,120.0,1715.0,3,6997.084548104956,12000000.0
Super built-up  Area,Ready To Move,Green Glen Layout,3 BHK,SoosePr,1623.29,2.0,2.0,105.0,1623.29,3,6468.345150897252,10500000.0
Super built-up  Area,Ready To Move,Green Glen Layout,3 BHK,Soionar,1715,3.0,3.0,115.0,1715.0,3,6705.539358600583,11500000.0
Super built-up  Area,Ready To Move,Green Glen Layout,3 BHK,SoosePr,1715,3.0,2.0,105.0,1715.0,3,6122.448979591837,10500000.0
Built-up  Area,Ready To Move,Green Glen Layout,3 BHK,Soionar,1600,3.0,3.0,105.0,1600.0,3,6562.5,10500000.0
Super built-up  Area,Ready To Move,Green Glen Layout,3 BHK,Soweray,1717,3.0,3.0,125.0,1717.0,3,7280.139778683751,12500000.0
Built-up  Area,Ready To Move,Green Glen Layout,2 BHK,,1250,2.0,0.0,75.0,1250.0,2,6000.0,7500000.0
Super built-up  Area,Ready To Move,Green Glen Layout,3 BHK,SoosePr,1715,3.0,3.0,112.0,1715.0,3,6530.6122448979595,11200000.0
Super built-up  Area,Ready To Move,Gubbalala,3 BHK,MauilTr,1470,2.0,2.0,82.0,1470.0,3,5578.231292517007,8200000.0
Super built-up  Area,Ready To Move,Gubbalala,3 BHK,MauilTr,1745,3.0,2.0,125.0,1745.0,3,7163.323782234957,12500000.0
Super built-up  Area,Ready To Move,Gubbalala,3 BHK,MauilTr,1745,3.0,2.0,104.0,1745.0,3,5959.885386819485,10400000.0
Super built-up  Area,Ready To Move,Gubbalala,3 BHK,MauilTr,1745,3.0,2.0,115.0,1745.0,3,6590.25787965616,11500000.0
Super built-up  Area,Ready To Move,Gubbalala,3 BHK,MauilTr,1745,3.0,2.0,110.0,1745.0,3,6303.7249283667625,11000000.0
Super built-up  Area,Ready To Move,Gubbalala,2 BHK,MauilTr,1205,2.0,2.0,70.0,1205.0,2,5809.128630705394,7000000.0
Super built-up  Area,Ready To Move,Gubbalala,3 BHK,MauilTr,1435,2.0,2.0,80.0,1435.0,3,5574.912891986062,8000000.0
Super built-up  Area,Ready To Move,Gubbalala,3 BHK,MauilTr,2000,3.0,3.0,125.0,2000.0,3,6250.0,12500000.0
Built-up  Area,Ready To Move,Gubbalala,3 BHK,MauilTr,1745,3.0,2.0,130.0,1745.0,3,7449.856733524355,13000000.0
Super built-up  Area,Ready To Move,Gubbalala,2 BHK,MauilTr,1285,2.0,2.0,90.0,1285.0,2,7003.8910505836575,9000000.0
Plot  Area,Ready To Move,Guddadahalli,4 Bedroom,,1350,4.0,2.0,140.0,1350.0,4,10370.37037037037,14000000.0
Super built-up  Area,Ready To Move,Guni Agrahara,3 BHK,,1200,2.0,2.0,120.0,1200.0,3,10000.0,12000000.0
Super built-up  Area,Ready To Move,Gunjur,3 BHK,MyhtsHe,1588,2.0,3.0,90.0,1588.0,3,5667.506297229219,9000000.0
Super built-up  Area,Ready To Move,HAL 2nd Stage,3 BHK,MamalPr,1490,2.0,2.0,300.0,1490.0,3,20134.228187919463,30000000.0
Plot  Area,17-Dec,HAL 2nd Stage,2 Bedroom,,600,3.0,2.0,145.0,600.0,2,24166.666666666668,14500000.0
Plot  Area,Ready To Move,HAL 2nd Stage,3 Bedroom,,2700,3.0,0.0,500.0,2700.0,3,18518.51851851852,50000000.0
Plot  Area,Ready To Move,HAL 2nd Stage,7 Bedroom,,1000,7.0,3.0,250.0,1000.0,7,25000.0,25000000.0
Plot  Area,Ready To Move,HAL 2nd Stage,4 Bedroom,,2280,4.0,2.0,615.0,2280.0,4,26973.684210526317,61500000.0
Plot  Area,Ready To Move,HAL 2nd Stage,8 Bedroom,,1000,7.0,3.0,260.0,1000.0,8,26000.0,26000000.0
Plot  Area,Ready To Move,HAL 2nd Stage,5 Bedroom,,2040,4.0,1.0,500.0,2040.0,5,24509.803921568626,50000000.0
Plot  Area,Ready To Move,HAL 3rd Stage,3 Bedroom,,1865,3.0,3.0,350.0,1865.0,3,18766.756032171583,35000000.0
Plot  Area,Ready To Move,HBR Layout,4 Bedroom,,675,3.0,1.0,59.0,675.0,4,8740.74074074074,5900000.0
Built-up  Area,Ready To Move,HBR Layout,3 BHK,Peentn ,2800,2.0,0.0,200.0,2800.0,3,7142.857142857143,20000000.0
Super built-up  Area,Ready To Move,HBR Layout,3 BHK,Gats He,1722,3.0,,95.0,1722.0,3,5516.8408826945415,9500000.0
Plot  Area,Ready To Move,HBR Layout,4 Bedroom,,1200,4.0,0.0,120.0,1200.0,4,10000.0,12000000.0
Built-up  Area,Ready To Move,HBR Layout,3 BHK,Giersin,1783,3.0,2.0,125.0,1783.0,3,7010.656197420079,12500000.0
Super built-up  Area,Ready To Move,HBR Layout,3 BHK,HMtesle,1656,3.0,2.0,90.0,1656.0,3,5434.782608695652,9000000.0
Plot  Area,16-Mar,HBR Layout,4 Bedroom,,2400,5.0,0.0,320.0,2400.0,4,13333.333333333334,32000000.0
Super built-up  Area,Ready To Move,HBR Layout,3 BHK,Visom B,1700,3.0,1.0,110.0,1700.0,3,6470.588235294118,11000000.0
Plot  Area,Ready To Move,HBR Layout,4 Bedroom,,1200,4.0,2.0,115.0,1200.0,4,9583.333333333334,11500000.0
Plot  Area,Ready To Move,HBR Layout,3 Bedroom,,1800,2.0,1.0,230.0,1800.0,3,12777.777777777777,23000000.0
Built-up  Area,Ready To Move,HBR Layout,2 Bedroom,,1200,2.0,0.0,120.0,1200.0,2,10000.0,12000000.0
Super built-up  Area,Ready To Move,HBR Layout,3 BHK,Giersin,1832,3.0,2.0,160.0,1832.0,3,8733.624454148472,16000000.0
Plot  Area,Ready To Move,HRBR Layout,4 Bedroom,,2000,4.0,1.0,300.0,2000.0,4,15000.0,30000000.0
Built-up  Area,Ready To Move,HRBR Layout,2 BHK,Eline P,1374,2.0,2.0,95.0,1374.0,2,6914.1193595342065,9500000.0
Built-up  Area,Ready To Move,HRBR Layout,2 BHK,Vaaveeh,1440,2.0,2.0,98.0,1440.0,2,6805.555555555556,9800000.0
Super built-up  Area,Ready To Move,HRBR Layout,3 BHK,,1567,3.0,3.0,90.0,1567.0,3,5743.458838544991,9000000.0
Super built-up  Area,Ready To Move,HRBR Layout,3 BHK,VDenaWa,2800,3.0,2.0,250.0,2800.0,3,8928.57142857143,25000000.0
Super built-up  Area,Ready To Move,HRBR Layout,2 BHK,Srayatr,1210,2.0,1.0,75.0,1210.0,2,6198.347107438017,7500000.0
Plot  Area,Ready To Move,HRBR Layout,4 Bedroom,,1200,2.0,1.0,170.0,1200.0,4,14166.666666666666,17000000.0
Super built-up  Area,Ready To Move,HRBR Layout,2 BHK,Srayatr,1265,2.0,1.0,78.0,1265.0,2,6166.00790513834,7800000.0
Plot  Area,Ready To Move,HRBR Layout,4 Bedroom,,1200,3.0,1.0,180.0,1200.0,4,15000.0,18000000.0
Super built-up  Area,Ready To Move,HRBR Layout,2 BHK,,1170,2.0,2.0,75.0,1170.0,2,6410.25641025641,7500000.0
Built-up  Area,Ready To Move,HRBR Layout,3 BHK,Fleepi ,1335,2.0,1.0,87.0,1335.0,3,6516.853932584269,8700000.0
Super built-up  Area,Ready To Move,HRBR Layout,3 BHK,,1625,3.0,2.0,120.0,1625.0,3,7384.615384615385,12000000.0
Super built-up  Area,21-Dec,HRBR Layout,2 BHK,,1301,2.0,1.0,120.0,1301.0,2,9223.674096848577,12000000.0
Super built-up  Area,Ready To Move,HRBR Layout,2 BHK,,1145,2.0,2.0,68.5,1145.0,2,5982.532751091703,6850000.0
Built-up  Area,Ready To Move,HRBR Layout,2 BHK,Vaaveeh,1300,2.0,3.0,90.0,1300.0,2,6923.076923076923,9000000.0
Super built-up  Area,Ready To Move,HSR Layout,3 BHK,Klort C,1750,3.0,2.0,95.0,1750.0,3,5428.571428571428,9500000.0
Super built-up  Area,Ready To Move,HSR Layout,3 BHK,Brstark,1650,3.0,2.0,110.0,1650.0,3,6666.666666666667,11000000.0
Super built-up  Area,Ready To Move,HSR Layout,2 BHK,SruntFa,1127,2.0,1.0,68.0,1127.0,2,6033.717834960071,6800000.0
Super built-up  Area,Ready To Move,HSR Layout,3 BHK,RotatHa,1600,2.0,2.0,115.0,1600.0,3,7187.5,11500000.0
Super built-up  Area,Ready To Move,HSR Layout,2 BHK,Ammesss,1009,2.0,2.0,56.0,1009.0,2,5550.049554013875,5600000.0
Built-up  Area,Ready To Move,HSR Layout,4 Bedroom,Rocid P,2792,4.0,1.0,220.0,2792.0,4,7879.656160458453,22000000.0
Super built-up  Area,Ready To Move,HSR Layout,2 BHK,AdadeEs,1300,2.0,2.0,98.0,1300.0,2,7538.461538461538,9800000.0
Built-up  Area,Ready To Move,HSR Layout,2 BHK,SruntFa,1126,2.0,1.0,69.0,1126.0,2,6127.886323268206,6900000.0
Super built-up  Area,Ready To Move,HSR Layout,2 BHK,Siestr ,1142,2.0,2.0,65.0,1142.0,2,5691.768826619965,6500000.0
Built-up  Area,Ready To Move,HSR Layout,5 Bedroom,,3500,5.0,0.0,350.0,3500.0,5,10000.0,35000000.0
Super built-up  Area,Ready To Move,HSR Layout,3 BHK,PuontFa,2020,3.0,2.0,160.0,2020.0,3,7920.792079207921,16000000.0
Super built-up  Area,Ready To Move,HSR Layout,3 BHK,SrisePo,1844,3.0,3.0,95.0,1844.0,3,5151.843817787419,9500000.0
Plot  Area,Ready To Move,HSR Layout,4 Bedroom,,2500,4.0,3.0,300.0,2500.0,4,12000.0,30000000.0
Built-up  Area,Ready To Move,HSR Layout,2 BHK,VaiewV ,1203,2.0,2.0,72.0,1203.0,2,5985.037406483791,7200000.0
Super built-up  Area,Ready To Move,HSR Layout,2 BHK,Ammesss,1009,2.0,2.0,56.0,1009.0,2,5550.049554013875,5600000.0
Super built-up  Area,Ready To Move,HSR Layout,3 BHK,PuontFa,1590,2.0,2.0,135.0,1590.0,3,8490.566037735849,13500000.0
Built-up  Area,Ready To Move,HSR Layout,2 BHK,,1120,2.0,1.0,70.0,1120.0,2,6250.0,7000000.0
Plot  Area,Ready To Move,Hadosiddapura,3 Bedroom,JRichee,1200,3.0,2.0,165.0,1200.0,3,13750.0,16500000.0
Super built-up  Area,Ready To Move,Hanumantha Nagar,8 BHK,,3300,8.0,3.0,310.0,3300.0,8,9393.939393939394,31000000.0
Super built-up  Area,18-Apr,Haralur Road,2 BHK,SNnia E,1240,2.0,1.0,70.0,1240.0,2,5645.1612903225805,7000000.0
Plot  Area,Ready To Move,Haralur Road,4 Bedroom,,2650,4.0,2.0,198.0,2650.0,4,7471.698113207547,19800000.0
Built-up  Area,18-Mar,Haralur Road,4 BHK,SNnia E,3385,5.0,,260.0,3385.0,4,7680.945347119646,26000000.0
Super built-up  Area,Ready To Move,Haralur Road,2 BHK,Zostaa ,1056,2.0,1.0,61.0,1056.0,2,5776.515151515152,6100000.0
Super built-up  Area,18-Jul,Haralur Road,3 BHK,SNnia E,1810,3.0,2.0,100.0,1810.0,3,5524.861878453039,10000000.0
Super built-up  Area,Ready To Move,Haralur Road,3 BHK,DSimaUl,1920,3.0,1.0,115.0,1920.0,3,5989.583333333333,11500000.0
Super built-up  Area,18-May,Haralur Road,3 BHK,SNnia E,1875,3.0,2.0,110.0,1875.0,3,5866.666666666667,11000000.0
Super built-up  Area,Ready To Move,Haralur Road,3 BHK,NDionas,2017,3.0,2.0,125.0,2017.0,3,6197.322756569162,12500000.0
Super built-up  Area,18-Jul,Haralur Road,3 BHK,SNnia E,1875,3.0,3.0,110.0,1875.0,3,5866.666666666667,11000000.0
Super built-up  Area,Ready To Move,Haralur Road,3 BHK,NDionas,2475,4.0,,130.0,2475.0,3,5252.525252525253,13000000.0
Super built-up  Area,Ready To Move,Haralur Road,2 BHK,NDionas,1300,2.0,2.0,73.0,1300.0,2,5615.384615384615,7300000.0
Super built-up  Area,Ready To Move,Haralur Road,3 BHK,RBersll,1850,3.0,,110.0,1850.0,3,5945.945945945946,11000000.0
Super built-up  Area,Ready To Move,Haralur Road,4 BHK,SoronSa,3400,5.0,3.0,240.0,3400.0,4,7058.823529411765,24000000.0
Super built-up  Area,18-Aug,Haralur Road,2 BHK,SNnia E,1230,2.0,1.0,78.0,1230.0,2,6341.463414634146,7800000.0
Super built-up  Area,Ready To Move,Haralur Road,2 BHK,NDionas,1300,2.0,2.0,79.0,1300.0,2,6076.923076923077,7900000.0
Super built-up  Area,Ready To Move,Haralur Road,3 BHK,NDionas,1444,2.0,1.0,80.0,1444.0,3,5540.16620498615,8000000.0
Built-up  Area,Ready To Move,Haralur Road,2 BHK,,1088,2.0,1.0,68.0,1088.0,2,6250.0,6800000.0
Super built-up  Area,18-Mar,Haralur Road,2 BHK,SNnia E,1225,2.0,1.0,70.0,1225.0,2,5714.285714285715,7000000.0
Super built-up  Area,Ready To Move,Haralur Road,2 BHK,Ozensve,1000,2.0,1.0,78.0,1000.0,2,7800.0,7800000.0
Super built-up  Area,18-Dec,Haralur Road,3 BHK,SNnia E,1830,3.0,2.0,101.0,1830.0,3,5519.12568306011,10100000.0
Super built-up  Area,Ready To Move,Haralur Road,3 BHK,SNnia E,1810,3.0,2.0,126.0,1810.0,3,6961.325966850829,12600000.0
Super built-up  Area,18-Mar,Haralur Road,3 BHK,SNnia E,1520,2.0,2.0,96.0,1520.0,3,6315.789473684211,9600000.0
Super built-up  Area,Ready To Move,Haralur Road,2 BHK,NDionas,1300,2.0,2.0,75.0,1300.0,2,5769.2307692307695,7500000.0
Super built-up  Area,Ready To Move,Haralur Road,3 BHK,NDionas,2017,2.0,2.0,125.0,2017.0,3,6197.322756569162,12500000.0
Built-up  Area,Ready To Move,Haralur Road,3 BHK,NDionas,2017,3.0,2.0,105.0,2017.0,3,5205.751115518096,10500000.0
Super built-up  Area,18-Mar,Haralur Road,3 BHK,SNnia E,1520,2.0,2.0,90.0,1520.0,3,5921.0526315789475,9000000.0
Super built-up  Area,18-Dec,Haralur Road,3 BHK,NDiteio,1985,3.0,2.0,130.0,1985.0,3,6549.11838790932,13000000.0
Super built-up  Area,Ready To Move,Haralur Road,3 BHK,Ozensve,1255,2.0,1.0,90.0,1255.0,3,7171.314741035857,9000000.0
Super built-up  Area,Ready To Move,Haralur Road,2 BHK,Zostaa ,1056,2.0,1.0,60.0,1056.0,2,5681.818181818182,6000000.0
Super built-up  Area,Ready To Move,Haralur Road,3 BHK,Grterrr,1560,3.0,1.0,90.0,1560.0,3,5769.2307692307695,9000000.0
Super built-up  Area,18-Apr,Haralur Road,3 BHK,SNnia E,1520,2.0,2.0,85.0,1520.0,3,5592.105263157895,8500000.0
Super built-up  Area,Ready To Move,Haralur Road,3 BHK,,1650,3.0,3.0,100.0,1650.0,3,6060.606060606061,10000000.0
Super built-up  Area,18-Aug,Haralur Road,3 BHK,SNnia E,1520,2.0,2.0,96.0,1520.0,3,6315.789473684211,9600000.0
Super built-up  Area,18-Jul,Haralur Road,3 BHK,SNnia E,1510,3.0,2.0,83.05,1510.0,3,5500.0,8305000.0
Built-up  Area,Ready To Move,Haralur Road,2 BHK,Zostaa ,1056,2.0,1.0,65.0,1056.0,2,6155.30303030303,6500000.0
Super built-up  Area,18-Aug,Haralur Road,3 BHK,SNnia E,1810,3.0,2.0,100.0,1810.0,3,5524.861878453039,10000000.0
Super built-up  Area,18-Mar,Haralur Road,1 BHK,SNnia E,575,1.0,1.0,38.0,575.0,1,6608.695652173913,3800000.0
Super built-up  Area,18-Apr,Haralur Road,3 BHK,SNnia E,1850,3.0,2.0,120.0,1850.0,3,6486.486486486487,12000000.0
Super built-up  Area,Ready To Move,Haralur Road,3 BHK,DSimaUl,1730,3.0,1.0,95.0,1730.0,3,5491.329479768786,9500000.0
Super built-up  Area,Ready To Move,Haralur Road,3 BHK,,1817,3.0,2.0,110.0,1817.0,3,6053.935057787562,11000000.0
Super built-up  Area,18-Mar,Haralur Road,2 BHK,SNnia E,1225,2.0,1.0,77.0,1225.0,2,6285.714285714285,7700000.0
Super built-up  Area,Ready To Move,Haralur Road,2 BHK,NDionas,1285,2.0,1.0,78.0,1285.0,2,6070.038910505837,7800000.0
Super built-up  Area,18-Dec,Haralur Road,2 BHK,SNnia E,1225,2.0,1.0,69.84,1225.0,2,5701.224489795918,6984000.0
Super built-up  Area,Ready To Move,Haralur Road,2 BHK,DSimaUl,1315,2.0,1.0,85.0,1315.0,2,6463.878326996198,8500000.0
Super built-up  Area,Ready To Move,Haralur Road,2 BHK,NDionas,1300,2.0,2.0,75.0,1300.0,2,5769.2307692307695,7500000.0
Super built-up  Area,Ready To Move,Haralur Road,2 BHK,,1309,2.0,1.0,82.0,1309.0,2,6264.323911382735,8200000.0
Super built-up  Area,Ready To Move,Haralur Road,2 BHK,NDionas,1300,2.0,1.0,75.0,1300.0,2,5769.2307692307695,7500000.0
Super built-up  Area,Ready To Move,Haralur Road,3 BHK,Ozensve,1255,3.0,1.0,90.0,1255.0,3,7171.314741035857,9000000.0
Super built-up  Area,Ready To Move,Haralur Road,3 BHK,DSimaUl,1735,3.0,2.0,97.0,1735.0,3,5590.778097982709,9700000.0
Super built-up  Area,18-Dec,Haralur Road,3 BHK,SNnia E,1810,3.0,2.0,97.83,1810.0,3,5404.972375690608,9783000.0
Super built-up  Area,18-Feb,Haralur Road,3 BHK,SNnia E,1810,3.0,2.0,112.0,1810.0,3,6187.845303867403,11200000.0
Super built-up  Area,Ready To Move,Harlur,3 BHK,SosicCl,1752.12,3.0,2.0,135.0,1752.12,3,7704.951715635916,13500000.0
Super built-up  Area,Ready To Move,Harlur,3 BHK,SomonCi,1709,3.0,2.0,150.0,1709.0,3,8777.062609713283,15000000.0
Super built-up  Area,Ready To Move,Harlur,2 BHK,Prncyrn,1174,2.0,1.0,69.0,1174.0,2,5877.342419080068,6900000.0
Built-up  Area,Ready To Move,Harlur,2 BHK,Prncyrn,1197,2.0,1.0,84.0,1197.0,2,7017.543859649123,8400000.0
Super built-up  Area,Ready To Move,Harlur,3 BHK,SosicCl,1757,3.0,2.0,132.0,1757.0,3,7512.805919180421,13200000.0
Super built-up  Area,Ready To Move,Harlur,2 BHK,Prncyrn,1174,2.0,1.0,76.0,1174.0,2,6473.594548551959,7600000.0
Super built-up  Area,Ready To Move,Harlur,3 BHK,SosicCl,1754,3.0,2.0,125.0,1754.0,3,7126.567844925884,12500000.0
Super built-up  Area,Ready To Move,Harlur,2 BHK,Prncyrn,1290,2.0,1.0,85.0,1290.0,2,6589.147286821705,8500000.0
Super built-up  Area,Ready To Move,Harlur,3 BHK,SosicCl,1752.12,3.0,2.0,116.0,1752.12,3,6620.551103805676,11600000.0
Super built-up  Area,Ready To Move,Harlur,3 BHK,,1754,3.0,2.0,135.0,1754.0,3,7696.693272519954,13500000.0
Super built-up  Area,Ready To Move,Harlur,3 BHK,SosicCl,1754,3.0,2.0,124.0,1754.0,3,7069.555302166476,12400000.0
Super built-up  Area,Ready To Move,Harlur,2 BHK,,1152,2.0,2.0,69.0,1152.0,2,5989.583333333333,6900000.0
Super built-up  Area,Ready To Move,Harlur,2 BHK,Prncyrn,1290,2.0,1.0,87.0,1290.0,2,6744.186046511628,8700000.0
Super built-up  Area,Ready To Move,Harlur,3 BHK,Prncyrn,1749,3.0,2.0,115.0,1749.0,3,6575.18582046884,11500000.0
Built-up  Area,18-Feb,Harlur,4 Bedroom,,3385,4.0,,260.0,3385.0,4,7680.945347119646,26000000.0
Super built-up  Area,Ready To Move,Harlur,3 BHK,Prncyrn,2240,5.0,2.0,155.0,2240.0,3,6919.642857142857,15500000.0
Super built-up  Area,Ready To Move,Harlur,3 BHK,,1758,3.0,2.0,133.0,1758.0,3,7565.415244596132,13300000.0
Super built-up  Area,Ready To Move,Harlur,4 BHK,Zonce E,1884,4.0,2.0,120.0,1884.0,4,6369.426751592357,12000000.0
Super built-up  Area,Ready To Move,Harlur,2 BHK,Prncyrn,1197,2.0,1.0,79.0,1197.0,2,6599.832915622389,7900000.0
Super built-up  Area,Ready To Move,Harlur,2 BHK,Prncyrn,1174,2.0,1.0,78.0,1174.0,2,6643.9522998296425,7800000.0
Built-up  Area,Ready To Move,Harlur,3 BHK,,1730,3.0,2.0,100.0,1730.0,3,5780.346820809248,10000000.0
Super built-up  Area,Ready To Move,Harlur,3 BHK,SrEndPo,2138,3.0,2.0,110.0,2138.0,3,5144.9953227315245,11000000.0
Super built-up  Area,17-Jun,Harlur,2 BHK,Prncyrn,1197,2.0,1.0,79.0,1197.0,2,6599.832915622389,7900000.0
Super built-up  Area,Ready To Move,Harlur,3 BHK,,1749,3.0,2.0,112.0,1749.0,3,6403.659233847913,11200000.0
Super built-up  Area,Ready To Move,Harlur,2 BHK,Prncyrn,1174,2.0,1.0,75.0,1174.0,2,6388.415672913117,7500000.0
Super built-up  Area,Ready To Move,Harlur,3 BHK,,1750,3.0,2.0,136.0,1750.0,3,7771.428571428572,13600000.0
Super built-up  Area,Ready To Move,Harlur,3 BHK,Shodsir,1620,3.0,1.0,110.0,1620.0,3,6790.123456790124,11000000.0
Super built-up  Area,Ready To Move,Harlur,3 BHK,Zonce E,1414,3.0,2.0,77.5,1414.0,3,5480.905233380481,7750000.0
Super built-up  Area,18-Jul,Harlur,3 BHK,Shodsir,1630,3.0,1.0,95.1,1630.0,3,5834.355828220859,9510000.0
Super built-up  Area,Ready To Move,Harlur,3 BHK,,1762,3.0,2.0,133.0,1762.0,3,7548.240635641317,13300000.0
Super built-up  Area,Ready To Move,Harlur,3 BHK,,1756,3.0,2.0,131.0,1756.0,3,7460.136674259681,13100000.0
Super built-up  Area,Ready To Move,Harlur,3 BHK,Prncyrn,1755,3.0,2.0,130.0,1755.0,3,7407.407407407408,13000000.0
Super built-up  Area,Ready To Move,Harlur,3 BHK,,1864,3.0,1.0,140.0,1864.0,3,7510.729613733905,14000000.0
Super built-up  Area,Ready To Move,Harlur,2 BHK,Prncyrn,1331,2.0,1.0,88.0,1331.0,2,6611.570247933884,8800000.0
Super built-up  Area,Ready To Move,Harlur,3 BHK,,1752.12,3.0,2.0,133.0,1752.12,3,7590.80428281168,13300000.0
Super built-up  Area,Ready To Move,Harlur,3 BHK,SosicCl,1756,3.0,2.0,128.0,1756.0,3,7289.293849658315,12800000.0
Super built-up  Area,Ready To Move,Harlur,3 BHK,,1749,3.0,2.0,120.0,1749.0,3,6861.06346483705,12000000.0
Built-up  Area,Ready To Move,Harlur,2 BHK,,1197,2.0,1.0,82.0,1197.0,2,6850.459482038429,8200000.0
Super built-up  Area,Ready To Move,Harlur,2 BHK,Prncyrn,1303,2.0,1.0,90.0,1303.0,2,6907.137375287797,9000000.0
Super built-up  Area,Ready To Move,Harlur,3 BHK,,1754,3.0,2.0,132.0,1754.0,3,7525.655644241733,13200000.0
Super built-up  Area,Ready To Move,Harlur,2 BHK,Prncyrn,1174,2.0,1.0,75.0,1174.0,2,6388.415672913117,7500000.0
Super built-up  Area,Ready To Move,Harlur,3 BHK,,1756,3.0,2.0,134.0,1756.0,3,7630.979498861047,13400000.0
Super built-up  Area,Ready To Move,Harlur,2 BHK,Prncyrn,1197,2.0,1.0,78.0,1197.0,2,6516.290726817043,7800000.0
Super built-up  Area,Ready To Move,Harlur,2 BHK,Prncyrn,1290,2.0,1.0,89.9,1290.0,2,6968.992248062015,8990000.0
Super built-up  Area,18-Dec,Harlur,2 BHK,BrriaIm,1386,2.0,2.0,85.0,1386.0,2,6132.7561327561325,8500000.0
Super built-up  Area,Ready To Move,Harlur,2 BHK,Prncyrn,1174,2.0,1.0,74.0,1174.0,2,6303.236797274276,7400000.0
Super built-up  Area,Ready To Move,Harlur,2 BHK,Prncyrn,1174,2.0,1.0,78.0,1174.0,2,6643.9522998296425,7800000.0
Super built-up  Area,Ready To Move,Harlur,3 BHK,Prncyrn,1755,3.0,2.0,115.0,1755.0,3,6552.706552706552,11500000.0
Built-up  Area,Ready To Move,Harlur,4 BHK,Prncyrn,2569,4.0,1.0,175.0,2569.0,4,6811.989100817439,17500000.0
Super built-up  Area,Ready To Move,Harlur,2 BHK,Prncyrn,1197,2.0,1.0,77.0,1197.0,2,6432.748538011696,7700000.0
Super built-up  Area,Ready To Move,Harlur,3 BHK,SosicCl,1752.12,3.0,2.0,125.0,1752.12,3,7134.214551514737,12500000.0
Super built-up  Area,17-Apr,Harlur,4 BHK,Prncyrn,2569,5.0,3.0,180.0,2569.0,4,7006.617360840794,18000000.0
Super built-up  Area,Ready To Move,Harlur,2 BHK,Prncyrn,1197,2.0,1.0,76.0,1197.0,2,6349.206349206349,7600000.0
Super built-up  Area,Ready To Move,Harlur,3 BHK,SrEndPo,2137,3.0,2.0,110.0,2137.0,3,5147.402901263454,11000000.0
Super built-up  Area,Ready To Move,Harlur,2 BHK,Prncyrn,1197,2.0,1.0,75.0,1197.0,2,6265.664160401003,7500000.0
Super built-up  Area,Ready To Move,Harlur,3 BHK,Prncyrn,1755,3.0,2.0,117.0,1755.0,3,6666.666666666667,11700000.0
Super built-up  Area,Ready To Move,Harlur,2 BHK,Prncyrn,1197,2.0,1.0,79.9,1197.0,2,6675.020885547202,7990000.000000001
Super built-up  Area,Ready To Move,Harlur,4 BHK,Shodsir,2990,4.0,1.0,225.0,2990.0,4,7525.083612040134,22500000.0
Built-up  Area,Ready To Move,Harlur,2 BHK,,1370,2.0,2.0,88.0,1370.0,2,6423.3576642335765,8800000.0
Super built-up  Area,Ready To Move,Harsha Layout,1 BHK,,500,1.0,1.0,16.0,500.0,1,3200.0,1600000.0
Super built-up  Area,Ready To Move,Harsha Layout,1 BHK,,450,1.0,1.0,20.0,450.0,1,4444.444444444444,2000000.0
Super built-up  Area,Ready To Move,Hebbal,3 BHK,Mahosya,1760,2.0,2.0,123.0,1760.0,3,6988.636363636364,12300000.0
Super built-up  Area,18-Mar,Hebbal,4 BHK,SNontle,3067 - 8156,4.0,0.0,477.0,5611.5,4,8500.400962309543,47700000.0
Super built-up  Area,Ready To Move,Hebbal,3 BHK,,1900,3.0,2.0,119.0,1900.0,3,6263.1578947368425,11900000.0
Super built-up  Area,Ready To Move,Hebbal,2 BHK,Prersis,1349,2.0,1.0,98.2,1349.0,2,7279.466271312083,9820000.0
Super built-up  Area,Ready To Move,Hebbal,4 BHK,Prersis,2483,5.0,2.0,212.0,2483.0,4,8538.058799838904,21200000.0
Super built-up  Area,18-Dec,Hebbal,3 BHK,Mahosya,1760,2.0,2.0,130.0,1760.0,3,7386.363636363636,13000000.0
Super built-up  Area,Ready To Move,Hebbal,3 BHK,Brium C,3450,5.0,2.0,260.0,3450.0,3,7536.231884057971,26000000.0
Super built-up  Area,18-Dec,Hebbal,3 BHK,Mahosya,1920,3.0,2.0,134.0,1920.0,3,6979.166666666667,13400000.0
Super built-up  Area,Ready To Move,Hebbal,3 BHK,Cevely ,1500,3.0,1.0,150.0,1500.0,3,10000.0,15000000.0
Super built-up  Area,18-Sep,Hebbal,2 BHK,Arcia S,1337,2.0,1.0,82.0,1337.0,2,6133.1338818249815,8200000.0
Super built-up  Area,Ready To Move,Hebbal,2 BHK,Prersis,1349,2.0,1.0,98.0,1349.0,2,7264.6404744255005,9800000.0
Super built-up  Area,19-Jun,Hebbal,4 BHK,Raard B,2470,5.0,2.0,247.0,2470.0,4,10000.0,24700000.0
Super built-up  Area,19-Dec,Hebbal,3 BHK,Magiaya,1255,2.0,1.0,77.68,1255.0,3,6189.641434262949,7768000.000000001
Super built-up  Area,19-Dec,Hebbal,3 BHK,Magiaya,1355,3.0,1.0,83.87,1355.0,3,6189.667896678967,8387000.0
Super built-up  Area,21-Mar,Hebbal,3 BHK,Oztarol,1790,3.0,2.0,127.0,1790.0,3,7094.972067039106,12700000.0
Carpet  Area,18-Mar,Hebbal,2 BHK,Arcia S,547.34 - 827.31,2.0,0.0,42.72,687.325,2,6215.40028370858,4272000.0
Super built-up  Area,19-Mar,Hebbal,4 BHK,Raard B,2790,5.0,3.0,198.0,2790.0,4,7096.774193548387,19800000.0
Super built-up  Area,19-Jun,Hebbal,3 BHK,Raard B,1985,4.0,2.0,189.0,1985.0,3,9521.410579345089,18900000.0
Super built-up  Area,Ready To Move,Hebbal,4 BHK,Prersis,2483,5.0,2.0,215.0,2483.0,4,8658.880386629078,21500000.0
Super built-up  Area,18-May,Hebbal,2 BHK,Arcia S,812,2.0,2.0,55.0,812.0,2,6773.399014778325,5500000.0
Super built-up  Area,19-Jun,Hebbal,4 BHK,Raard B,2790,4.0,3.0,198.0,2790.0,4,7096.774193548387,19800000.0
Super built-up  Area,19-Oct,Hebbal,4 BHK,SNontle,3067,4.0,2.0,230.0,3067.0,4,7499.184871209651,23000000.0
Super built-up  Area,19-Oct,Hebbal,3 BHK,SNontle,2526,2.0,2.0,250.0,2526.0,3,9897.070467141726,25000000.0
Super built-up  Area,19-Dec,Hebbal,4 BHK,SNontle,3067,4.0,3.0,230.0,3067.0,4,7499.184871209651,23000000.0
Super built-up  Area,18-Dec,Hebbal,3 BHK,Magiaya,1255,2.0,1.0,77.68,1255.0,3,6189.641434262949,7768000.000000001
Carpet  Area,18-Dec,Hebbal,2 BHK,Arcia S,823,2.0,1.0,50.63,823.0,2,6151.883353584447,5063000.0
Super built-up  Area,Ready To Move,Hebbal,2 BHK,Mahosya,1420,2.0,1.0,123.0,1420.0,2,8661.971830985916,12300000.0
Carpet  Area,18-Dec,Hebbal,3 BHK,Arcia S,1069,3.0,2.0,65.4,1069.0,3,6117.867165575305,6540000.000000001
Super built-up  Area,Ready To Move,Hebbal,2 BHK,Mahosya,1420,2.0,1.0,99.39,1420.0,2,6999.295774647887,9939000.0
Super built-up  Area,18-Jul,Hebbal,4 BHK,Cehosy ,4235,4.0,2.0,365.0,4235.0,4,8618.654073199528,36500000.0
Super built-up  Area,19-Jun,Hebbal,3 BHK,Raard B,1700,3.0,2.0,124.0,1700.0,3,7294.117647058823,12400000.0
Super built-up  Area,17-Dec,Hebbal,4 BHK,Cehosy ,3960,5.0,3.0,386.0,3960.0,4,9747.474747474747,38600000.0
Super built-up  Area,18-Dec,Hebbal,2 BHK,Mahosya,1420,2.0,1.0,99.39,1420.0,2,6999.295774647887,9939000.0
Super built-up  Area,18-Dec,Hebbal,3 BHK,Magiaya,1355,3.0,1.0,83.87,1355.0,3,6189.667896678967,8387000.0
Super built-up  Area,18-Jul,Hebbal,2 BHK,Mahosya,1440,2.0,1.0,115.0,1440.0,2,7986.111111111111,11500000.0
Super built-up  Area,18-Apr,Hebbal,3 BHK,Magiaya,1355,3.0,1.0,83.87,1355.0,3,6189.667896678967,8387000.0
Super built-up  Area,Ready To Move,Hebbal,3 BHK,Kacesh ,2400,4.0,1.0,180.0,2400.0,3,7500.0,18000000.0
Super built-up  Area,19-Dec,Hebbal,3 BHK,Magiaya,1255,2.0,1.0,77.68,1255.0,3,6189.641434262949,7768000.000000001
Built-up  Area,17-Dec,Hebbal,2 BHK,Mahosya,1420,2.0,2.0,107.0,1420.0,2,7535.211267605634,10700000.0
Super built-up  Area,19-Jun,Hebbal,2 BHK,Raard B,1320,2.0,1.0,92.0,1320.0,2,6969.69696969697,9200000.0
Super built-up  Area,19-Dec,Hebbal,3 BHK,Raard B,1645,3.0,2.0,135.0,1645.0,3,8206.686930091186,13500000.0
Super built-up  Area,Ready To Move,Hebbal,3 BHK,,2080,3.0,3.0,175.0,2080.0,3,8413.461538461539,17500000.0
Super built-up  Area,18-Dec,Hebbal,3 BHK,Magiaya,1355,3.0,2.0,83.87,1355.0,3,6189.667896678967,8387000.0
Super built-up  Area,Ready To Move,Hebbal,4 BHK,Prersis,2483,5.0,2.0,230.0,2483.0,4,9262.988320579943,23000000.0
Super built-up  Area,19-Oct,Hebbal,3 BHK,SNontle,2600,3.0,2.0,195.0,2600.0,3,7500.0,19500000.0
Super built-up  Area,19-Jun,Hebbal,3 BHK,Raard B,1645,3.0,2.0,117.0,1645.0,3,7112.462006079028,11700000.0
Super built-up  Area,21-Mar,Hebbal,2 BHK,Oztarol,1251,2.0,1.0,88.73,1251.0,2,7092.725819344524,8873000.0
Super built-up  Area,19-Jun,Hebbal,3 BHK,Raard B,1645,3.0,2.0,121.0,1645.0,3,7355.623100303951,12100000.0
Super built-up  Area,Ready To Move,Hebbal,3 BHK,Mahosya,1760,3.0,2.0,123.0,1760.0,3,6988.636363636364,12300000.0
Super built-up  Area,19-Jun,Hebbal,4 BHK,Raard B,2790,4.0,3.0,198.0,2790.0,4,7096.774193548387,19800000.0
Super built-up  Area,20-Dec,Hebbal,4 BHK,Cehosy ,3960,5.0,3.0,386.0,3960.0,4,9747.474747474747,38600000.0
Super built-up  Area,19-Jun,Hebbal,3 BHK,Raard B,1645,3.0,2.0,120.0,1645.0,3,7294.83282674772,12000000.0
Super built-up  Area,19-Dec,Hebbal,3 BHK,Magiaya,1255,2.0,1.0,90.0,1255.0,3,7171.314741035857,9000000.0
Super built-up  Area,19-Mar,Hebbal,3 BHK,Raard B,1645,3.0,2.0,117.0,1645.0,3,7112.462006079028,11700000.0
Super built-up  Area,19-Dec,Hebbal,3 BHK,Magiaya,1255,3.0,2.0,77.68,1255.0,3,6189.641434262949,7768000.000000001
Super built-up  Area,18-Sep,Hebbal,3 BHK,Arcia S,1586,3.0,2.0,90.0,1586.0,3,5674.653215636822,9000000.0
Super built-up  Area,21-Dec,Hebbal,3 BHK,Oztarol,1636,3.0,1.0,119.0,1636.0,3,7273.838630806846,11900000.0
Super built-up  Area,18-Mar,Hebbal,3 BHK,SNontle,2466 - 2856,2.0,,226.5,2661.0,3,8511.83765501691,22650000.0
Super built-up  Area,20-Aug,Hebbal,3 BHK,Magiaya,1255,2.0,1.0,95.0,1255.0,3,7569.721115537848,9500000.0
Super built-up  Area,19-Jun,Hebbal,4 BHK,Raard B,2790,4.0,3.0,198.0,2790.0,4,7096.774193548387,19800000.0
Built-up  Area,Ready To Move,Hebbal,3 BHK,Cevely ,1269,2.0,1.0,73.0,1269.0,3,5752.561071710008,7300000.0
Super built-up  Area,19-Dec,Hebbal,3 BHK,Magiaya,1255,2.0,1.0,95.0,1255.0,3,7569.721115537848,9500000.0
Super built-up  Area,18-Apr,Hebbal,2 BHK,Arcia S,1088,2.0,2.0,61.45,1088.0,2,5647.97794117647,6145000.0
Super built-up  Area,Ready To Move,Hebbal,2 BHK,Prersis,1349,2.0,1.0,97.8,1349.0,2,7249.814677538918,9780000.0
Super built-up  Area,19-Dec,Hebbal,3 BHK,Magiaya,1255,3.0,2.0,77.68,1255.0,3,6189.641434262949,7768000.000000001
Super built-up  Area,Ready To Move,Hebbal,2 BHK,Prersis,1344,2.0,1.0,108.0,1344.0,2,8035.714285714285,10800000.0
Super built-up  Area,19-Dec,Hebbal,3 BHK,Magiaya,1255,2.0,1.0,90.0,1255.0,3,7171.314741035857,9000000.0
Super built-up  Area,18-Dec,Hebbal,3 BHK,Magiaya,1255,3.0,2.0,77.68,1255.0,3,6189.641434262949,7768000.000000001
Super built-up  Area,18-Jan,Hebbal,2 BHK,Prersis,1138,2.0,1.0,110.0,1138.0,2,9666.080843585238,11000000.0
Super built-up  Area,19-Jun,Hebbal,4 BHK,Raard B,2790,5.0,3.0,204.0,2790.0,4,7311.8279569892475,20400000.0
Super built-up  Area,18-May,Hebbal,2 BHK,Arcia S,1088,2.0,2.0,62.0,1088.0,2,5698.529411764706,6200000.0
Super built-up  Area,Ready To Move,Hebbal,3 BHK,Prersis,1987,4.0,2.0,165.0,1987.0,3,8303.975842979366,16500000.0
Super built-up  Area,19-Mar,Hebbal,4 BHK,Raard B,2790,5.0,3.0,198.0,2790.0,4,7096.774193548387,19800000.0
Built-up  Area,Ready To Move,Hebbal,2 BHK,Prersis,1299,2.0,1.0,100.0,1299.0,2,7698.229407236336,10000000.0
Super built-up  Area,19-Jun,Hebbal,3 BHK,Raard B,1645,3.0,2.0,117.0,1645.0,3,7112.462006079028,11700000.0
Super built-up  Area,Ready To Move,Hebbal,2 BHK,Chtert ,1390,2.0,2.0,95.0,1390.0,2,6834.53237410072,9500000.0
Super built-up  Area,Ready To Move,Hebbal,2 BHK,Prersis,1333,2.0,1.0,100.0,1333.0,2,7501.875468867217,10000000.0
Super built-up  Area,18-Dec,Hebbal,3 BHK,Magiaya,1355,3.0,2.0,83.87,1355.0,3,6189.667896678967,8387000.0
Super built-up  Area,Ready To Move,Hebbal,3 BHK,SNontle,2650,4.0,3.0,199.0,2650.0,3,7509.433962264151,19900000.0
Super built-up  Area,Ready To Move,Hebbal,3 BHK,Chtert ,1800,3.0,2.0,140.0,1800.0,3,7777.777777777777,14000000.0
Super built-up  Area,19-Jun,Hebbal,4 BHK,Raard B,2470,4.0,2.0,203.0,2470.0,4,8218.623481781377,20300000.0
Super built-up  Area,18-Nov,Hebbal,3 BHK,Magiaya,1255,2.0,1.0,95.0,1255.0,3,7569.721115537848,9500000.0
Built-up  Area,Ready To Move,Hebbal,2 BHK,Prersis,1333,2.0,1.0,104.0,1333.0,2,7801.950487621905,10400000.0
Super built-up  Area,19-Jun,Hebbal,3 BHK,Raard B,1645,3.0,2.0,117.0,1645.0,3,7112.462006079028,11700000.0
Super built-up  Area,18-Mar,Hebbal,3 BHK,SNontle,2600,3.0,2.0,199.0,2600.0,3,7653.846153846154,19900000.0
Super built-up  Area,Ready To Move,Hebbal,2 BHK,Prersis,1345,2.0,1.0,97.0,1345.0,2,7211.8959107806695,9700000.0
Super built-up  Area,Ready To Move,Hebbal,3 BHK,Arcia S,1110,3.0,3.0,59.0,1110.0,3,5315.315315315315,5900000.0
Super built-up  Area,18-Dec,Hebbal,2 BHK,Magiaya,985,2.0,2.0,62.0,985.0,2,6294.416243654822,6200000.0
Super built-up  Area,19-Dec,Hebbal,2 BHK,Raard B,1320,2.0,1.0,91.0,1320.0,2,6893.939393939394,9100000.0
Super built-up  Area,Ready To Move,Hebbal,3 BHK,Kacesh ,2388,3.0,1.0,195.0,2388.0,3,8165.829145728643,19500000.0
Super built-up  Area,19-Oct,Hebbal,3 BHK,SNontle,2600,3.0,2.0,195.0,2600.0,3,7500.0,19500000.0
Super built-up  Area,19-Jun,Hebbal,4 BHK,Raard B,2470 - 2790,5.0,0.0,188.0,2630.0,4,7148.28897338403,18800000.0
Super built-up  Area,19-Jun,Hebbal,4 BHK,Raard B,2790,5.0,3.0,198.0,2790.0,4,7096.774193548387,19800000.0
Super built-up  Area,Ready To Move,Hebbal,3 BHK,RMudeat,3895,3.0,2.0,390.0,3895.0,3,10012.836970474968,39000000.0
Super built-up  Area,19-Dec,Hebbal,3 BHK,Raard B,1645,3.0,2.0,113.0,1645.0,3,6869.300911854103,11300000.0
Super built-up  Area,18-Dec,Hebbal,3 BHK,Magiaya,1355,3.0,2.0,83.87,1355.0,3,6189.667896678967,8387000.0
Super built-up  Area,Ready To Move,Hebbal,2 BHK,Mahosya,1420,2.0,1.0,99.39,1420.0,2,6999.295774647887,9939000.0
Built-up  Area,Ready To Move,Hebbal,3 BHK,Thuse F,1590,3.0,2.0,96.0,1590.0,3,6037.735849056604,9600000.0
Super built-up  Area,Ready To Move,Hebbal,3 BHK,Brium C,3520,5.0,2.0,320.0,3520.0,3,9090.90909090909,32000000.0
Super built-up  Area,18-Sep,Hebbal,2 BHK,Arcia S,1162,2.0,1.0,69.0,1162.0,2,5938.037865748709,6900000.0
Super built-up  Area,20-Dec,Hebbal,4 BHK,Cehosy ,4235,5.0,3.0,364.0,4235.0,4,8595.04132231405,36400000.0
Super built-up  Area,Ready To Move,Hebbal,2 BHK,Prersis,1299,2.0,1.0,97.0,1299.0,2,7467.282525019245,9700000.0
Super built-up  Area,18-Dec,Hebbal,3 BHK,Magiaya,1255,3.0,2.0,77.68,1255.0,3,6189.641434262949,7768000.000000001
Super built-up  Area,19-Dec,Hebbal,4 BHK,Raard B,2470,5.0,2.0,192.0,2470.0,4,7773.27935222672,19200000.0
Super built-up  Area,19-Mar,Hebbal,3 BHK,Raard B,1645,3.0,2.0,117.0,1645.0,3,7112.462006079028,11700000.0
Super built-up  Area,18-Dec,Hebbal,3 BHK,Mahosya,1920,3.0,2.0,134.0,1920.0,3,6979.166666666667,13400000.0
Super built-up  Area,Ready To Move,Hebbal,3 BHK,Brium C,3520,5.0,2.0,240.0,3520.0,3,6818.181818181818,24000000.0
Super built-up  Area,18-Aug,Hebbal,3 BHK,Mahosya,1920,3.0,2.0,150.0,1920.0,3,7812.5,15000000.0
Super built-up  Area,Ready To Move,Hebbal,4 BHK,Prersis,2375,4.0,2.0,189.0,2375.0,4,7957.894736842105,18900000.0
Super built-up  Area,18-Dec,Hebbal,2 BHK,Mahosya,1420,2.0,1.0,99.26,1420.0,2,6990.140845070423,9926000.0
Super built-up  Area,21-Dec,Hebbal,2 BHK,Oztarol,1252,2.0,1.0,92.0,1252.0,2,7348.242811501597,9200000.0
Super built-up  Area,19-Mar,Hebbal,4 BHK,Raard B,2790,4.0,3.0,198.0,2790.0,4,7096.774193548387,19800000.0
Super built-up  Area,Ready To Move,Hebbal,2 BHK,Prersis,1294,2.0,1.0,115.0,1294.0,2,8887.171561051005,11500000.0
Super built-up  Area,Ready To Move,Hebbal,4 BHK,Brium C,4000 - 4450,6.0,0.0,359.0,4225.0,4,8497.041420118343,35900000.0
Super built-up  Area,Ready To Move,Hebbal,3 BHK,Mahosya,1740,2.0,1.0,137.0,1740.0,3,7873.563218390805,13700000.0
Super built-up  Area,18-Apr,Hebbal,3 BHK,Arcia S,1430,3.0,1.0,85.0,1430.0,3,5944.055944055944,8500000.0
Super built-up  Area,Ready To Move,Hebbal,3 BHK,RMudeat,3895,3.0,1.0,390.0,3895.0,3,10012.836970474968,39000000.0
Super built-up  Area,18-Feb,Hebbal,3 BHK,Prersis,1662,3.0,2.0,155.0,1662.0,3,9326.113116726836,15500000.0
Built-up  Area,Ready To Move,Hebbal,3 BHK,,2250,3.0,,219.0,2250.0,3,9733.333333333334,21900000.0
Super built-up  Area,Ready To Move,Hebbal,2 BHK,Prersis,1349,2.0,1.0,98.0,1349.0,2,7264.6404744255005,9800000.0
Super built-up  Area,Ready To Move,Hebbal,4 BHK,Brium C,4000,6.0,1.0,370.0,4000.0,4,9250.0,37000000.0
Super built-up  Area,Ready To Move,Hebbal,2 BHK,Prersis,1349,2.0,1.0,96.8,1349.0,2,7175.685693106005,9680000.0
Super built-up  Area,Ready To Move,Hebbal Kempapura,3 BHK,Goateds,1700,3.0,2.0,155.0,1700.0,3,9117.64705882353,15500000.0
Super built-up  Area,Ready To Move,Hebbal Kempapura,3 BHK,Goateds,1800,3.0,2.0,175.0,1800.0,3,9722.222222222223,17500000.0
Super built-up  Area,Ready To Move,Hebbal Kempapura,3 BHK,GonumPl,2900,4.0,,300.0,2900.0,3,10344.827586206897,30000000.0
Super built-up  Area,Ready To Move,Hebbal Kempapura,3 BHK,GonumPl,3522,3.0,2.0,380.0,3522.0,3,10789.324247586599,38000000.0
Plot  Area,Ready To Move,Hebbal Kempapura,5 Bedroom,,2280,5.0,,200.0,2280.0,5,8771.929824561403,20000000.0
Plot  Area,Ready To Move,Hebbal Kempapura,2 Bedroom,,1200,2.0,1.0,125.0,1200.0,2,10416.666666666666,12500000.0
Super built-up  Area,Ready To Move,Hebbal Kempapura,3 BHK,GonumPl,2900,4.0,,240.0,2900.0,3,8275.862068965518,24000000.0
Super built-up  Area,Ready To Move,Hebbal Kempapura,4 BHK,GonumPl,3900,5.0,,360.0,3900.0,4,9230.76923076923,36000000.0
Built-up  Area,Ready To Move,Hebbal Kempapura,2 BHK,Goateds,1300,2.0,2.0,102.0,1300.0,2,7846.153846153846,10200000.0
Super built-up  Area,Ready To Move,Hebbal Kempapura,3 BHK,Goateds,1466,2.0,3.0,140.0,1466.0,3,9549.795361527968,14000000.0
Super built-up  Area,Ready To Move,Hebbal Kempapura,4 BHK,GonumPl,3900,5.0,,310.0,3900.0,4,7948.717948717948,31000000.0
Built-up  Area,Ready To Move,Hebbal Kempapura,3 BHK,Goateds,1725,2.0,1.0,165.0,1725.0,3,9565.217391304348,16500000.0
Plot  Area,Ready To Move,Hebbal Kempapura,3 Bedroom,,1200,3.0,,125.0,1200.0,3,10416.666666666666,12500000.0
Built-up  Area,Ready To Move,Hebbal Kempapura,3 BHK,GonumPl,3408,3.0,3.0,260.0,3408.0,3,7629.107981220657,26000000.0
Super built-up  Area,Ready To Move,Hebbal Kempapura,2 BHK,Goateds,1485,3.0,3.0,132.0,1485.0,2,8888.888888888889,13200000.0
Super built-up  Area,Ready To Move,Hebbal Kempapura,2 BHK,Goateds,1400,2.0,2.0,108.0,1400.0,2,7714.285714285715,10800000.0
Super built-up  Area,Ready To Move,Hebbal Kempapura,3 BHK,Goateds,1800,3.0,3.0,150.0,1800.0,3,8333.333333333334,15000000.0
Built-up  Area,Ready To Move,Hebbal Kempapura,3 BHK,Goateds,1785,3.0,0.0,165.0,1785.0,3,9243.697478991597,16500000.0
Super built-up  Area,Ready To Move,Hebbal Kempapura,4 BHK,GonumPl,3729,4.0,2.0,384.0,3729.0,4,10297.666934835077,38400000.0
Plot  Area,Ready To Move,Hebbal Kempapura,4 Bedroom,,1200,3.0,2.0,148.0,1200.0,4,12333.333333333334,14800000.0
Super built-up  Area,Ready To Move,Hebbal Kempapura,3 BHK,Goateds,1600,3.0,3.0,170.0,1600.0,3,10625.0,17000000.0
Super built-up  Area,Ready To Move,Hebbal Kempapura,3 BHK,Goateds,1730,3.0,2.0,175.0,1730.0,3,10115.606936416185,17500000.0
Plot  Area,Ready To Move,Hebbal Kempapura,4 Bedroom,,2485,4.0,2.0,198.0,2485.0,4,7967.806841046277,19800000.0
Super built-up  Area,Ready To Move,Hegde Nagar,3 BHK,Sonosty,1569,3.0,1.0,101.0,1569.0,3,6437.221159974506,10100000.0
Super built-up  Area,Ready To Move,Hegde Nagar,3 BHK,SoitaCa,2026,3.0,2.0,132.0,2026.0,3,6515.301085883514,13200000.0
Super built-up  Area,Ready To Move,Hegde Nagar,3 BHK,SoitaCa,1801,3.0,2.0,115.0,1801.0,3,6385.341476957246,11500000.0
Super built-up  Area,Ready To Move,Hegde Nagar,2 BHK,Soiniy ,1341,2.0,1.0,97.0,1341.0,2,7233.407904548844,9700000.0
Super built-up  Area,Ready To Move,Hegde Nagar,3 BHK,SoisoCa,2112.95,4.0,2.0,145.0,2112.95,3,6862.443503159091,14500000.0
Plot  Area,Ready To Move,Hegde Nagar,4 Bedroom,,1200,4.0,1.0,83.0,1200.0,4,6916.666666666667,8300000.0
Super built-up  Area,Ready To Move,Hegde Nagar,3 BHK,Soiniy ,1703,3.0,2.0,113.0,1703.0,3,6635.3493834409865,11300000.0
Super built-up  Area,Ready To Move,Hegde Nagar,3 BHK,Sonosty,1570,3.0,1.0,105.0,1570.0,3,6687.898089171975,10500000.0
Super built-up  Area,Ready To Move,Hegde Nagar,3 BHK,SoitaCa,1801,3.0,2.0,140.0,1801.0,3,7773.459189339256,14000000.0
Super built-up  Area,Ready To Move,Hegde Nagar,3 BHK,Sonosty,1584.01,3.0,1.0,103.0,1584.01,3,6502.484201488627,10300000.0
Super built-up  Area,Ready To Move,Hegde Nagar,3 BHK,SoitaCa,1965,4.0,2.0,125.0,1965.0,3,6361.323155216285,12500000.0
Plot  Area,Ready To Move,Hegde Nagar,2 Bedroom,,1200,2.0,0.0,75.0,1200.0,2,6250.0,7500000.0
Super built-up  Area,Ready To Move,Hegde Nagar,3 BHK,SoitaCa,1847,3.0,2.0,135.0,1847.0,3,7309.1499729290745,13500000.0
Super built-up  Area,Ready To Move,Hegde Nagar,3 BHK,SoitaCa,1965,4.0,2.0,132.0,1965.0,3,6717.557251908397,13200000.0
Super built-up  Area,Ready To Move,Hegde Nagar,3 BHK,Soiniy ,1703,3.0,2.0,125.0,1703.0,3,7339.988256018791,12500000.0
Super built-up  Area,Ready To Move,Hegde Nagar,3 BHK,SoitaCa,1847,3.0,2.0,125.0,1847.0,3,6767.73145641581,12500000.0
Super built-up  Area,Ready To Move,Hegde Nagar,3 BHK,SoisoCa,2144.6,4.0,2.0,145.0,2144.6,3,6761.167583698592,14500000.0
Super built-up  Area,Ready To Move,Hegde Nagar,3 BHK,Soiniy ,1718,3.0,2.0,119.0,1718.0,3,6926.6589057043075,11900000.0
Super built-up  Area,Ready To Move,Hegde Nagar,3 BHK,SoitaCa,1847,3.0,2.0,123.0,1847.0,3,6659.447753113156,12300000.0
Super built-up  Area,19-Sep,Hegde Nagar,3 BHK,SoisoCa,2087.01,3.0,2.0,115.0,2087.01,3,5510.275465857853,11500000.0
Super built-up  Area,16-Dec,Hegde Nagar,3 BHK,Soiniy ,1703,3.0,2.0,130.0,1703.0,3,7633.587786259542,13000000.0
Super built-up  Area,Ready To Move,Hegde Nagar,3 BHK,SoisoCa,2087.01,4.0,2.0,135.0,2087.01,3,6468.584242528785,13500000.0
Super built-up  Area,Ready To Move,Hegde Nagar,3 BHK,Soiniy ,1718,3.0,2.0,130.0,1718.0,3,7566.938300349243,13000000.0
Super built-up  Area,Ready To Move,Hegde Nagar,3 BHK,SoitaCa,1884,4.0,2.0,118.0,1884.0,3,6263.2696390658175,11800000.0
Super built-up  Area,Ready To Move,Hegde Nagar,3 BHK,SoitaCa,1930,4.0,2.0,122.0,1930.0,3,6321.243523316062,12200000.0
Super built-up  Area,Ready To Move,Hegde Nagar,3 BHK,Sonosty,1584.01,3.0,1.0,104.0,1584.01,3,6565.615116066187,10400000.0
Built-up  Area,Ready To Move,Hegde Nagar,3 BHK,Sonosty,1500,3.0,2.0,135.0,1500.0,3,9000.0,13500000.0
Super built-up  Area,Ready To Move,Hegde Nagar,3 BHK,Dhniail,1168,2.0,1.0,68.0,1168.0,3,5821.917808219178,6800000.0
Super built-up  Area,Ready To Move,Hegde Nagar,3 BHK,SoisoCa,2162.03,4.0,2.0,129.0,2162.03,3,5966.614709324107,12900000.0
Super built-up  Area,Ready To Move,Hegde Nagar,3 BHK,SoisoCa,2087.01,4.0,2.0,160.0,2087.01,3,7666.470213367448,16000000.0
Plot  Area,Ready To Move,Hegde Nagar,2 Bedroom,,1000,2.0,0.0,66.0,1000.0,2,6600.0,6600000.0
Built-up  Area,Ready To Move,Hegde Nagar,3 BHK,DSthian,1348,2.0,2.0,80.5,1348.0,3,5971.810089020772,8050000.0
Plot  Area,Ready To Move,Hegganahalli,1 Bedroom,,1200,1.0,0.0,48.0,1200.0,1,4000.0,4800000.0
Built-up  Area,Ready To Move,Hegganahalli,1 Bedroom,,1200,1.0,0.0,48.0,1200.0,1,4000.0,4800000.0
Super built-up  Area,Ready To Move,Hennur,3 BHK,JahtsHe,2400,3.0,,135.0,2400.0,3,5625.0,13500000.0
Super built-up  Area,Ready To Move,Hennur,3 BHK,,1935,3.0,2.0,102.0,1935.0,3,5271.3178294573645,10200000.0
Super built-up  Area,Ready To Move,Hennur,3 BHK,SLureSi,1345,2.0,1.0,69.0,1345.0,3,5130.111524163569,6900000.0
Super built-up  Area,Ready To Move,Hennur,3 BHK,Bront A,1830,2.0,3.0,113.0,1830.0,3,6174.863387978142,11300000.0
Built-up  Area,Ready To Move,Hennur Bande,2 BHK,Matrai ,1100,2.0,1.0,78.0,1100.0,2,7090.909090909091,7800000.0
Plot  Area,Ready To Move,Hennur Bande,3 Bedroom,,1313,4.0,,150.0,1313.0,3,11424.219345011425,15000000.0
Plot  Area,Ready To Move,Hennur Bande,5 Bedroom,,1200,4.0,2.0,150.0,1200.0,5,12500.0,15000000.0
Carpet  Area,19-Jan,Hennur Bande,2 BHK,,1200,2.0,3.0,70.0,1200.0,2,5833.333333333333,7000000.0
Built-up  Area,Ready To Move,Hennur Gardens,3 BHK,PlhtsHe,1945,3.0,3.0,120.0,1945.0,3,6169.665809768638,12000000.0
Built-up  Area,Ready To Move,Hennur Gardens,3 BHK,PlhtsHe,1490,2.0,1.0,115.0,1490.0,3,7718.120805369127,11500000.0
Built-up  Area,Ready To Move,Hennur Gardens,3 BHK,PlhtsHe,1464,2.0,2.0,115.0,1464.0,3,7855.191256830601,11500000.0
Super built-up  Area,Ready To Move,Hennur Gardens,2 BHK,PlhtsHe,1441,2.0,1.0,115.0,1441.0,2,7980.569049271339,11500000.0
Super built-up  Area,Ready To Move,Hennur Gardens,3 BHK,PlhtsHe,1945,3.0,2.0,135.0,1945.0,3,6940.874035989717,13500000.0
Super built-up  Area,Ready To Move,Hennur Road,3 BHK,Anavi B,2089,3.0,2.0,140.0,2089.0,3,6701.771182383915,14000000.0
Built-up  Area,18-Oct,Hennur Road,4 Bedroom,Gollela,2957 - 3450,2.0,,224.5,3203.5,4,7007.960043702201,22450000.0
Plot  Area,Ready To Move,Hennur Road,2 Bedroom,,276,3.0,3.0,23.0,276.0,2,8333.333333333334,2300000.0
Super built-up  Area,Ready To Move,Hennur Road,2 BHK,Mileeou,1385,2.0,1.0,83.09,1385.0,2,5999.27797833935,8309000.0
Built-up  Area,19-Mar,Hennur Road,3 Bedroom,,2264,3.0,1.0,159.0,2264.0,3,7022.968197879859,15900000.0
Built-up  Area,Ready To Move,Hennur Road,2 BHK,,1157,2.0,1.0,84.0,1157.0,2,7260.155574762316,8400000.0
Super built-up  Area,Ready To Move,Hennur Road,3 BHK,SaireSa,1904,3.0,2.0,120.0,1904.0,3,6302.5210084033615,12000000.0
Super built-up  Area,Ready To Move,Hennur Road,3 BHK,SaireSa,1891,3.0,1.0,109.0,1891.0,3,5764.1459545214175,10900000.0
Super built-up  Area,19-Sep,Hennur Road,3 BHK,Orens G,1561,3.0,2.0,95.0,1561.0,3,6085.842408712364,9500000.0
Super built-up  Area,Ready To Move,Hennur Road,3 BHK,SaireSa,2060,3.0,1.0,149.0,2060.0,3,7233.0097087378645,14900000.0
Super built-up  Area,19-Mar,Hennur Road,3 BHK,Puachal,1482,2.0,1.0,92.0,1482.0,3,6207.827260458839,9200000.0
Super built-up  Area,Ready To Move,Hennur Road,2 BHK,Puachal,1232,2.0,2.0,89.0,1232.0,2,7224.025974025974,8900000.0
Super built-up  Area,19-Mar,Hennur Road,3 BHK,Puachal,1482,2.0,2.0,83.73,1482.0,3,5649.797570850203,8373000.0
Super built-up  Area,18-Oct,Hennur Road,3 BHK,Puachal,1482,2.0,1.0,87.0,1482.0,3,5870.4453441295545,8700000.0
Super built-up  Area,Ready To Move,Hennur Road,3 BHK,SaireSa,1891,3.0,1.0,139.0,1891.0,3,7350.608143839238,13900000.0
Super built-up  Area,Ready To Move,Hennur Road,3 BHK,ChionCo,1703,3.0,,101.0,1703.0,3,5930.710510863182,10100000.0
Super built-up  Area,19-Mar,Hennur Road,2 BHK,Puachal,1232,2.0,0.0,69.61,1232.0,2,5650.162337662337,6961000.0
Super built-up  Area,19-Mar,Hennur Road,3 BHK,Puachal,1804,3.0,2.0,102.0,1804.0,3,5654.10199556541,10200000.0
Built-up  Area,Ready To Move,Hennur Road,3 BHK,Asadacy,2160,3.0,2.0,160.0,2160.0,3,7407.407407407408,16000000.0
Super built-up  Area,18-Mar,Hennur Road,3 BHK,Koagati,1186,2.0,1.0,63.0,1186.0,3,5311.973018549747,6300000.0
Super built-up  Area,Ready To Move,Hennur Road,3 BHK,ChionCo,1680,3.0,,99.27,1680.0,3,5908.928571428572,9927000.0
Super built-up  Area,Ready To Move,Hennur Road,2 BHK,Maity W,1385,2.0,1.0,83.09,1385.0,2,5999.27797833935,8309000.0
Super built-up  Area,Ready To Move,Hennur Road,3 BHK,Samittv,2350,3.0,2.0,174.0,2350.0,3,7404.255319148936,17400000.0
Super built-up  Area,Ready To Move,Hennur Road,3 BHK,ChionCo,1586,3.0,3.0,93.94,1586.0,3,5923.076923076923,9394000.0
Super built-up  Area,Ready To Move,Hennur Road,3 BHK,,1975,3.0,3.0,123.0,1975.0,3,6227.848101265823,12300000.0
Super built-up  Area,19-Mar,Hennur Road,3 BHK,Puachal,1482 - 1846,2.0,,93.865,1664.0,3,5640.9254807692305,9386500.0
Super built-up  Area,Ready To Move,Hennur Road,3 BHK,Maity W,1290,2.0,1.0,94.5,1290.0,3,7325.581395348837,9450000.0
Super built-up  Area,Ready To Move,Hennur Road,3 BHK,Maity W,1445,3.0,1.0,86.56,1445.0,3,5990.311418685121,8656000.0
Super built-up  Area,19-Mar,Hennur Road,3 BHK,Puachal,1482,2.0,3.0,97.0,1482.0,3,6545.209176788124,9700000.0
Super built-up  Area,Ready To Move,Hennur Road,2 BHK,Gaodsch,1182,2.0,2.0,82.5,1182.0,2,6979.6954314720815,8250000.0
Super built-up  Area,Ready To Move,Hennur Road,3 BHK,Koagati,1192,2.0,1.0,62.0,1192.0,3,5201.342281879195,6200000.0
Super built-up  Area,18-May,Hennur Road,2 BHK,Koagati,1036,2.0,1.0,59.46,1036.0,2,5739.382239382239,5946000.0
Super built-up  Area,Ready To Move,Hennur Road,3 BHK,SaireSa,1891,3.0,1.0,109.0,1891.0,3,5764.1459545214175,10900000.0
Super built-up  Area,19-Mar,Hennur Road,2 BHK,Puachal,1232,2.0,1.0,69.61,1232.0,2,5650.162337662337,6961000.0
Super built-up  Area,18-Aug,Hennur Road,3 BHK,Puachal,1804,3.0,2.0,102.0,1804.0,3,5654.10199556541,10200000.0
Super built-up  Area,Ready To Move,Hennur Road,3 BHK,Samittv,2320,3.0,2.0,170.0,2320.0,3,7327.586206896552,17000000.0
Super built-up  Area,Ready To Move,Hennur Road,3 BHK,SaireSa,1936,3.0,1.0,118.0,1936.0,3,6095.0413223140495,11800000.0
Super built-up  Area,18-Sep,Hennur Road,3 BHK,Shxorm ,1590,3.0,2.0,96.5,1590.0,3,6069.182389937107,9650000.0
Built-up  Area,18-May,Hennur Road,3 BHK,Maity W,1445,2.0,1.0,105.0,1445.0,3,7266.435986159169,10500000.0
Super built-up  Area,18-Dec,Hennur Road,2 BHK,Koagati,1036,2.0,1.0,59.45,1036.0,2,5738.416988416989,5945000.0
Super built-up  Area,Ready To Move,Hennur Road,3 BHK,SaireSa,1832,3.0,1.0,125.0,1832.0,3,6823.144104803493,12500000.0
Super built-up  Area,18-Jan,Hennur Road,2 BHK,Asadacy,1359,2.0,2.0,104.0,1359.0,2,7652.685798381162,10400000.0
Super built-up  Area,19-Mar,Hennur Road,2 BHK,Puachal,1341,2.0,1.0,75.76,1341.0,2,5649.515287099181,7576000.000000001
Super built-up  Area,Ready To Move,Hennur Road,3 BHK,MItatHa,1685,3.0,2.0,95.0,1685.0,3,5637.982195845697,9500000.0
Super built-up  Area,Ready To Move,Hennur Road,2 BHK,ChionCo,1414,2.0,,84.18,1414.0,2,5953.323903818953,8418000.0
Super built-up  Area,Ready To Move,Hennur Road,3 BHK,SaireSa,1949,3.0,1.0,133.0,1949.0,3,6824.012314007183,13300000.0
Super built-up  Area,19-Mar,Hennur Road,2 BHK,Puachal,1232,2.0,2.0,89.0,1232.0,2,7224.025974025974,8900000.0
Super built-up  Area,Ready To Move,Hennur Road,3 BHK,Mileeou,1250,2.0,1.0,77.88,1250.0,3,6230.4,7788000.0
Super built-up  Area,Ready To Move,Hennur Road,4 BHK,Samittv,2502,4.0,2.0,180.0,2502.0,4,7194.244604316546,18000000.0
Built-up  Area,Ready To Move,Hennur Road,3 BHK,SaireSa,1831,3.0,1.0,110.0,1831.0,3,6007.646095030038,11000000.0
Super built-up  Area,18-Oct,Hennur Road,2 BHK,Puachal,1232,2.0,1.0,87.0,1232.0,2,7061.688311688312,8700000.0
Super built-up  Area,18-Jan,Hennur Road,2 BHK,Puachal,1232,2.0,1.0,74.0,1232.0,2,6006.493506493506,7400000.0
Super built-up  Area,19-Mar,Hennur Road,2 BHK,Puachal,1341,2.0,1.0,95.0,1341.0,2,7084.265473527218,9500000.0
Plot  Area,17-Apr,Hennur Road,3 Bedroom,,2700,3.0,2.0,150.0,2700.0,3,5555.555555555556,15000000.0
Super built-up  Area,19-Mar,Hennur Road,2 BHK,Puachal,1232,2.0,1.0,88.0,1232.0,2,7142.857142857143,8800000.0
Super built-up  Area,Ready To Move,Hennur Road,3 BHK,Samittv,2365,4.0,2.0,175.0,2365.0,3,7399.577167019028,17500000.0
Super built-up  Area,Ready To Move,Hennur Road,3 BHK,Samittv,2264,3.0,2.0,168.0,2264.0,3,7420.494699646643,16800000.0
Super built-up  Area,Ready To Move,Hennur Road,3 BHK,SaireSa,2002,3.0,2.0,120.0,2002.0,3,5994.005994005994,12000000.0
Super built-up  Area,19-Mar,Hennur Road,2 BHK,Puachal,1232,2.0,1.0,69.6,1232.0,2,5649.350649350648,6959999.999999999
Super built-up  Area,18-Dec,Hennur Road,2 BHK,Shxorm ,1195,2.0,2.0,73.0,1195.0,2,6108.786610878661,7300000.0
Super built-up  Area,Ready To Move,Hennur Road,3 BHK,SaireSa,2041,3.0,3.0,128.0,2041.0,3,6271.435570798628,12800000.0
Super built-up  Area,19-Mar,Hennur Road,2 BHK,Puachal,1232,2.0,1.0,87.0,1232.0,2,7061.688311688312,8700000.0
Super built-up  Area,Ready To Move,Hennur Road,2 BHK,Koagati,973,2.0,1.0,56.0,973.0,2,5755.395683453237,5600000.0
Built-up  Area,Ready To Move,Hennur Road,2 BHK,Soncy R,1255,2.0,1.0,84.0,1255.0,2,6693.227091633466,8400000.0
Super built-up  Area,18-Mar,Hennur Road,2 BHK,Puachal,1232,2.0,1.0,83.0,1232.0,2,6737.012987012987,8300000.0
Super built-up  Area,Ready To Move,Hennur Road,3 BHK,SaireSa,1832,3.0,1.0,116.0,1832.0,3,6331.8777292576415,11600000.0
Super built-up  Area,Ready To Move,Hennur Road,3 BHK,ChionCo,2050,3.0,,120.0,2050.0,3,5853.658536585366,12000000.0
Super built-up  Area,Ready To Move,Hennur Road,3 BHK,Maity W,1445,2.0,2.0,86.69,1445.0,3,5999.307958477509,8669000.0
Super built-up  Area,18-Sep,Hennur Road,3 BHK,Maity W,1445,2.0,1.0,83.0,1445.0,3,5743.9446366782,8300000.0
Super built-up  Area,19-Mar,Hennur Road,3 BHK,Puachal,1679,3.0,2.0,94.86,1679.0,3,5649.791542584872,9486000.0
Super built-up  Area,Ready To Move,Hennur Road,3 BHK,ChionCo,1654,3.0,,97.8,1654.0,3,5912.938331318017,9780000.0
Super built-up  Area,15-Nov,Hennur Road,3 BHK,,1480,3.0,,100.0,1480.0,3,6756.756756756757,10000000.0
Super built-up  Area,19-Sep,Hennur Road,3 BHK,Orens G,1450,3.0,1.0,88.6,1450.0,3,6110.3448275862065,8860000.0
Super built-up  Area,Ready To Move,Hennur Road,2 BHK,Mileeou,1155,2.0,1.0,69.18,1155.0,2,5989.6103896103905,6918000.000000001
Super built-up  Area,Ready To Move,Hennur Road,3 BHK,SaireSa,1904,3.0,2.0,129.0,1904.0,3,6775.210084033613,12900000.0
Super built-up  Area,Ready To Move,Hennur Road,3 BHK,SaireSa,1981,3.0,1.0,134.0,1981.0,3,6764.260474507824,13400000.0
Super built-up  Area,Ready To Move,Hennur Road,2 BHK,Maity W,1155,2.0,1.0,69.18,1155.0,2,5989.6103896103905,6918000.000000001
Super built-up  Area,18-Dec,Hennur Road,3 BHK,Shxorm ,1590,3.0,2.0,105.0,1590.0,3,6603.773584905661,10500000.0
Super built-up  Area,Ready To Move,Hennur Road,3 BHK,SaireSa,2041,3.0,3.0,138.0,2041.0,3,6761.391474767271,13800000.0
Built-up  Area,Ready To Move,Hennur Road,3 BHK,Maity W,1100,2.0,1.0,78.0,1100.0,3,7090.909090909091,7800000.0
Built-up  Area,19-Dec,Hennur Road,4 Bedroom,Ciris P,1880,4.0,0.0,154.0,1880.0,4,8191.489361702128,15400000.0
Super built-up  Area,18-Aug,Hennur Road,2 BHK,Puachal,1232,2.0,1.0,69.61,1232.0,2,5650.162337662337,6961000.0
Super built-up  Area,Ready To Move,Hennur Road,3 BHK,ChionCo,1748,3.0,,103.0,1748.0,3,5892.448512585813,10300000.0
Super built-up  Area,Ready To Move,Hennur Road,3 BHK,Samittv,1933,3.0,2.0,140.0,1933.0,3,7242.628039317124,14000000.0
Super built-up  Area,18-Aug,Hennur Road,2 BHK,Puachal,1232,2.0,1.0,69.61,1232.0,2,5650.162337662337,6961000.0
Super built-up  Area,19-Mar,Hennur Road,3 BHK,Orens G,1450,3.0,2.0,79.0,1450.0,3,5448.275862068966,7900000.0
Super built-up  Area,Ready To Move,Hennur Road,3 BHK,Mileeou,1445,2.0,1.0,89.56,1445.0,3,6197.923875432526,8956000.0
Super built-up  Area,19-Mar,Hennur Road,3 BHK,Puachal,1482,2.0,1.0,83.73,1482.0,3,5649.797570850203,8373000.0
Super built-up  Area,Ready To Move,Hennur Road,3 BHK,Maity W,1305,2.0,1.0,77.0,1305.0,3,5900.383141762452,7700000.0
Super built-up  Area,Ready To Move,Hennur Road,3 BHK,MItatHa,1672,3.0,2.0,86.0,1672.0,3,5143.540669856459,8600000.0
Super built-up  Area,19-Mar,Hennur Road,2 BHK,Orens G,1165,2.0,1.0,67.0,1165.0,2,5751.07296137339,6700000.0
Super built-up  Area,18-Aug,Hennur Road,2 BHK,Puachal,1232,2.0,1.0,80.0,1232.0,2,6493.506493506494,8000000.0
Super built-up  Area,Ready To Move,Hennur Road,2 BHK,Mileeou,950,2.0,1.0,55.0,950.0,2,5789.473684210527,5500000.0
Super built-up  Area,Ready To Move,Hennur Road,3 BHK,SaireSa,1891,3.0,1.0,110.0,1891.0,3,5817.028027498678,11000000.0
Built-up  Area,Ready To Move,Hennur Road,2 BHK,Eltert ,1450,2.0,2.0,80.0,1450.0,2,5517.241379310345,8000000.0
Super built-up  Area,Ready To Move,Hennur Road,2 BHK,Mileeou,1155,2.0,1.0,69.18,1155.0,2,5989.6103896103905,6918000.000000001
Super built-up  Area,Ready To Move,Hennur Road,3 BHK,SaireSa,1936,3.0,1.0,131.0,1936.0,3,6766.528925619835,13100000.0
Built-up  Area,Ready To Move,Herohalli,3 Bedroom,,1200,2.0,0.0,70.0,1200.0,3,5833.333333333333,7000000.0
Plot  Area,Ready To Move,Himagiri Meadows,3 Bedroom,Hiowsi ,1240,4.0,1.0,180.0,1240.0,3,14516.129032258064,18000000.0
Plot  Area,Ready To Move,Himagiri Meadows,4 Bedroom,,1350,4.0,0.0,175.0,1350.0,4,12962.962962962964,17500000.0
Super built-up  Area,Ready To Move,Hiremath Layout,3 BHK,MadorSp,1715,3.0,2.0,95.0,1715.0,3,5539.35860058309,9500000.0
Plot  Area,Ready To Move,Hongasandra,2 Bedroom,,680,2.0,0.0,42.0,680.0,2,6176.470588235294,4200000.0
Built-up  Area,Ready To Move,Hoodi,2 BHK,Dhgraas,985,2.0,2.0,67.0,985.0,2,6802.030456852792,6700000.0
Super built-up  Area,Ready To Move,Hoodi,3 BHK,SMaxyay,1715,2.0,2.0,95.0,1715.0,3,5539.35860058309,9500000.0
Super built-up  Area,22-Jun,Hoodi,2 BHK,GoAirej,1196,2.0,2.0,94.42,1196.0,2,7894.648829431439,9442000.0
Built-up  Area,Ready To Move,Hoodi,2 BHK,Goeur G,1425,2.0,2.0,80.0,1425.0,2,5614.035087719299,8000000.0
Super built-up  Area,21-Dec,Hoodi,3 BHK,GoAirej,1639,3.0,2.0,110.0,1639.0,3,6711.4093959731545,11000000.0
Super built-up  Area,Ready To Move,Hoodi,3 BHK,Keers S,1606,3.0,3.0,89.55,1606.0,3,5575.965130759651,8955000.0
Super built-up  Area,21-Jul,Hoodi,3 BHK,GoAirej,1639,3.0,1.0,98.32,1639.0,3,5998.779743746187,9832000.0
Super built-up  Area,19-Dec,Hoodi,2 BHK,Caycend,1026,2.0,1.0,60.87,1026.0,2,5932.748538011696,6087000.0
Super built-up  Area,22-Jun,Hoodi,3 BHK,GoAirej,1837,3.0,3.0,145.0,1837.0,3,7893.304300489929,14500000.0
Super built-up  Area,Ready To Move,Hoodi,2 BHK,SMaxyay,1400,2.0,1.0,78.0,1400.0,2,5571.428571428572,7800000.0
Super built-up  Area,22-Jun,Hoodi,3 BHK,GoAirej,1850,3.0,2.0,146.0,1850.0,3,7891.891891891892,14600000.0
Super built-up  Area,21-Jul,Hoodi,2 BHK,GoAirej,1196,2.0,0.0,71.74,1196.0,2,5998.327759197324,7173999.999999999
Super built-up  Area,22-Jun,Hoodi,2 BHK,GoAirej,1430,2.0,2.0,113.0,1430.0,2,7902.097902097902,11300000.0
Super built-up  Area,19-Dec,Hoodi,3 BHK,Caycend,1553,3.0,2.0,83.09,1553.0,3,5350.289761751449,8309000.0
Built-up  Area,Ready To Move,Hoodi,2 BHK,SMaxyay,1500,2.0,1.0,84.0,1500.0,2,5600.0,8400000.0
Super built-up  Area,22-Jun,Hoodi,2 BHK,GoAirej,1132,2.0,1.0,89.37,1132.0,2,7894.876325088339,8937000.0
Plot  Area,Ready To Move,Hoodi,3 Bedroom,,780,3.0,1.0,62.0,780.0,3,7948.717948717948,6200000.0
Super built-up  Area,Ready To Move,Hoodi,3 BHK,SMaxyay,1925,2.0,3.0,114.0,1925.0,3,5922.077922077922,11400000.0
Super built-up  Area,22-Jun,Hoodi,2 BHK,GoAirej,1112,2.0,1.0,88.0,1112.0,2,7913.669064748202,8800000.0
Super built-up  Area,Ready To Move,Hoodi,2 BHK,SMaxyay,1400,2.0,1.0,82.0,1400.0,2,5857.142857142857,8200000.0
Super built-up  Area,21-Dec,Hoodi,1 BHK,GoAirej,706,1.0,1.0,48.24,706.0,1,6832.8611898017,4824000.0
Super built-up  Area,21-Jul,Hoodi,2 BHK,GoAirej,1132,2.0,0.0,67.9,1132.0,2,5998.233215547704,6790000.000000001
Super built-up  Area,22-Jun,Hoodi,2 BHK,GoAirej,1108,2.0,1.0,87.0,1108.0,2,7851.985559566787,8700000.0
Super built-up  Area,22-Jun,Hoodi,2 BHK,GoAirej,1430,2.0,2.0,110.0,1430.0,2,7692.307692307692,11000000.0
Super built-up  Area,Ready To Move,Hoodi,3 BHK,Goeur G,1925,3.0,3.0,110.0,1925.0,3,5714.285714285715,11000000.0
Super built-up  Area,22-Jun,Hoodi,2 BHK,GoAirej,1132,2.0,1.0,89.0,1132.0,2,7862.190812720848,8900000.0
Built-up  Area,Ready To Move,Hoodi,2 BHK,,948,2.0,1.0,75.0,948.0,2,7911.392405063291,7500000.0
Super built-up  Area,Ready To Move,Hoodi,3 BHK,Keers S,1769,3.0,3.0,96.87,1769.0,3,5475.975127190503,9687000.0
Super built-up  Area,Ready To Move,Hoodi,2 BHK,Keers S,1257,2.0,1.0,71.03,1257.0,2,5650.755767700875,7103000.0
Super built-up  Area,Ready To Move,Hoodi,2 BHK,Keers S,1305,2.0,1.0,75.0,1305.0,2,5747.126436781609,7500000.0
Super built-up  Area,Ready To Move,Hoodi,3 BHK,,1490,3.0,2.0,79.0,1490.0,3,5302.013422818792,7900000.0
Super built-up  Area,22-Jun,Hoodi,2 BHK,GoAirej,1250,2.0,2.0,98.0,1250.0,2,7840.0,9800000.0
Super built-up  Area,22-Jun,Hoodi,3 BHK,GoAirej,1639,3.0,2.0,129.0,1639.0,3,7870.65283709579,12900000.0
Super built-up  Area,21-Dec,Hoodi,2 BHK,GoAirej,1108,2.0,1.0,74.23,1108.0,2,6699.458483754513,7423000.0
Super built-up  Area,22-Jun,Hoodi,3 BHK,GoAirej,1655,3.0,2.0,131.0,1655.0,3,7915.407854984895,13100000.0
Super built-up  Area,19-Dec,Hoodi,2 BHK,Caycend,1063,2.0,1.0,61.17,1063.0,2,5754.468485418626,6117000.0
Super built-up  Area,Ready To Move,Hoodi,2 BHK,Keers S,1259,2.0,2.0,69.45,1259.0,2,5516.282764098491,6945000.0
Super built-up  Area,22-Jun,Hoodi,3 BHK,GoAirej,1837,3.0,3.0,142.0,1837.0,3,7729.994556341861,14200000.0
Super built-up  Area,21-Dec,Hoodi,1 BHK,GoAirej,706 - 716,1.0,0.0,42.65,711.0,1,5998.5935302391,4265000.0
Super built-up  Area,19-Dec,Hoodi,3 BHK,Caycend,1559,3.0,1.0,81.55,1559.0,3,5230.917254650417,8155000.0
Super built-up  Area,20-Sep,Hoodi,1 BHK,Ranuetz,783 - 943,1.0,0.0,40.55,863.0,1,4698.725376593278,4054999.9999999995
Super built-up  Area,Ready To Move,Hoodi,3 BHK,SMaxyay,1715,2.0,2.0,100.0,1715.0,3,5830.903790087464,10000000.0
Built-up  Area,Ready To Move,Hoodi,3 BHK,,1350,3.0,2.0,70.0,1350.0,3,5185.185185185185,7000000.0
Super built-up  Area,22-Jun,Hoodi,3 BHK,GoAirej,1660,3.0,2.0,131.0,1660.0,3,7891.566265060241,13100000.0
Super built-up  Area,22-Jun,Hoodi,3 BHK,GoAirej,1660,3.0,2.0,128.0,1660.0,3,7710.843373493976,12800000.0
Super built-up  Area,Ready To Move,Hoodi,3 BHK,EsaceLe,2144,3.0,2.0,140.0,2144.0,3,6529.850746268657,14000000.0
Super built-up  Area,21-Jul,Hoodi,2 BHK,GoAirej,1108,2.0,0.0,66.46,1108.0,2,5998.194945848375,6645999.999999999
Super built-up  Area,22-Jun,Hoodi,2 BHK,GoAirej,1108,2.0,1.0,87.48,1108.0,2,7895.306859205776,8748000.0
Built-up  Area,Ready To Move,Hoodi,3 BHK,Macanr ,1400,3.0,2.0,74.0,1400.0,3,5285.714285714285,7400000.0
Super built-up  Area,21-Jul,Hoodi,3 BHK,GoAirej,1837,3.0,1.0,110.0,1837.0,3,5988.023952095808,11000000.0
Super built-up  Area,22-Jun,Hoodi,3 BHK,GoAirej,1660,3.0,2.0,125.0,1660.0,3,7530.120481927711,12500000.0
Built-up  Area,18-Mar,Hoodi,4 Bedroom,,3385,4.0,1.0,220.0,3385.0,4,6499.261447562777,22000000.0
Built-up  Area,Ready To Move,Hoodi,3 BHK,,1490,3.0,0.0,85.0,1490.0,3,5704.697986577181,8500000.0
Built-up  Area,19-Dec,"Hoodi Circle,",1 BHK,,813,1.0,1.0,39.0,813.0,1,4797.047970479704,3900000.0
Super built-up  Area,Ready To Move,Hoodi Layout,2 BHK,SVstos ,1160,2.0,2.0,75.0,1160.0,2,6465.517241379311,7500000.0
Super built-up  Area,19-Mar,Horamavu Agara,3 BHK,Prhar G,1756,3.0,2.0,92.0,1756.0,3,5239.179954441914,9200000.0
Super built-up  Area,Ready To Move,Horamavu Agara,3 BHK,,1265,2.0,1.0,65.0,1265.0,3,5138.339920948617,6500000.0
Super built-up  Area,Ready To Move,Horamavu Agara,3 BHK,,1250,3.0,2.0,65.0,1250.0,3,5200.0,6500000.0
Super built-up  Area,Ready To Move,Horamavu Agara,3 BHK,,1284,2.0,2.0,75.0,1284.0,3,5841.121495327103,7500000.0
Super built-up  Area,19-Dec,Horamavu Agara,3 BHK,Prhar G,1623,3.0,1.0,89.0,1623.0,3,5483.672211953173,8900000.0
Super built-up  Area,Ready To Move,Horamavu Agara,1 BHK,,625,1.0,1.0,27.0,625.0,1,4320.0,2700000.0
Super built-up  Area,19-Dec,Horamavu Banaswadi,2 BHK,,1460,2.0,1.0,80.5,1460.0,2,5513.698630136986,8050000.0
Super built-up  Area,19-Dec,Hormavu,1 BHK,Kolisl ,715,1.0,2.0,46.0,715.0,1,6433.566433566433,4600000.0
Plot  Area,Ready To Move,Hormavu,2 Bedroom,,1200,2.0,0.0,67.0,1200.0,2,5583.333333333333,6700000.0
Plot  Area,17-Jul,Hormavu,2 Bedroom,,1200,3.0,0.0,70.0,1200.0,2,5833.333333333333,7000000.0
Super built-up  Area,Ready To Move,Hormavu,1 BHK,,1351,2.0,1.0,53.0,1351.0,1,3923.019985196151,5300000.0
Super built-up  Area,Ready To Move,Hormavu,2 BHK,NStusD ,1153,2.0,1.0,65.0,1153.0,2,5637.467476149176,6500000.0
Super built-up  Area,Ready To Move,Hormavu,2 BHK,Srarkha,1200,2.0,2.0,68.0,1200.0,2,5666.666666666667,6800000.0
Super built-up  Area,Ready To Move,Hormavu,2 BHK,Undraro,1200,2.0,3.0,68.0,1200.0,2,5666.666666666667,6800000.0
Carpet  Area,19-Jun,Hormavu,1 BHK,Kolisl ,527 - 639,1.0,0.0,28.275,583.0,1,4849.91423670669,2827500.0
Super built-up  Area,Ready To Move,Hormavu,2 BHK,,1046,2.0,1.0,60.0,1046.0,2,5736.137667304015,6000000.0
Plot  Area,Ready To Move,Hormavu,2 Bedroom,Grensak,1200,2.0,0.0,73.0,1200.0,2,6083.333333333333,7300000.0
Plot  Area,Ready To Move,Hormavu,2 Bedroom,,860,2.0,0.0,56.0,860.0,2,6511.627906976744,5600000.0
Super built-up  Area,Ready To Move,Hormavu,2 BHK,Cadel C,1210,2.0,3.0,69.0,1210.0,2,5702.479338842975,6900000.0
Plot  Area,Ready To Move,Hosa Road,6 Bedroom,,1300,6.0,0.0,145.0,1300.0,6,11153.846153846154,14500000.0
Super built-up  Area,Ready To Move,Hosa Road,3 BHK,,1652,3.0,2.0,85.0,1652.0,3,5145.2784503631965,8500000.0
Super built-up  Area,19-Mar,Hosa Road,2 BHK,Skume R,1045,2.0,1.0,98.89,1045.0,2,9463.157894736842,9889000.0
Plot  Area,Ready To Move,Hosa Road,3 Bedroom,,675,3.0,2.0,72.5,675.0,3,10740.74074074074,7250000.0
Super built-up  Area,19-Mar,Hosa Road,2 BHK,Sosisic,1430,2.0,1.0,97.52,1430.0,2,6819.580419580419,9752000.0
Super built-up  Area,Ready To Move,Hosa Road,2 BHK,Sosisic,1365,2.0,1.0,92.0,1365.0,2,6739.92673992674,9200000.0
Super built-up  Area,19-Mar,Hosa Road,3 BHK,Skume R,1332,2.0,1.0,86.12,1332.0,3,6465.465465465465,8612000.0
Super built-up  Area,18-Jul,Hosa Road,3 BHK,Sosisic,1665,2.0,3.0,125.0,1665.0,3,7507.507507507507,12500000.0
Super built-up  Area,19-Mar,Hosa Road,1 BHK,Skume R,615,1.0,1.0,28.29,615.0,1,4600.0,2829000.0
Super built-up  Area,19-Mar,Hosa Road,3 BHK,Skume R,1318,2.0,1.0,85.28,1318.0,3,6470.40971168437,8528000.0
Super built-up  Area,19-Jun,Hosa Road,3 BHK,Sosisic,1513,3.0,1.0,103.0,1513.0,3,6807.666886979511,10300000.0
Super built-up  Area,18-Jun,Hosa Road,2 BHK,Sosisic,1369.1,2.0,1.0,104.0,1369.1,2,7596.231100723103,10400000.0
Super built-up  Area,19-Jun,Hosa Road,3 BHK,Sosisic,1512,3.0,1.0,123.0,1512.0,3,8134.920634920635,12300000.0
Super built-up  Area,Ready To Move,Hosa Road,1 BHK,Amelllu,760,1.0,1.0,24.9,760.0,1,3276.315789473684,2490000.0
Super built-up  Area,19-Mar,Hosa Road,3 BHK,Skume R,1532,3.0,2.0,98.13,1532.0,3,6405.352480417754,9813000.0
Super built-up  Area,19-Mar,Hosa Road,3 BHK,Sosisic,1525.84,3.0,1.0,117.0,1525.84,3,7667.90751323861,11700000.0
Built-up  Area,Ready To Move,Hosa Road,3 BHK,Saowsou,1100,2.0,3.0,85.0,1100.0,3,7727.272727272727,8500000.0
Super built-up  Area,18-Dec,Hosa Road,3 BHK,SJerse ,1680,3.0,1.0,101.0,1680.0,3,6011.9047619047615,10100000.0
Plot  Area,Ready To Move,Hosa Road,2 Bedroom,,880,2.0,0.0,50.0,880.0,2,5681.818181818182,5000000.0
Plot  Area,Ready To Move,Hosa Road,3 Bedroom,,675,3.0,1.0,70.0,675.0,3,10370.37037037037,7000000.0
Super built-up  Area,19-Mar,Hosa Road,3 BHK,Skume R,1533,3.0,1.0,98.18,1533.0,3,6404.4357469015,9818000.0
Super built-up  Area,19-Mar,Hosa Road,2 BHK,Skume R,1040,2.0,1.0,68.59,1040.0,2,6595.192307692308,6859000.0
Super built-up  Area,18-Jun,Hosa Road,2 BHK,Sosisic,1369.1,2.0,1.0,98.0,1369.1,2,7157.986998758309,9800000.0
Super built-up  Area,20-Oct,Hosa Road,2 BHK,Skume R,1040,2.0,1.0,61.0,1040.0,2,5865.384615384615,6100000.0
Super built-up  Area,19-Mar,Hosa Road,3 BHK,Skume R,1311,2.0,1.0,84.86,1311.0,3,6472.921434019832,8486000.0
Super built-up  Area,19-Jun,Hosa Road,3 BHK,Sosisic,1512,3.0,2.0,103.0,1512.0,3,6812.169312169312,10300000.0
Super built-up  Area,19-Mar,Hosa Road,1 BHK,Skume R,615 - 985,1.0,0.0,39.99,800.0,1,4998.75,3999000.0
Super built-up  Area,18-Dec,Hosa Road,2 BHK,SJerse ,1360,2.0,1.0,77.61,1360.0,2,5706.617647058823,7761000.0
Super built-up  Area,18-Jul,Hosa Road,2 BHK,SJerse ,1170,2.0,2.0,65.0,1170.0,2,5555.555555555556,6500000.0
Super built-up  Area,18-Aug,Hosa Road,3 BHK,Sosisic,1538,3.0,1.0,107.0,1538.0,3,6957.087126137842,10700000.0
Super built-up  Area,18-Dec,Hosa Road,3 BHK,SJerse ,1470,2.0,2.0,84.22,1470.0,3,5729.251700680272,8422000.0
Super built-up  Area,19-Mar,Hosa Road,3 BHK,Sosisic,1513,3.0,1.0,103.0,1513.0,3,6807.666886979511,10300000.0
Super built-up  Area,19-Mar,Hosa Road,1 BHK,Skume R,625,1.0,1.0,43.68,625.0,1,6988.8,4368000.0
Super built-up  Area,19-Jan,Hosa Road,3 BHK,Sosisic,1893,3.0,2.0,130.0,1893.0,3,6867.406233491812,13000000.0
Super built-up  Area,19-Mar,Hosa Road,1 BHK,Skume R,615,1.0,1.0,43.08,615.0,1,7004.878048780488,4308000.0
Plot  Area,Ready To Move,Hosahalli Extension,9 Bedroom,,750,6.0,3.0,112.0,750.0,9,14933.333333333334,11200000.0
Plot  Area,Ready To Move,Hosahalli Extension,2 Bedroom,,360,2.0,1.0,40.0,360.0,2,11111.111111111111,4000000.0
Plot  Area,Ready To Move,Hosahalli Extension,6 Bedroom,,1350,4.0,1.0,203.0,1350.0,6,15037.037037037036,20300000.0
Built-up  Area,Ready To Move,Hosahalli Extension,5 Bedroom,,2000,5.0,2.0,240.0,2000.0,5,12000.0,24000000.0
Super built-up  Area,Ready To Move,Hosakerehalli,3 BHK,Taonte ,2378,3.0,1.0,262.0,2378.0,3,11017.661900756939,26200000.0
Super built-up  Area,Ready To Move,Hosakerehalli,3 BHK,Taonte ,2376,3.0,1.0,203.0,2376.0,3,8543.771043771043,20300000.0
Built-up  Area,Ready To Move,Hosakerehalli,4 BHK,Taonte ,3205,5.0,1.0,380.0,3205.0,4,11856.474258970358,38000000.0
Super built-up  Area,Ready To Move,Hosakerehalli,4 BHK,Taonte ,3024,5.0,1.0,248.0,3024.0,4,8201.0582010582,24800000.0
Super built-up  Area,Ready To Move,Hosakerehalli,4 BHK,Taonte ,3024,5.0,1.0,350.0,3024.0,4,11574.074074074075,35000000.0
Plot  Area,Ready To Move,Hosakerehalli,5 Bedroom,,2400,5.0,,250.0,2400.0,5,10416.666666666666,25000000.0
Super built-up  Area,18-Mar,Hosakerehalli,3 BHK,SoageHe,1817,4.0,,153.0,1817.0,3,8420.473307649972,15300000.0
Super built-up  Area,18-Mar,Hosakerehalli,2 BHK,SoageHe,1304,2.0,3.0,100.0,1304.0,2,7668.711656441717,10000000.0
Plot  Area,Ready To Move,Hosakerehalli,9 Bedroom,,1380,9.0,0.0,150.0,1380.0,9,10869.565217391304,15000000.0
Super built-up  Area,Ready To Move,Hosakerehalli,3 BHK,Taonte ,2480,3.0,2.0,245.0,2480.0,3,9879.032258064517,24500000.0
Super built-up  Area,Ready To Move,Hosakerehalli,3 BHK,Taonte ,2480,4.0,1.0,260.0,2480.0,3,10483.870967741936,26000000.0
Plot  Area,Ready To Move,Hosakerehalli,3 Bedroom,,1200,2.0,1.0,100.0,1200.0,3,8333.333333333334,10000000.0
Super built-up  Area,Ready To Move,Hosakerehalli,4 BHK,Taonte ,3205,4.0,2.0,300.0,3205.0,4,9360.374414976599,30000000.0
Super built-up  Area,Ready To Move,Hosakerehalli,4 BHK,Taonte ,3033,4.0,1.0,326.0,3033.0,4,10748.433893834488,32600000.0
Plot  Area,Ready To Move,Hosakerehalli,2 Bedroom,,600,2.0,0.0,65.0,600.0,2,10833.333333333334,6500000.0
Super built-up  Area,Ready To Move,Hosakerehalli,3 BHK,Taonte ,2480,4.0,1.0,265.0,2480.0,3,10685.483870967742,26500000.0
Super built-up  Area,Ready To Move,Hosakerehalli,3 BHK,Taonte ,2376,3.0,1.0,240.0,2376.0,3,10101.0101010101,24000000.0
Plot  Area,Ready To Move,Hosakerehalli,5 Bedroom,,1500,6.0,2.0,145.0,1500.0,5,9666.666666666666,14500000.0
Built-up  Area,Ready To Move,Hosakerehalli Layout,2 BHK,,1080,2.0,3.0,64.0,1080.0,2,5925.925925925926,6400000.0
Super built-up  Area,18-Nov,Hoskote,1 BHK,Arity S,509,1.0,1.0,23.0,509.0,1,4518.664047151277,2300000.0
Built-up  Area,Ready To Move,Hosur Road,2 BHK,Tovesee,1656,2.0,1.0,120.0,1656.0,2,7246.376811594203,12000000.0
Built-up  Area,16-Mar,Hosur Road,2 BHK,PuendWe,1194,2.0,0.0,69.0,1194.0,2,5778.894472361809,6900000.0
Super built-up  Area,Ready To Move,Hosur Road,3 BHK,Sueneu ,1145,2.0,2.0,60.0,1145.0,3,5240.174672489083,6000000.0
Super built-up  Area,18-Oct,Hosur Road,3 BHK,PuendWe,1510,2.0,1.0,105.0,1510.0,3,6953.64238410596,10500000.0
Super built-up  Area,18-Jul,Hosur Road,3 BHK,PuendWe,1427,2.0,1.0,80.63,1427.0,3,5650.31534688157,8063000.0
Super built-up  Area,Ready To Move,Hosur Road,3 BHK,PuendWe,1508,2.0,1.0,110.0,1508.0,3,7294.429708222811,11000000.0
Super built-up  Area,Ready To Move,Hosur Road,1 BHK,SLiewce,460,1.0,1.0,21.0,460.0,1,4565.217391304348,2100000.0
Super built-up  Area,Ready To Move,Hosur Road,2 BHK,Nimesch,950,2.0,1.0,60.0,950.0,2,6315.789473684211,6000000.0
Super built-up  Area,18-Jun,Hosur Road,2 BHK,PuendWe,1194,2.0,1.0,71.64,1194.0,2,6000.0,7164000.0
Super built-up  Area,18-Apr,Hosur Road,3 BHK,PuendWe,1766,3.0,1.0,130.0,1766.0,3,7361.268403171008,13000000.0
Super built-up  Area,18-Jul,Hosur Road,3 BHK,PuendWe,1689,3.0,1.0,103.0,1689.0,3,6098.283007696862,10300000.0
Super built-up  Area,18-Jun,Hosur Road,3 BHK,PuendWe,1689,3.0,2.0,103.0,1689.0,3,6098.283007696862,10300000.0
Plot  Area,Ready To Move,Hosur Road,4 Bedroom,KrineAq,2000,4.0,1.0,130.0,2000.0,4,6500.0,13000000.0
Super built-up  Area,18-Jul,Hosur Road,3 BHK,PuendWe,1689,3.0,2.0,103.0,1689.0,3,6098.283007696862,10300000.0
Super built-up  Area,Ready To Move,Hosur Road,3 BHK,Kelmsoy,1685,3.0,1.0,90.0,1685.0,3,5341.246290801187,9000000.0
Super built-up  Area,18-Apr,Hosur Road,2 BHK,PuendWe,1223,2.0,1.0,93.0,1223.0,2,7604.251839738348,9300000.0
Super built-up  Area,18-Apr,Hosur Road,3 BHK,PuendWe,1919,3.0,2.0,117.0,1919.0,3,6096.925482021887,11700000.0
Built-up  Area,Ready To Move,Hulimavu,3 BHK,,1823,3.0,2.0,100.0,1823.0,3,5485.463521667581,10000000.0
Super built-up  Area,Ready To Move,Hulimavu,2 BHK,RatosAr,1100,2.0,2.0,71.5,1100.0,2,6500.0,7150000.0
Super built-up  Area,Ready To Move,Hulimavu,1 BHK,NiarkHy,688,1.0,2.0,50.0,688.0,1,7267.441860465116,5000000.0
Super built-up  Area,Ready To Move,Hulimavu,2 BHK,RatosAr,1255,2.0,2.0,73.0,1255.0,2,5816.733067729084,7300000.0
Super built-up  Area,Ready To Move,Hulimavu,2 BHK,RatosAr,1375,2.0,2.0,80.0,1375.0,2,5818.181818181818,8000000.0
Plot  Area,Ready To Move,Hulimavu,4 Bedroom,,800,4.0,,110.0,800.0,4,13750.0,11000000.0
Super built-up  Area,Ready To Move,Hulimavu,2 BHK,Vandak ,1248,2.0,1.0,69.0,1248.0,2,5528.846153846154,6900000.0
Super built-up  Area,Ready To Move,Hulimavu,3 BHK,NiarkHy,1818,3.0,1.0,135.0,1818.0,3,7425.742574257426,13500000.0
Super built-up  Area,Ready To Move,Hulimavu,2 BHK,RatosAr,1255,2.0,2.0,74.0,1255.0,2,5896.414342629482,7400000.0
Super built-up  Area,18-Mar,Hulimavu,3 BHK,Vapasrk,3035,5.0,,271.0,3035.0,3,8929.159802306425,27100000.0
Super built-up  Area,Ready To Move,Hulimavu,3 BHK,Vapasrk,3035,5.0,3.0,220.0,3035.0,3,7248.764415156507,22000000.0
Super built-up  Area,Ready To Move,Hulimavu,2 BHK,Reiteee,1127,2.0,1.0,65.0,1127.0,2,5767.524401064774,6500000.0
Plot  Area,18-Aug,Hulimavu,4 Bedroom,ValleCi,1500,4.0,3.0,192.0,1500.0,4,12800.0,19200000.0
Plot  Area,Ready To Move,Hulimavu,2 Bedroom,,1200,2.0,0.0,75.0,1200.0,2,6250.0,7500000.0
Super built-up  Area,Ready To Move,Hulimavu,3 BHK,Inods A,1430,2.0,2.0,90.0,1430.0,3,6293.706293706294,9000000.0
Super built-up  Area,18-Mar,Hulimavu,4 BHK,Vapasrk,3560,5.0,3.0,318.0,3560.0,4,8932.58426966292,31800000.0
Super built-up  Area,Ready To Move,Hulimavu,2 BHK,Vandak ,1276,2.0,2.0,76.0,1276.0,2,5956.112852664577,7600000.0
Plot  Area,Ready To Move,Hulimavu,2 Bedroom,,1500,2.0,0.0,90.0,1500.0,2,6000.0,9000000.0
Super built-up  Area,Ready To Move,Hulimavu,2 BHK,NiarkHy,1021,2.0,1.0,76.0,1021.0,2,7443.682664054848,7600000.0
Super built-up  Area,Ready To Move,Hulimavu,1 BHK,,581,1.0,1.0,29.0,581.0,1,4991.394148020654,2900000.0
Built-up  Area,Ready To Move,Hulimavu,2 Bedroom,,1050,2.0,2.0,125.0,1050.0,2,11904.761904761905,12500000.0
Super built-up  Area,Ready To Move,Hulimavu,3 BHK,,1260,2.0,1.0,82.0,1260.0,3,6507.936507936508,8200000.0
Built-up  Area,Ready To Move,Hulimavu,1 BHK,,450,1.0,1.0,20.0,450.0,1,4444.444444444444,2000000.0
Super built-up  Area,Ready To Move,Hulimavu,2 BHK,Vandak ,1231,2.0,1.0,84.5,1231.0,2,6864.337936636881,8450000.0
Super built-up  Area,18-Dec,Hulimavu,3 BHK,NiarkHy,1916,2.0,1.0,150.0,1916.0,3,7828.8100208768265,15000000.0
Plot  Area,Ready To Move,Hunasamaranahalli,4 Bedroom,EmardBo,4000,4.0,2.0,675.0,4000.0,4,16875.0,67500000.0
Plot  Area,Ready To Move,ISRO Layout,4 Bedroom,,1200,4.0,2.0,155.0,1200.0,4,12916.666666666666,15500000.0
Super built-up  Area,Ready To Move,ISRO Layout,2 BHK,,1000,2.0,1.0,60.0,1000.0,2,6000.0,6000000.0
Super built-up  Area,Ready To Move,ISRO Layout,2 BHK,,1000,2.0,1.0,60.0,1000.0,2,6000.0,6000000.0
Super built-up  Area,Ready To Move,ISRO Layout,3 BHK,Shhin S,1310,2.0,3.0,68.0,1310.0,3,5190.839694656489,6800000.0
Super built-up  Area,Ready To Move,ISRO Layout,3 BHK,Oaines ,1370,2.0,2.0,87.0,1370.0,3,6350.36496350365,8700000.0
Built-up  Area,Ready To Move,ITI Layout,3 BHK,Arnorya,1533,3.0,2.0,115.0,1533.0,3,7501.630789302022,11500000.0
Super built-up  Area,Ready To Move,ITI Layout,2 BHK,Soarkge,1333,2.0,2.0,77.27,1333.0,2,5796.699174793698,7727000.0
Built-up  Area,Ready To Move,ITI Layout,2 BHK,Soarkge,1450,2.0,2.0,90.0,1450.0,2,6206.896551724138,9000000.0
Super built-up  Area,Ready To Move,ITPL,3 BHK,,1548,3.0,2.0,89.5,1548.0,3,5781.6537467700255,8950000.0
Plot  Area,18-Dec,ITPL,3 Bedroom,,1200,3.0,1.0,68.4,1200.0,3,5700.000000000001,6840000.000000001
Super built-up  Area,Ready To Move,Iblur Village,3 BHK,Emine P,3235,3.0,1.0,235.0,3235.0,3,7264.296754250387,23500000.0
Super built-up  Area,Ready To Move,Iblur Village,4 BHK,Emine P,3596,5.0,1.0,290.0,3596.0,4,8064.5161290322585,29000000.0
Super built-up  Area,18-Dec,Iblur Village,3 BHK,DNionfl,1920,3.0,2.0,130.0,1920.0,3,6770.833333333333,13000000.0
Super built-up  Area,18-Dec,Iblur Village,3 BHK,DNionfl,1995,3.0,2.0,135.0,1995.0,3,6766.917293233083,13500000.0
Super built-up  Area,Ready To Move,Iblur Village,4 BHK,Emine P,3596,5.0,1.0,282.0,3596.0,4,7842.046718576195,28200000.0
Super built-up  Area,Ready To Move,Iblur Village,3 BHK,Sonet G,1918,3.0,2.0,129.0,1918.0,3,6725.7559958289885,12900000.0
Super built-up  Area,Ready To Move,Iblur Village,4 BHK,Emine P,3596,5.0,0.0,252.0,3596.0,4,7007.786429365962,25200000.0
Super built-up  Area,18-Dec,Iblur Village,3 BHK,DNionfl,2100,4.0,2.0,145.0,2100.0,3,6904.761904761905,14500000.0
Super built-up  Area,18-Aug,Iblur Village,3 BHK,DNionfl,1920,3.0,2.0,150.0,1920.0,3,7812.5,15000000.0
Super built-up  Area,Ready To Move,Iblur Village,3 BHK,DNionfl,1920,3.0,2.0,130.0,1920.0,3,6770.833333333333,13000000.0
Super built-up  Area,18-Aug,Iblur Village,3 BHK,DNionfl,1920,3.0,2.0,150.0,1920.0,3,7812.5,15000000.0
Super built-up  Area,18-Dec,Iblur Village,3 BHK,DNionfl,2000,4.0,2.0,138.0,2000.0,3,6900.0,13800000.0
Super built-up  Area,Ready To Move,Iblur Village,4 BHK,Emine P,3596,5.0,1.0,260.0,3596.0,4,7230.255839822024,26000000.0
Super built-up  Area,Ready To Move,Iblur Village,4 BHK,Emine P,3596,5.0,1.0,279.0,3596.0,4,7758.620689655172,27900000.0
Super built-up  Area,Ready To Move,Iblur Village,3 BHK,Emine P,2666,4.0,1.0,200.0,2666.0,3,7501.875468867217,20000000.0
Super built-up  Area,Ready To Move,Iblur Village,4 BHK,Emine P,3596,5.0,1.0,297.0,3596.0,4,8259.176863181312,29700000.0
Super built-up  Area,18-Dec,Iblur Village,3 BHK,DNionfl,1920,3.0,2.0,130.0,1920.0,3,6770.833333333333,13000000.0
Super built-up  Area,Ready To Move,Iblur Village,4 BHK,Emine P,3596,4.0,2.0,268.0,3596.0,4,7452.725250278087,26800000.0
Super built-up  Area,Ready To Move,Iblur Village,4 BHK,Emine P,3596,5.0,1.0,251.0,3596.0,4,6979.9777530589545,25100000.0
Plot  Area,Ready To Move,Ilyas Nagar,4 Bedroom,,900,4.0,1.0,75.0,900.0,4,8333.333333333334,7500000.0
Super built-up  Area,Ready To Move,Ilyas Nagar,4 BHK,,750,6.0,2.0,75.0,750.0,4,10000.0,7500000.0
Super built-up  Area,Ready To Move,Immadihalli,2 BHK,,1135,2.0,2.0,68.0,1135.0,2,5991.1894273127755,6800000.0
Plot  Area,Ready To Move,Immadihalli,1 Bedroom,,672,1.0,1.0,27.0,672.0,1,4017.8571428571427,2700000.0
Built-up  Area,Ready To Move,Indira Nagar,4 Bedroom,,2200,4.0,2.0,200.0,2200.0,4,9090.90909090909,20000000.0
Super built-up  Area,Ready To Move,Indira Nagar,2 BHK,,1200,2.0,2.0,93.0,1200.0,2,7750.0,9300000.0
Super built-up  Area,Ready To Move,Indira Nagar,2 BHK,Aentsbe,1128,2.0,2.0,105.0,1128.0,2,9308.510638297872,10500000.0
Super built-up  Area,Ready To Move,Indira Nagar,3 BHK,ToSky F,2800,3.0,1.0,330.0,2800.0,3,11785.714285714286,33000000.0
Super built-up  Area,Ready To Move,Indira Nagar,3 BHK,MCtleas,1650,3.0,2.0,200.0,1650.0,3,12121.212121212122,20000000.0
Carpet  Area,Ready To Move,Indira Nagar,3 BHK,Gonorir,1875,3.0,1.0,180.0,1875.0,3,9600.0,18000000.0
Built-up  Area,Ready To Move,Indira Nagar,2 BHK,VKvenas,1210,2.0,1.0,102.0,1210.0,2,8429.752066115703,10200000.0
Built-up  Area,Ready To Move,Indira Nagar,2 BHK,Riousd ,1224,2.0,2.0,105.0,1224.0,2,8578.43137254902,10500000.0
Super built-up  Area,Ready To Move,Indira Nagar,3 BHK,,2070,3.0,2.0,225.0,2070.0,3,10869.565217391304,22500000.0
Built-up  Area,Ready To Move,Indira Nagar,1 Bedroom,,500,1.0,0.0,70.0,500.0,1,14000.0,7000000.0
Super built-up  Area,Ready To Move,Indira Nagar,2 BHK,Suurtni,1400,2.0,2.0,168.0,1400.0,2,12000.0,16800000.0
Plot  Area,Ready To Move,Indira Nagar,4 Bedroom,,2400,4.0,2.0,525.0,2400.0,4,21875.0,52500000.0
Built-up  Area,Ready To Move,Indira Nagar,3 BHK,,1407,3.0,1.0,120.0,1407.0,3,8528.784648187633,12000000.0
Super built-up  Area,Ready To Move,Indira Nagar,2 BHK,Gonorir,1145,2.0,2.0,100.0,1145.0,2,8733.624454148472,10000000.0
Super built-up  Area,Ready To Move,Indira Nagar,2 BHK,Suurtni,1470,2.0,2.0,170.0,1470.0,2,11564.625850340137,17000000.0
Plot  Area,Ready To Move,Indira Nagar,5 Bedroom,,1000,5.0,2.0,180.0,1000.0,5,18000.0,18000000.0
Super built-up  Area,Ready To Move,Indira Nagar,3 BHK,,2700,3.0,,324.0,2700.0,3,12000.0,32400000.0
Built-up  Area,Ready To Move,Indira Nagar,1 BHK,GoilsDa,850,1.0,2.0,57.0,850.0,1,6705.882352941177,5700000.0
Plot  Area,Ready To Move,Indira Nagar,8 Bedroom,,3250,8.0,1.0,600.0,3250.0,8,18461.53846153846,60000000.0
Super built-up  Area,18-Mar,Indira Nagar,3 BHK,,2601,4.0,,312.0,2601.0,3,11995.386389850059,31200000.0
Super built-up  Area,Ready To Move,Indira Nagar,2 BHK,,1260,2.0,2.0,100.0,1260.0,2,7936.507936507936,10000000.0
Built-up  Area,Ready To Move,Indira Nagar,3 BHK,,1740,3.0,2.0,191.0,1740.0,3,10977.011494252874,19100000.0
Built-up  Area,Ready To Move,Indira Nagar,3 BHK,MCtleas,1650,3.0,3.0,220.0,1650.0,3,13333.333333333334,22000000.0
Super built-up  Area,Ready To Move,Indira Nagar,3 BHK,,1700,3.0,2.0,150.0,1700.0,3,8823.529411764706,15000000.0
Built-up  Area,16-Sep,Indira Nagar,4 Bedroom,,3200,3.0,2.0,250.0,3200.0,4,7812.5,25000000.0
Plot  Area,Ready To Move,Indira Nagar,3 Bedroom,,1440,3.0,1.0,275.0,1440.0,3,19097.222222222223,27500000.0
Super built-up  Area,Ready To Move,Indira Nagar,2 BHK,Suurtni,1475,2.0,2.0,171.0,1475.0,2,11593.22033898305,17100000.0
Super built-up  Area,Ready To Move,Indira Nagar,4 BHK,,3200,4.0,,440.0,3200.0,4,13750.0,44000000.0
Built-up  Area,Ready To Move,Indira Nagar,4 BHK,,4000,4.0,1.0,700.0,4000.0,4,17500.0,70000000.0
Built-up  Area,Ready To Move,Indira Nagar,1 BHK,GoilsDa,850,1.0,2.0,60.0,850.0,1,7058.823529411765,6000000.0
Plot  Area,Ready To Move,Indira Nagar,4 Bedroom,,2400,4.0,2.0,405.0,2400.0,4,16875.0,40500000.0
Plot  Area,Ready To Move,Indira Nagar,5 Bedroom,,1800,5.0,2.0,350.0,1800.0,5,19444.444444444445,35000000.0
Built-up  Area,Ready To Move,Indira Nagar,3 BHK,Monorh ,1500,3.0,3.0,120.0,1500.0,3,8000.0,12000000.0
Super built-up  Area,Ready To Move,Indira Nagar,3 BHK,Gonorir,2200,3.0,2.0,160.0,2200.0,3,7272.727272727273,16000000.0
Super built-up  Area,Ready To Move,Indira Nagar,3 BHK,MCtleas,1650,3.0,2.0,200.0,1650.0,3,12121.212121212122,20000000.0
Super built-up  Area,Ready To Move,Indira Nagar,4 BHK,,2800,4.0,3.0,365.0,2800.0,4,13035.714285714286,36500000.0
Super built-up  Area,Ready To Move,Indira Nagar,2 BHK,,1260,2.0,3.0,120.0,1260.0,2,9523.809523809523,12000000.0
Super built-up  Area,Ready To Move,Indira Nagar,2 BHK,Goareir,1149,2.0,1.0,130.0,1149.0,2,11314.186248912098,13000000.0
Super built-up  Area,Ready To Move,Indira Nagar,3 BHK,Goyalir,1650,3.0,1.0,150.0,1650.0,3,9090.90909090909,15000000.0
Plot  Area,Ready To Move,Indira Nagar,6 Bedroom,,2400,6.0,2.0,475.0,2400.0,6,19791.666666666668,47500000.0
Super built-up  Area,18-Aug,Indra Nagar,3 BHK,,1550,3.0,2.0,258.0,1550.0,3,16645.16129032258,25800000.0
Super built-up  Area,Ready To Move,Infantry Road,5 BHK,,4000,5.0,,680.0,4000.0,5,17000.0,68000000.0
Built-up  Area,Ready To Move,Ittamadu,1 BHK,,1200,2.0,0.0,85.0,1200.0,1,7083.333333333333,8500000.0
Super built-up  Area,Ready To Move,Ittamadu,3 BHK,Naory G,1600,3.0,2.0,100.0,1600.0,3,6250.0,10000000.0
Plot  Area,Ready To Move,Ittamadu,3 Bedroom,,1800,3.0,0.0,95.0,1800.0,3,5277.777777777777,9500000.0
Plot  Area,Ready To Move,J C Nagar,3 Bedroom,,1200,2.0,0.0,108.0,1200.0,3,9000.0,10800000.0
Super built-up  Area,Ready To Move,JP Nagar,3 BHK,Maerar ,1850,3.0,3.0,150.0,1850.0,3,8108.108108108108,15000000.0
Super built-up  Area,18-Dec,JP Nagar,5 BHK,Pehtsa ,4400 - 6800,2.0,,548.5,5600.0,5,9794.642857142857,54850000.0
Super built-up  Area,18-Dec,JP Nagar,4 BHK,Pehtsa ,4000 - 5249,2.0,,453.0,4624.5,4,9795.653584171261,45300000.0
Super built-up  Area,Ready To Move,JP Nagar,2 BHK,Saowsri,1100,2.0,2.0,70.0,1100.0,2,6363.636363636364,7000000.0
Built-up  Area,Ready To Move,JP Nagar,3 Bedroom,Ronty C,2500,3.0,2.0,135.0,2500.0,3,5400.0,13500000.0
Plot  Area,Ready To Move,JP Nagar,9 Bedroom,,2550,9.0,0.0,360.0,2550.0,9,14117.64705882353,36000000.0
Super built-up  Area,18-Dec,JP Nagar,4 BHK,Pehtsa ,4000 - 5249,4.0,0.0,314.5,4624.5,4,6800.735214617796,31450000.0
Super built-up  Area,Ready To Move,JP Nagar,1 BHK,Duoveoo,1050,1.0,1.0,44.0,1050.0,1,4190.476190476191,4400000.0
Built-up  Area,Ready To Move,JP Nagar,3 BHK,Adace P,2000,3.0,2.0,250.0,2000.0,3,12500.0,25000000.0
Super built-up  Area,18-Mar,JP Nagar,2 BHK,Shestut,1300 - 1405,2.0,0.0,93.865,1352.5,2,6940.110905730129,9386500.0
Super built-up  Area,Ready To Move,JP Nagar,4 BHK,,1650,3.0,1.0,220.0,1650.0,4,13333.333333333334,22000000.0
Super built-up  Area,18-May,JP Nagar,2 BHK,Shestut,1300,2.0,1.0,90.87,1300.0,2,6990.0,9087000.0
Built-up  Area,Ready To Move,JP Nagar,3 BHK,,1315,2.0,1.0,85.4,1315.0,3,6494.296577946768,8540000.0
Super built-up  Area,Ready To Move,JP Nagar,3 BHK,,1690,3.0,2.0,112.0,1690.0,3,6627.218934911242,11200000.0
Super built-up  Area,18-Dec,JP Nagar,2 BHK,Shestut,1300,2.0,1.0,109.0,1300.0,2,8384.615384615385,10900000.0
Super built-up  Area,18-Dec,JP Nagar,3 BHK,Pehtsa ,3860,3.0,2.0,402.0,3860.0,3,10414.507772020725,40200000.0
Super built-up  Area,Ready To Move,JP Nagar,2 BHK,Maerar ,1245,2.0,2.0,110.0,1245.0,2,8835.341365461847,11000000.0
Super built-up  Area,Ready To Move,JP Nagar,1 BHK,Brine J,750,1.0,1.0,52.5,750.0,1,7000.0,5250000.0
Super built-up  Area,Ready To Move,JP Nagar,2 BHK,Srncyya,1200,2.0,3.0,78.0,1200.0,2,6500.0,7800000.0
Super built-up  Area,Ready To Move,JP Nagar,3 BHK,SuncyRe,1850,2.0,,110.0,1850.0,3,5945.945945945946,11000000.0
Super built-up  Area,Ready To Move,JP Nagar,3 BHK,Adaveth,1500,2.0,3.0,82.0,1500.0,3,5466.666666666667,8200000.0
Super built-up  Area,19-Dec,JP Nagar,3 BHK,Shestut,1750,3.0,1.0,123.0,1750.0,3,7028.571428571428,12300000.0
Super built-up  Area,18-Mar,JP Nagar,3 BHK,Shestut,1750 - 2640,2.0,,152.0,2195.0,3,6924.829157175399,15200000.0
Super built-up  Area,18-Dec,JP Nagar,3 BHK,Pehtsa ,3103 - 3890,2.0,,237.5,3496.5,3,6792.506792506792,23750000.0
Super built-up  Area,Ready To Move,JP Nagar,3 BHK,Meowns ,1600,3.0,2.0,83.0,1600.0,3,5187.5,8300000.0
Super built-up  Area,Ready To Move,JP Nagar,1 BHK,Shika A,745,1.0,0.0,34.27,745.0,1,4600.000000000001,3427000.0000000005
Super built-up  Area,18-Dec,JP Nagar,4 BHK,Pehtsa ,4000,4.0,3.0,441.0,4000.0,4,11025.0,44100000.0
Super built-up  Area,Ready To Move,JP Nagar,2 BHK,AnnceEl,1150,2.0,2.0,90.0,1150.0,2,7826.086956521739,9000000.0
Super built-up  Area,19-Dec,JP Nagar,3 BHK,Shestut,1960,3.0,1.0,138.0,1960.0,3,7040.816326530612,13800000.0
Built-up  Area,Ready To Move,JP Nagar,3 BHK,Meowns ,1590,2.0,3.0,85.0,1590.0,3,5345.911949685535,8500000.0
Carpet  Area,Ready To Move,JP Nagar,3 BHK,Saacy A,2400,3.0,3.0,196.0,2400.0,3,8166.666666666667,19600000.0
Super built-up  Area,19-Dec,JP Nagar,2 BHK,Shestut,1300,2.0,1.0,91.65,1300.0,2,7050.0,9165000.0
Super built-up  Area,Ready To Move,JP Nagar,2 BHK,Maerar ,1250,2.0,2.0,93.0,1250.0,2,7440.0,9300000.0
Super built-up  Area,Ready To Move,JP Nagar,4 BHK,Brnumnn,3200,5.0,3.0,309.0,3200.0,4,9656.25,30900000.0
Super built-up  Area,Ready To Move,JP Nagar,3 BHK,Brwernn,1500,2.0,1.0,108.0,1500.0,3,7200.0,10800000.0
Built-up  Area,Ready To Move,JP Nagar,3 BHK,RaosePr,1520,3.0,2.0,125.0,1520.0,3,8223.684210526315,12500000.0
Super built-up  Area,19-Dec,JP Nagar,2 BHK,Shestut,1405,2.0,1.0,99.0,1405.0,2,7046.26334519573,9900000.0
Super built-up  Area,Ready To Move,JP Nagar,2 BHK,BSensth,1157,2.0,1.0,73.0,1157.0,2,6309.420916162489,7300000.0
Super built-up  Area,Ready To Move,JP Nagar,3 BHK,Adaveth,1500,2.0,3.0,82.0,1500.0,3,5466.666666666667,8200000.0
Super built-up  Area,19-Jan,"JP Nagar 7th Phase,",2 BHK,,1150,2.0,1.0,74.0,1150.0,2,6434.782608695652,7400000.0
Super built-up  Area,Ready To Move,Jakkasandra Extension,2 BHK,,990,2.0,2.0,58.0,990.0,2,5858.585858585859,5800000.0
Super built-up  Area,Ready To Move,Jakkasandra Extension,2 BHK,,1205,2.0,1.0,70.0,1205.0,2,5809.128630705394,7000000.0
Built-up  Area,Ready To Move,Jakkasandra Extension,2 BHK,,1000,2.0,1.0,63.0,1000.0,2,6300.0,6300000.0
Built-up  Area,Ready To Move,Jakkasandra Extension,2 BHK,,950,2.0,3.0,57.0,950.0,2,6000.0,5700000.0
Built-up  Area,Ready To Move,Jakkur,3 BHK,Socon Z,1590,2.0,2.0,125.0,1590.0,3,7861.635220125786,12500000.0
Super built-up  Area,Ready To Move,Jakkur,2 BHK,,1279,2.0,1.0,77.0,1279.0,2,6020.3283815480845,7700000.0
Super built-up  Area,Ready To Move,Jakkur,3 BHK,BrdgeNo,1710,3.0,2.0,107.0,1710.0,3,6257.309941520468,10700000.0
Super built-up  Area,18-Apr,Jakkur,3 BHK,,1396,2.0,1.0,86.51,1396.0,3,6196.991404011461,8651000.0
Super built-up  Area,22-May,Jakkur,4 BHK,SoineC ,3467.86,6.0,3.0,249.0,3467.86,4,7180.220654813054,24900000.0
Super built-up  Area,19-Dec,Jakkur,3 BHK,Ceezey ,1865,3.0,1.0,124.0,1865.0,3,6648.793565683646,12400000.0
Super built-up  Area,22-May,Jakkur,4 BHK,SoineC ,2249.81 - 4112.19,2.0,,260.5,3181.0,4,8189.248663942157,26050000.0
Super built-up  Area,Ready To Move,Jakkur,3 BHK,BrdgeNo,1760,3.0,2.0,139.0,1760.0,3,7897.727272727273,13900000.0
Super built-up  Area,17-Dec,Jakkur,2 BHK,BrdgeNo,1290,2.0,1.0,100.0,1290.0,2,7751.937984496124,10000000.0
Super built-up  Area,22-May,Jakkur,2 BHK,SoineC ,1452.19,2.0,1.0,100.0,1452.19,2,6886.151261198604,10000000.0
Super built-up  Area,19-Dec,Jakkur,3 BHK,Ceezey ,1798,3.0,1.0,120.0,1798.0,3,6674.082313681869,12000000.0
Super built-up  Area,Ready To Move,Jakkur,2 BHK,HRaniIb,1300,2.0,1.0,85.0,1300.0,2,6538.461538461538,8500000.0
Super built-up  Area,22-May,Jakkur,4 BHK,SoineC ,2249.81 - 4112.19,4.0,0.0,260.5,3181.0,4,8189.248663942157,26050000.0
Super built-up  Area,20-Jun,Jakkur,3 BHK,SoineC ,1950,3.0,2.0,131.0,1950.0,3,6717.948717948718,13100000.0
Super built-up  Area,Ready To Move,Jakkur,3 BHK,Ceezey ,1858,3.0,1.0,98.3,1858.0,3,5290.635091496232,9830000.0
Super built-up  Area,18-May,Jakkur,2 BHK,BrdgeNo,1230,2.0,1.0,76.0,1230.0,2,6178.861788617886,7600000.0
Super built-up  Area,Ready To Move,Jakkur,2 BHK,BrdgeNo,1290,2.0,1.0,80.0,1290.0,2,6201.550387596899,8000000.0
Super built-up  Area,Ready To Move,Jakkur,3 BHK,BrdgeNo,1760,3.0,2.0,110.0,1760.0,3,6250.0,11000000.0
Super built-up  Area,19-Dec,Jakkur,2 BHK,Ceezey ,1483,2.0,1.0,98.0,1483.0,2,6608.226567768038,9800000.0
Super built-up  Area,20-Dec,Jakkur,3 BHK,ArndsSk,1482,3.0,2.0,86.0,1482.0,3,5802.968960863698,8600000.0
Super built-up  Area,Ready To Move,Jakkur,3 BHK,HRaniIb,1645,3.0,1.0,100.0,1645.0,3,6079.0273556231,10000000.0
Super built-up  Area,Ready To Move,Jakkur,3 BHK,HRaniIb,1650,3.0,2.0,111.0,1650.0,3,6727.272727272727,11100000.0
Super built-up  Area,19-Dec,Jakkur,3 BHK,Ceezey ,2423,4.0,3.0,160.0,2423.0,3,6603.38423442014,16000000.0
Super built-up  Area,18-Apr,Jakkur,3 BHK,,2197,3.0,2.0,136.0,2197.0,3,6190.259444697314,13600000.0
Super built-up  Area,Ready To Move,Jakkur,2 BHK,AvensGa,1125,2.0,2.0,65.0,1125.0,2,5777.777777777777,6500000.0
Super built-up  Area,Ready To Move,Jakkur,2 BHK,BrdgeNo,1230,2.0,1.0,79.0,1230.0,2,6422.764227642277,7900000.0
Super built-up  Area,Ready To Move,Jakkur,2 BHK,HRaniIb,1202,2.0,1.0,79.0,1202.0,2,6572.379367720466,7900000.0
Super built-up  Area,19-Dec,Jakkur,3 BHK,Ceezey ,1858,3.0,1.0,123.0,1858.0,3,6620.021528525296,12300000.0
Super built-up  Area,22-May,Jakkur,4 BHK,SoineC ,2249.81 - 4112.19,2.0,,229.0,3181.0,4,7198.994027035524,22900000.0
Super built-up  Area,Ready To Move,Jakkur,3 BHK,BrdgeNo,1610 - 1880,2.0,,98.485,1745.0,3,5643.839541547278,9848500.0
Super built-up  Area,18-Aug,Jakkur,3 BHK,Ceezey ,1798,3.0,1.0,110.0,1798.0,3,6117.908787541713,11000000.0
Built-up  Area,Ready To Move,Jakkur,3 BHK,Miershi,1785,3.0,2.0,130.0,1785.0,3,7282.913165266106,13000000.0
Super built-up  Area,Ready To Move,Jakkur,2 BHK,Tincyum,1080,2.0,2.0,60.0,1080.0,2,5555.555555555556,6000000.0
Super built-up  Area,Ready To Move,Jakkur,2 BHK,BrdgeNo,1230 - 1290,2.0,0.0,71.195,1260.0,2,5650.396825396825,7119499.999999999
Super built-up  Area,19-Dec,Jakkur,3 BHK,Ceezey ,1816,3.0,1.0,119.0,1816.0,3,6552.863436123348,11900000.0
Super built-up  Area,Ready To Move,Jakkur,2 BHK,Arzzo P,1424,2.0,3.0,80.0,1424.0,2,5617.9775280898875,8000000.0
Super built-up  Area,Ready To Move,Jakkur,2 BHK,BrdgeNo,1290,2.0,1.0,85.0,1290.0,2,6589.147286821705,8500000.0
Built-up  Area,Ready To Move,Jakkur,2 BHK,,1300,2.0,2.0,80.0,1300.0,2,6153.846153846154,8000000.0
Super built-up  Area,Ready To Move,Jakkur,2 BHK,HRaniIb,1290,2.0,1.0,80.04,1290.0,2,6204.651162790698,8004000.000000001
Super built-up  Area,20-Dec,Jakkur,2 BHK,ArndsSk,1282,2.0,1.0,72.0,1282.0,2,5616.224648985959,7200000.0
Super built-up  Area,Ready To Move,Jakkur,3 BHK,BrdgeNo,1880,4.0,2.0,110.0,1880.0,3,5851.063829787234,11000000.0
Super built-up  Area,18-Dec,Jakkur,3 BHK,BrdgeNo,1660,3.0,2.0,104.0,1660.0,3,6265.060240963855,10400000.0
Super built-up  Area,Ready To Move,Jakkur,2 BHK,HRaniIb,1291,2.0,1.0,75.0,1291.0,2,5809.450038729667,7500000.0
Super built-up  Area,Ready To Move,Jakkur,2 BHK,HRaniIb,1473,2.0,1.0,85.0,1473.0,2,5770.536320434488,8500000.0
Super built-up  Area,Ready To Move,Jakkur,3 BHK,BrdgeNo,1660,3.0,2.0,104.0,1660.0,3,6265.060240963855,10400000.0
Super built-up  Area,20-Jun,Jakkur,3 BHK,SoineC ,1950,3.0,2.0,131.0,1950.0,3,6717.948717948718,13100000.0
Super built-up  Area,Ready To Move,Jakkur,2 BHK,HRaniIb,1432,2.0,1.0,85.0,1432.0,2,5935.754189944134,8500000.0
Super built-up  Area,Ready To Move,Jakkur,3 BHK,,1150,3.0,2.0,65.0,1150.0,3,5652.173913043478,6500000.0
Super built-up  Area,Ready To Move,Jakkur,3 BHK,BrdgeNo,1710,3.0,2.0,110.0,1710.0,3,6432.748538011696,11000000.0
Super built-up  Area,Ready To Move,Jakkur Plantation,3 BHK,Reicace,1765,3.0,3.0,105.0,1765.0,3,5949.008498583569,10500000.0
Super built-up  Area,Ready To Move,Jakkur Plantation,3 BHK,Reicace,1717,3.0,3.0,120.0,1717.0,3,6988.934187536401,12000000.0
Built-up  Area,Ready To Move,Jakkur Plantation,3 BHK,Reicace,1800,4.0,3.0,115.0,1800.0,3,6388.888888888889,11500000.0
Super built-up  Area,Ready To Move,Jakkur Plantation,3 BHK,Reicace,1719,3.0,2.0,110.0,1719.0,3,6399.069226294358,11000000.0
Super built-up  Area,Ready To Move,Jakkur Plantation,2 BHK,Reicace,1368,2.0,3.0,87.0,1368.0,2,6359.649122807017,8700000.0
Super built-up  Area,18-May,Jalahalli,3 BHK,Shard T,1400,3.0,0.0,77.0,1400.0,3,5500.0,7700000.0
Super built-up  Area,Ready To Move,Jalahalli,3 BHK,Tahtsla,2250,3.0,2.0,160.0,2250.0,3,7111.111111111111,16000000.0
Super built-up  Area,Ready To Move,Jalahalli,2 BHK,Tahtsla,1694,2.0,2.0,125.0,1694.0,2,7378.984651711924,12500000.0
Built-up  Area,Ready To Move,Jalahalli,3 BHK,Kuownri,1870,3.0,,110.0,1870.0,3,5882.35294117647,11000000.0
Built-up  Area,Ready To Move,Jalahalli,2 BHK,Prensin,1400,1.0,1.0,80.0,1400.0,2,5714.285714285715,8000000.0
Super built-up  Area,Ready To Move,Jalahalli,2 BHK,Vaniai ,1045,2.0,2.0,76.77,1045.0,2,7346.411483253589,7677000.0
Super built-up  Area,Ready To Move,Jalahalli,3 BHK,,1615,3.0,2.0,89.75,1615.0,3,5557.275541795666,8975000.0
Super built-up  Area,Ready To Move,Jalahalli,3 BHK,Tahtsla,2113,3.0,2.0,155.0,2113.0,3,7335.541883577851,15500000.0
Super built-up  Area,Ready To Move,Jalahalli,3 BHK,Prensin,1932,4.0,3.0,135.0,1932.0,3,6987.577639751553,13500000.0
Super built-up  Area,18-Dec,Jalahalli,2 BHK,Vaniai ,1045,2.0,1.0,58.0,1045.0,2,5550.239234449761,5800000.0
Plot  Area,Ready To Move,Jalahalli,4 Bedroom,,1200,4.0,0.0,90.0,1200.0,4,7500.0,9000000.0
Super built-up  Area,Ready To Move,Jalahalli,3 BHK,Tahtsla,2384,4.0,2.0,165.0,2384.0,3,6921.140939597315,16500000.0
Super built-up  Area,Ready To Move,Jalahalli,2 BHK,Kuownri,790,2.0,1.0,49.5,790.0,2,6265.822784810127,4950000.0
Built-up  Area,Ready To Move,Jalahalli,3 BHK,Reodsnc,1395,3.0,3.0,82.0,1395.0,3,5878.136200716845,8200000.0
Built-up  Area,Ready To Move,Jalahalli,3 BHK,Reodsnc,1770,3.0,3.0,100.0,1770.0,3,5649.717514124294,10000000.0
Super built-up  Area,Ready To Move,Jalahalli,3 BHK,,1569,3.0,2.0,118.0,1569.0,3,7520.713830465264,11800000.0
Plot  Area,Ready To Move,Jalahalli,1 Bedroom,,600,1.0,0.0,37.0,600.0,1,6166.666666666667,3700000.0
Super built-up  Area,Ready To Move,Jalahalli,1 BHK,Vaniai ,615,1.0,1.0,46.0,615.0,1,7479.674796747968,4600000.0
Super built-up  Area,Ready To Move,Jalahalli,3 BHK,,2404,3.0,2.0,138.0,2404.0,3,5740.432612312812,13800000.0
Super built-up  Area,Ready To Move,Jalahalli,2 BHK,Kuownri,905,2.0,2.0,55.0,905.0,2,6077.348066298343,5500000.0
Built-up  Area,Ready To Move,Jalahalli,2 BHK,,1000,2.0,0.0,70.0,1000.0,2,7000.0,7000000.0
Super built-up  Area,Ready To Move,Jalahalli,1 BHK,Vaniai ,615,1.0,1.0,46.0,615.0,1,7479.674796747968,4600000.0
Super built-up  Area,Ready To Move,Jalahalli,3 BHK,,1704,3.0,2.0,94.36,1704.0,3,5537.55868544601,9436000.0
Super built-up  Area,Ready To Move,Jalahalli,3 BHK,BrardCo,1470,2.0,3.0,102.0,1470.0,3,6938.775510204082,10200000.0
Super built-up  Area,18-Dec,Jalahalli,2 BHK,Vaniai ,1244,2.0,2.0,88.0,1244.0,2,7073.954983922829,8800000.0
Built-up  Area,Ready To Move,Jalahalli,2 BHK,Prensin,1407,2.0,1.0,98.49,1407.0,2,7000.0,9849000.0
Super built-up  Area,18-Dec,Jalahalli,1 BHK,Vaniai ,1200,2.0,1.0,66.0,1200.0,1,5500.0,6600000.0
Super built-up  Area,Ready To Move,Jalahalli,3 BHK,Vanami ,1530,2.0,3.0,89.0,1530.0,3,5816.993464052288,8900000.0
Super built-up  Area,Ready To Move,Jalahalli,2 BHK,Vaniai ,1045,2.0,1.0,76.77,1045.0,2,7346.411483253589,7677000.0
Super built-up  Area,Ready To Move,Jalahalli,3 BHK,AFe 3Ph,1575,4.0,3.0,100.0,1575.0,3,6349.206349206349,10000000.0
Super built-up  Area,Ready To Move,Jalahalli,3 BHK,Tahtsla,2086,3.0,2.0,160.0,2086.0,3,7670.182166826462,16000000.0
Built-up  Area,Ready To Move,Jalahalli,3 BHK,DSons S,980,2.0,2.0,60.0,980.0,3,6122.448979591837,6000000.0
Super built-up  Area,Ready To Move,Jalahalli,3 BHK,Prarkll,1881,3.0,2.0,115.0,1881.0,3,6113.769271664009,11500000.0
Super built-up  Area,Ready To Move,Jalahalli,3 BHK,Reodsnc,1405,2.0,1.0,85.0,1405.0,3,6049.82206405694,8500000.0
Super built-up  Area,Ready To Move,Jalahalli East,1 BHK,ShshaSa,750,1.0,2.0,40.0,750.0,1,5333.333333333333,4000000.0
Super built-up  Area,Ready To Move,Jalahalli East,2 BHK,ShshaSa,1020,2.0,1.0,58.0,1020.0,2,5686.274509803921,5800000.0
Super built-up  Area,Ready To Move,Jalahalli East,3 BHK,,1475,3.0,2.0,96.0,1475.0,3,6508.474576271186,9600000.0
Plot  Area,Ready To Move,Jalahalli East,4 Bedroom,,720,4.0,2.0,48.0,720.0,4,6666.666666666667,4800000.0
Super built-up  Area,Ready To Move,Jalahalli East,1 BHK,ShshaSa,750 - 800,1.0,0.0,34.1,775.0,1,4400.0,3410000.0
Plot  Area,Ready To Move,Jalahalli East,4 Bedroom,,1200,4.0,1.0,80.0,1200.0,4,6666.666666666667,8000000.0
Super built-up  Area,Ready To Move,Jalahalli West,1 BHK,Prntsax,469,1.0,0.0,25.0,469.0,1,5330.490405117271,2500000.0
Super built-up  Area,Ready To Move,Jalahalli West,2 BHK,,1355,2.0,3.0,75.0,1355.0,2,5535.055350553505,7500000.0
Carpet  Area,Ready To Move,Jaya Mahal layout,3 BHK,Fanorrt,1650,3.0,3.0,175.0,1650.0,3,10606.060606060606,17500000.0
Built-up  Area,Ready To Move,Jayamahal,3 BHK,Peace P,1800,3.0,1.0,220.0,1800.0,3,12222.222222222223,22000000.0
Built-up  Area,Ready To Move,Jayamahal,2 BHK,,1175,2.0,1.0,70.0,1175.0,2,5957.446808510638,7000000.0
Super built-up  Area,Ready To Move,Jayamahal Extension,4 BHK,,2250,4.0,1.0,400.0,2250.0,4,17777.777777777777,40000000.0
Super built-up  Area,Ready To Move,Jayanagar,3 BHK,,3095,3.0,3.0,375.0,3095.0,3,12116.316639741519,37500000.0
Built-up  Area,Ready To Move,Jayanagar,3 BHK,Rathira,1875,2.0,3.0,235.0,1875.0,3,12533.333333333334,23500000.0
Built-up  Area,Ready To Move,Jayanagar,2 BHK,,900,2.0,2.0,110.0,900.0,2,12222.222222222223,11000000.0
Super built-up  Area,Ready To Move,Jayanagar,2 BHK,,1036,2.0,2.0,110.0,1036.0,2,10617.760617760618,11000000.0
Plot  Area,Ready To Move,Jayanti Nagar,2 Bedroom,,1200,3.0,1.0,70.0,1200.0,2,5833.333333333333,7000000.0
Plot  Area,Ready To Move,Jeevan bima nagar,5 Bedroom,,1210,4.0,2.0,160.0,1210.0,5,13223.140495867769,16000000.0
Super built-up  Area,Ready To Move,Jeevan bima nagar,3 BHK,Lancysi,1740,3.0,3.0,120.0,1740.0,3,6896.551724137931,12000000.0
Built-up  Area,Ready To Move,Jeevan bima nagar,2 Bedroom,,984,2.0,2.0,125.0,984.0,2,12703.252032520326,12500000.0
Super built-up  Area,Ready To Move,Jigani,2 BHK,DLhtsan,918,2.0,2.0,52.0,918.0,2,5664.488017429194,5200000.0
Super built-up  Area,Ready To Move,Jigani,2 BHK,DLhtsan,924,2.0,2.0,65.0,924.0,2,7034.632034632034,6500000.0
Super built-up  Area,Ready To Move,Jigani,3 BHK,DLhtsan,1300,3.0,3.0,150.0,1300.0,3,11538.461538461539,15000000.0
Super built-up  Area,Ready To Move,Jigani,2 BHK,DLhtsen,927,2.0,2.0,55.0,927.0,2,5933.117583603021,5500000.0
Plot  Area,Ready To Move,Jigani,3 Bedroom,,2400,4.0,1.0,130.0,2400.0,3,5416.666666666667,13000000.0
Super built-up  Area,Ready To Move,Jigani,2 BHK,DLhtsan,918,2.0,2.0,63.2,918.0,2,6884.531590413943,6320000.0
Super built-up  Area,Ready To Move,Jigani,2 BHK,DLhtsan,918,2.0,2.0,55.0,918.0,2,5991.285403050109,5500000.0
Plot  Area,18-Aug,Jigani,3 Bedroom,Prllasw,2400,3.0,2.0,149.0,2400.0,3,6208.333333333333,14900000.0
Super built-up  Area,Ready To Move,Jigani,3 BHK,DLhtsan,1221,3.0,3.0,72.0,1221.0,3,5896.805896805897,7200000.0
Plot  Area,Ready To Move,Jigani,4 Bedroom,,2420,4.0,1.0,190.0,2420.0,4,7851.239669421488,19000000.0
Built-up  Area,Ready To Move,Jigani,3 BHK,DLhtsan,1200,3.0,2.0,65.0,1200.0,3,5416.666666666667,6500000.0
Plot  Area,Ready To Move,Jigani,4 Bedroom,Prllasw,3170,5.0,2.0,230.0,3170.0,4,7255.520504731861,23000000.0
Super built-up  Area,Ready To Move,Jigani,2 BHK,DLhtsan,914,2.0,2.0,55.0,914.0,2,6017.505470459519,5500000.0
Super built-up  Area,Ready To Move,Jigani,3 BHK,DLhtsan,1221,3.0,2.0,65.0,1221.0,3,5323.505323505324,6500000.0
Super built-up  Area,Ready To Move,Jigani,3 BHK,DLhtsan,1221,3.0,3.0,75.0,1221.0,3,6142.506142506142,7500000.0
Plot  Area,Ready To Move,Jigani,4 Bedroom,,1453,4.0,1.0,160.0,1453.0,4,11011.699931176876,16000000.0
Super built-up  Area,Ready To Move,Jigani,3 BHK,DLhtsen,1252,3.0,3.0,70.0,1252.0,3,5591.054313099042,7000000.0
Super built-up  Area,Ready To Move,Jigani,3 BHK,DLhtsan,1221,3.0,2.0,65.0,1221.0,3,5323.505323505324,6500000.0
Super built-up  Area,Ready To Move,Jigani,3 BHK,DLhtsan,1221,3.0,3.0,70.0,1221.0,3,5733.005733005733,7000000.0
Super built-up  Area,Ready To Move,Jigani,2 BHK,DLhtsan,918,2.0,2.0,56.0,918.0,2,6100.217864923748,5600000.0
Super built-up  Area,Ready To Move,Jigani,3 BHK,DLhtsen,1245,3.0,3.0,66.0,1245.0,3,5301.204819277108,6600000.0
Super built-up  Area,Ready To Move,Jigani,3 BHK,DLhtsan,1221,3.0,3.0,65.0,1221.0,3,5323.505323505324,6500000.0
Plot  Area,Ready To Move,Jinkethimmanahalli,2 Bedroom,,1200,2.0,0.0,85.0,1200.0,2,7083.333333333333,8500000.0
Super built-up  Area,Ready To Move,Jnana Ganga Nagar,2 BHK,SLestde,1230,2.0,2.0,70.0,1230.0,2,5691.056910569106,7000000.0
Plot  Area,Ready To Move,Jnana Ganga Nagar,3 Bedroom,,1320,2.0,1.0,95.0,1320.0,3,7196.969696969697,9500000.0
Plot  Area,Ready To Move,Jnanabharathi Layout,3 Bedroom,,600,3.0,2.0,75.0,600.0,3,12500.0,7500000.0
Super built-up  Area,Ready To Move,Judicial Layout,3 BHK,HRnyaAn,2070,3.0,3.0,162.0,2070.0,3,7826.086956521739,16200000.0
Built-up  Area,Ready To Move,Judicial Layout,3 Bedroom,,1700,3.0,2.0,155.0,1700.0,3,9117.64705882353,15500000.0
Plot  Area,Ready To Move,Judicial Layout,6 Bedroom,,1200,6.0,2.0,300.0,1200.0,6,25000.0,30000000.0
Super built-up  Area,Ready To Move,Judicial Layout,7 BHK,,1200,7.0,2.0,199.0,1200.0,7,16583.333333333332,19900000.0
Plot  Area,Ready To Move,Judicial Layout,3 Bedroom,,1200,4.0,1.0,220.0,1200.0,3,18333.333333333332,22000000.0
Plot  Area,Ready To Move,Judicial Layout,5 Bedroom,,5400,4.0,,700.0,5400.0,5,12962.962962962964,70000000.0
Plot  Area,Ready To Move,Judicial Layout,4 Bedroom,,2400,4.0,,350.0,2400.0,4,14583.333333333334,35000000.0
Plot  Area,Ready To Move,Judicial Layout,4 Bedroom,,1500,3.0,2.0,162.0,1500.0,4,10800.0,16200000.0
Super built-up  Area,Ready To Move,Judicial Layout,3 BHK,HRnyaAn,1989,4.0,3.0,155.0,1989.0,3,7792.860734037205,15500000.0
Built-up  Area,Ready To Move,Judicial Layout,5 BHK,,1100,4.0,3.0,199.0,1100.0,5,18090.909090909092,19900000.0
Super built-up  Area,Ready To Move,KEB Colony,3 BHK,,1500,3.0,1.0,90.0,1500.0,3,6000.0,9000000.0
Built-up  Area,Ready To Move,KR Garden,2 BHK,Saavear,925,2.0,2.0,63.0,925.0,2,6810.810810810811,6300000.0
Plot  Area,Ready To Move,KR Garden,2 Bedroom,,1200,2.0,3.0,135.0,1200.0,2,11250.0,13500000.0
Super built-up  Area,Ready To Move,KR Garden,2 BHK,,1050,2.0,2.0,65.0,1050.0,2,6190.476190476191,6500000.0
Super built-up  Area,Ready To Move,KR Layout,1 BHK,,950,1.0,1.0,40.0,950.0,1,4210.526315789473,4000000.0
Built-up  Area,Ready To Move,KR Layout,1 BHK,,1050,2.0,2.0,41.0,1050.0,1,3904.7619047619046,4100000.0
Plot  Area,Ready To Move,KR Puram,2 Bedroom,,1200,2.0,0.0,71.0,1200.0,2,5916.666666666667,7100000.0
Built-up  Area,Ready To Move,KR Puram,2 Bedroom,,1200,2.0,0.0,90.0,1200.0,2,7500.0,9000000.0
Super built-up  Area,Ready To Move,KR Puram,2 BHK,,1470,2.0,2.0,86.0,1470.0,2,5850.340136054422,8600000.0
Built-up  Area,Ready To Move,KR Puram,1 BHK,,714,1.0,1.0,28.0,714.0,1,3921.5686274509803,2800000.0
Plot  Area,Ready To Move,KR Puram,4 Bedroom,,1000,4.0,1.0,75.0,1000.0,4,7500.0,7500000.0
Plot  Area,Ready To Move,KR Puram,3 Bedroom,Salle F,1752,3.0,2.0,145.0,1752.0,3,8276.255707762557,14500000.0
Super built-up  Area,Ready To Move,KR Puram,2 BHK,SVlesas,1156,2.0,1.0,72.0,1156.0,2,6228.3737024221455,7200000.0
Plot  Area,Ready To Move,KR Puram,2 Bedroom,,1000,2.0,0.0,60.0,1000.0,2,6000.0,6000000.0
Super built-up  Area,Ready To Move,KR Puram,2 BHK,,1076,2.0,2.0,67.0,1076.0,2,6226.7657992565055,6700000.0
Plot  Area,Ready To Move,KR Puram,4 Bedroom,,960,4.0,2.0,80.0,960.0,4,8333.333333333334,8000000.0
Built-up  Area,Ready To Move,KR Puram,4 Bedroom,,1200,4.0,0.0,83.0,1200.0,4,6916.666666666667,8300000.0
Plot  Area,Ready To Move,KR Puram,4 Bedroom,IJent A,1200,4.0,2.0,100.0,1200.0,4,8333.333333333334,10000000.0
Super built-up  Area,Ready To Move,KR Puram,3 BHK,KeureSi,1700,3.0,3.0,105.0,1700.0,3,6176.470588235294,10500000.0
Super built-up  Area,Ready To Move,KR Puram,2 BHK,SVlesas,1200,2.0,1.0,72.0,1200.0,2,6000.0,7200000.0
Super built-up  Area,Ready To Move,KR Puram,4 BHK,,3628,4.0,1.0,246.0,3628.0,4,6780.595369349504,24600000.0
Super built-up  Area,Ready To Move,KR Puram,4 BHK,Thessmm,3000,4.0,2.0,235.0,3000.0,4,7833.333333333333,23500000.0
Built-up  Area,Ready To Move,KR Puram,1 BHK,,700,1.0,1.0,21.5,700.0,1,3071.4285714285716,2150000.0
Super built-up  Area,Ready To Move,KR Puram,3 BHK,Srystme,1827,3.0,2.0,97.0,1827.0,3,5309.250136836344,9700000.0
Plot  Area,Ready To Move,KR Puram,2 Bedroom,Anncyar,1200,2.0,0.0,75.0,1200.0,2,6250.0,7500000.0
Built-up  Area,Ready To Move,Kacharakanahalli,3 BHK,,1850,3.0,3.0,98.0,1850.0,3,5297.2972972972975,9800000.0
Plot  Area,Ready To Move,Kadabagere,1 Bedroom,,520,2.0,0.0,29.0,520.0,1,5576.923076923077,2900000.0
Plot  Area,Ready To Move,Kadarenahalli,10 Bedroom,,750,10.0,,90.0,750.0,10,12000.0,9000000.0
Super built-up  Area,Ready To Move,Kadubeesanahalli,3 BHK,PrpiaSr,1532,3.0,1.0,115.0,1532.0,3,7506.527415143603,11500000.0
Super built-up  Area,Ready To Move,Kadubeesanahalli,3 BHK,,1424,2.0,2.0,75.0,1424.0,3,5266.853932584269,7500000.0
Super built-up  Area,Ready To Move,Kadubeesanahalli,2 BHK,Krshi G,1257,2.0,2.0,93.0,1257.0,2,7398.568019093079,9300000.0
Built-up  Area,Ready To Move,Kadubeesanahalli,3 BHK,,1365,3.0,1.0,80.0,1365.0,3,5860.805860805861,8000000.0
Super built-up  Area,Ready To Move,Kadubeesanahalli,2 BHK,Krshi G,1257,2.0,1.0,105.0,1257.0,2,8353.221957040572,10500000.0
Super built-up  Area,Ready To Move,Kadubeesanahalli,2 BHK,,1140,2.0,1.0,78.0,1140.0,2,6842.105263157895,7800000.0
Super built-up  Area,Ready To Move,Kadugodi,3 BHK,Alestrb,1762,3.0,3.0,91.45,1762.0,3,5190.124858115778,9145000.0
Super built-up  Area,18-Mar,Kadugodi,3 BHK,Alestrb,1890,4.0,3.0,127.0,1890.0,3,6719.576719576719,12700000.0
Super built-up  Area,18-May,Kadugodi,3 BHK,Alestrb,1762,3.0,3.0,110.0,1762.0,3,6242.905788876277,11000000.0
Super built-up  Area,18-Apr,Kadugodi,3 BHK,,1900,3.0,,108.0,1900.0,3,5684.210526315789,10800000.0
Super built-up  Area,17-Dec,Kadugodi,2 BHK,Alestrb,1314,2.0,2.0,78.0,1314.0,2,5936.07305936073,7800000.0
Super built-up  Area,18-Mar,Kadugodi,3 BHK,Alestrb,1762,3.0,3.0,112.0,1762.0,3,6356.413166855846,11200000.0
Super built-up  Area,18-Apr,Kadugodi,2 BHK,Alestrb,1314,2.0,3.0,83.0,1314.0,2,6316.590563165905,8300000.0
Super built-up  Area,Ready To Move,Kadugodi,1 BHK,RatatHa,840 - 1010,1.0,0.0,40.7,925.0,1,4400.000000000001,4070000.0000000005
Super built-up  Area,Ready To Move,Kadugodi,3 BHK,Trade E,1351,2.0,2.0,78.0,1351.0,3,5773.501110288675,7800000.0
Super built-up  Area,18-Apr,Kadugodi,3 BHK,Alestrb,1890,4.0,3.0,125.0,1890.0,3,6613.756613756614,12500000.0
Super built-up  Area,18-Mar,Kadugodi,3 BHK,Alestrb,1762,3.0,3.0,112.0,1762.0,3,6356.413166855846,11200000.0
Super built-up  Area,18-May,Kadugodi,3 BHK,Alestrb,1890,4.0,3.0,125.0,1890.0,3,6613.756613756614,12500000.0
Plot  Area,Ready To Move,Kadugodi,3 Bedroom,,1875,2.0,1.0,110.0,1875.0,3,5866.666666666667,11000000.0
Super built-up  Area,18-Apr,Kadugodi,3 BHK,Alestrb,1762,3.0,3.0,109.0,1762.0,3,6186.152099886493,10900000.0
Super built-up  Area,18-May,Kadugodi,2 BHK,Alestrb,1314,2.0,3.0,80.0,1314.0,2,6088.2800608828,8000000.0
Plot  Area,Ready To Move,Kadugondanahalli,2 Bedroom,,800,1.0,0.0,45.0,800.0,2,5625.0,4500000.0
Super built-up  Area,Ready To Move,Kaggadasapura,3 BHK,ARncy R,1455,3.0,3.0,75.0,1455.0,3,5154.639175257732,7500000.0
Super built-up  Area,Ready To Move,Kaggalipura,1 BHK,Baowsig,700,1.0,0.0,38.0,700.0,1,5428.571428571428,3800000.0
Super built-up  Area,Ready To Move,Kaggalipura,1 BHK,Baowsig,700,1.0,0.0,36.0,700.0,1,5142.857142857143,3600000.0
Super built-up  Area,Ready To Move,Kaggalipura,2 BHK,Baowsig,1000,2.0,1.0,60.0,1000.0,2,6000.0,6000000.0
Super built-up  Area,Ready To Move,Kaggalipura,3 BHK,Baowsig,1150,2.0,1.0,62.0,1150.0,3,5391.304347826087,6200000.0
Super built-up  Area,Ready To Move,Kaggalipura,1 BHK,Baowsig,700,1.0,0.0,35.0,700.0,1,5000.0,3500000.0
Super built-up  Area,Ready To Move,Kaggalipura,3 BHK,Baowsig,1210,2.0,1.0,65.0,1210.0,3,5371.900826446281,6500000.0
Super built-up  Area,Ready To Move,Kaggalipura,2 BHK,Baowsig,950,2.0,1.0,60.0,950.0,2,6315.789473684211,6000000.0
Super built-up  Area,Ready To Move,Kaikondrahalli,3 BHK,Brtiael,1645,3.0,2.0,100.0,1645.0,3,6079.0273556231,10000000.0
Built-up  Area,Ready To Move,Kaikondrahalli,4 BHK,Srsica ,1700,4.0,,108.0,1700.0,4,6352.941176470588,10800000.0
Super built-up  Area,Ready To Move,Kaikondrahalli,3 BHK,Srsica ,1342,3.0,3.0,92.0,1342.0,3,6855.439642324888,9200000.0
Super built-up  Area,Ready To Move,Kaikondrahalli,3 BHK,,1605,3.0,3.0,105.0,1605.0,3,6542.056074766355,10500000.0
Super built-up  Area,Ready To Move,Kaikondrahalli,2 BHK,Srsica ,1253,2.0,2.0,81.5,1253.0,2,6504.38946528332,8150000.0
Super built-up  Area,Ready To Move,Kaikondrahalli,2 BHK,Srsica ,991,2.0,0.0,64.0,991.0,2,6458.123107971745,6400000.0
Super built-up  Area,Ready To Move,Kaikondrahalli,2 BHK,,1250,2.0,1.0,78.0,1250.0,2,6240.0,7800000.0
Super built-up  Area,Ready To Move,Kalena Agrahara,3 BHK,Prillot,1804,3.0,2.0,120.0,1804.0,3,6651.884700665189,12000000.0
Super built-up  Area,Ready To Move,Kalena Agrahara,2 BHK,PuamaPa,1325,2.0,2.0,76.0,1325.0,2,5735.8490566037735,7600000.0
Super built-up  Area,Ready To Move,Kalena Agrahara,3 BHK,MancyRe,1450,2.0,3.0,85.0,1450.0,3,5862.068965517241,8500000.0
Super built-up  Area,Ready To Move,Kalena Agrahara,1 BHK,MBpleca,610,1.0,1.0,39.0,610.0,1,6393.44262295082,3900000.0
Super built-up  Area,Ready To Move,Kalena Agrahara,3 BHK,MancyRe,1450,3.0,3.0,100.0,1450.0,3,6896.551724137931,10000000.0
Super built-up  Area,Ready To Move,Kalena Agrahara,3 BHK,Mykyayi,1837,2.0,2.0,95.0,1837.0,3,5171.475231355471,9500000.0
Built-up  Area,Ready To Move,Kalena Agrahara,3 BHK,Rahidhi,1510,3.0,2.0,78.0,1510.0,3,5165.562913907284,7800000.0
Super built-up  Area,Ready To Move,Kalena Agrahara,2 BHK,Mykyayi,1200,3.0,2.0,70.0,1200.0,2,5833.333333333333,7000000.0
Super built-up  Area,Ready To Move,Kalkere,3 BHK,Sothin ,1850,3.0,3.0,95.0,1850.0,3,5135.135135135135,9500000.0
Super built-up  Area,Ready To Move,Kalkere,2 BHK,Sothin ,925,2.0,1.0,55.0,925.0,2,5945.945945945946,5500000.0
Super built-up  Area,Ready To Move,Kalyan nagar,2 BHK,Anave S,1290,2.0,2.0,110.0,1290.0,2,8527.131782945737,11000000.0
Built-up  Area,Ready To Move,Kalyan nagar,3 BHK,Disical,1375,3.0,2.0,75.0,1375.0,3,5454.545454545455,7500000.0
Built-up  Area,Ready To Move,Kalyan nagar,4 BHK,AHavenc,3800,5.0,3.0,300.0,3800.0,4,7894.736842105263,30000000.0
Built-up  Area,Ready To Move,Kalyan nagar,3 BHK,SSonsvi,1640,3.0,3.0,88.0,1640.0,3,5365.8536585365855,8800000.0
Super built-up  Area,Ready To Move,Kalyan nagar,2 BHK,NCold G,1080,2.0,2.0,73.0,1080.0,2,6759.259259259259,7300000.0
Super built-up  Area,Ready To Move,Kalyan nagar,3 BHK,,2285,4.0,1.0,165.0,2285.0,3,7221.006564551422,16500000.0
Built-up  Area,Ready To Move,Kalyan nagar,2 BHK,Satle C,1100,2.0,1.0,70.0,1100.0,2,6363.636363636364,7000000.0
Plot  Area,Ready To Move,Kamakshipalya,3 Bedroom,,600,2.0,1.0,60.0,600.0,3,10000.0,6000000.0
Super built-up  Area,Ready To Move,Kamakshipalya,4 BHK,,800,4.0,1.0,80.0,800.0,4,10000.0,8000000.0
Built-up  Area,18-May,Kamakshipalya,2 BHK,,1150,2.0,1.0,75.0,1150.0,2,6521.739130434783,7500000.0
Built-up  Area,Ready To Move,Kamakshipalya,3 BHK,Viaxy G,1155,2.0,0.0,60.0,1155.0,3,5194.805194805195,6000000.0
Plot  Area,Ready To Move,Kamakshipalya,2 Bedroom,,1044,2.0,2.0,85.0,1044.0,2,8141.762452107279,8500000.0
Plot  Area,Ready To Move,Kamakshipalya,1 Bedroom,,450,1.0,0.0,30.0,450.0,1,6666.666666666667,3000000.0
Built-up  Area,Ready To Move,Kamala Nagar,2 Bedroom,,1000,2.0,1.0,80.0,1000.0,2,8000.0,8000000.0
Super built-up  Area,Ready To Move,Kamala Nagar,2 BHK,,700,2.0,0.0,43.0,700.0,2,6142.857142857143,4300000.0
Super built-up  Area,Ready To Move,Kamala Nagar,1 BHK,,565,1.0,1.0,33.0,565.0,1,5840.70796460177,3300000.0
Super built-up  Area,Ready To Move,Kambipura,3 BHK,Prrtht ,1082,2.0,1.0,56.0,1082.0,3,5175.6007393715345,5600000.0
Built-up  Area,Ready To Move,Kammanahalli,5 Bedroom,,1666,4.0,1.0,150.0,1666.0,5,9003.60144057623,15000000.0
Built-up  Area,Ready To Move,Kammanahalli,3 Bedroom,,540,3.0,1.0,60.0,540.0,3,11111.111111111111,6000000.0
Built-up  Area,Ready To Move,Kammanahalli,1 Bedroom,,700,1.0,0.0,59.0,700.0,1,8428.57142857143,5900000.0
Plot  Area,Ready To Move,Kammanahalli,3 Bedroom,,600,2.0,1.0,50.0,600.0,3,8333.333333333334,5000000.0
Super built-up  Area,Ready To Move,Kammanahalli,2 BHK,Bhide P,1200,2.0,2.0,80.0,1200.0,2,6666.666666666667,8000000.0
Plot  Area,Ready To Move,Kammanahalli,2 Bedroom,,1200,1.0,1.0,81.0,1200.0,2,6750.0,8100000.0
Built-up  Area,Ready To Move,Kammanahalli,4 Bedroom,,2900,4.0,2.0,200.0,2900.0,4,6896.551724137931,20000000.0
Plot  Area,Ready To Move,Kammanahalli,6 Bedroom,,782,4.0,2.0,85.0,782.0,6,10869.565217391304,8500000.0
Plot  Area,Ready To Move,Kammanahalli,4 Bedroom,,1600,4.0,1.0,200.0,1600.0,4,12500.0,20000000.0
Super built-up  Area,Ready To Move,Kammanahalli,2 BHK,Suvasre,1200,3.0,2.0,80.0,1200.0,2,6666.666666666667,8000000.0
Super built-up  Area,Ready To Move,Kammasandra,1 BHK,Puitea ,650 - 665,1.0,0.0,18.41,657.5,1,2800.0,1841000.0
Super built-up  Area,18-Apr,Kammasandra,1 BHK,Prony S,610,1.0,1.0,18.5,610.0,1,3032.7868852459014,1850000.0
Super built-up  Area,Ready To Move,Kanaka Nagar,3 BHK,SoniaPe,2479.13,3.0,1.0,215.0,2479.13,3,8672.39717158842,21500000.0
Plot  Area,Ready To Move,Kanaka Nagar,3 Bedroom,,1365,3.0,0.0,99.0,1365.0,3,7252.747252747253,9900000.0
Super built-up  Area,Ready To Move,Kanaka Nagar,3 BHK,SoniaPe,2274.24,4.0,1.0,160.0,2274.24,3,7035.317292809907,16000000.0
Built-up  Area,Ready To Move,Kanakapura,3 BHK,,1419,3.0,3.0,75.0,1419.0,3,5285.412262156448,7500000.0
Super built-up  Area,19-Dec,Kanakapura,1 BHK,GoityEt,711,1.0,1.0,36.0,711.0,1,5063.291139240507,3600000.0
Super built-up  Area,19-Dec,Kanakapura,1 BHK,GoityEt,711,1.0,1.0,38.0,711.0,1,5344.585091420535,3800000.0
Super built-up  Area,22-Mar,Kanakapura,1 BHK,,551,1.0,1.0,30.0,551.0,1,5444.64609800363,3000000.0
Super built-up  Area,19-Dec,Kanakapura,3 BHK,GoityEt,1699,3.0,3.0,97.0,1699.0,3,5709.240729841083,9700000.0
Super built-up  Area,22-Mar,Kanakapura,3 BHK,,1254,2.0,2.0,70.0,1254.0,3,5582.13716108453,7000000.0
Built-up  Area,18-Mar,Kanakapura,3 Bedroom,,2200,3.0,1.0,121.0,2200.0,3,5500.0,12100000.0
Super built-up  Area,Ready To Move,Kanakapura,3 BHK,,1450,3.0,1.0,75.0,1450.0,3,5172.413793103448,7500000.0
Super built-up  Area,19-Dec,Kanakapura,1 BHK,GoityEt,938,1.0,1.0,50.0,938.0,1,5330.490405117271,5000000.0
Super built-up  Area,19-Dec,Kanakapura,1 BHK,GoityEt,712 - 938,1.0,0.0,35.475,825.0,1,4300.0,3547500.0
Super built-up  Area,Ready To Move,Kanakpura Road,3 BHK,,1665,3.0,2.0,88.0,1665.0,3,5285.285285285286,8800000.0
Built-up  Area,Ready To Move,Kanakpura Road,2 BHK,Wiowsri,950,2.0,1.0,57.0,950.0,2,6000.0,5700000.0
Super built-up  Area,20-Dec,Kanakpura Road,1 BHK,PrarePa,525,1.0,1.0,26.0,525.0,1,4952.380952380952,2600000.0
Super built-up  Area,21-Dec,Kanakpura Road,1 BHK,PrarePa,525,2.0,,21.53,525.0,1,4100.952380952381,2153000.0
Super built-up  Area,21-Dec,Kanakpura Road,1 BHK,PrarePa,525,1.0,1.0,27.25,525.0,1,5190.476190476191,2725000.0
Super built-up  Area,20-Oct,Kanakpura Road,3 BHK,PrarePa,1100,2.0,1.0,58.0,1100.0,3,5272.727272727273,5800000.0
Super built-up  Area,21-Oct,Kanakpura Road,1 BHK,PrarePa,525,1.0,1.0,30.0,525.0,1,5714.285714285715,3000000.0
Super built-up  Area,Ready To Move,Kanakpura Road,2 BHK,PuandHi,1339,2.0,3.0,75.0,1339.0,2,5601.194921583271,7500000.0
Super built-up  Area,21-Jan,Kanakpura Road,3 BHK,PrarePa,1100,3.0,2.0,58.0,1100.0,3,5272.727272727273,5800000.0
Super built-up  Area,21-Dec,Kanakpura Road,1 BHK,PrarePa,525,1.0,1.0,26.0,525.0,1,4952.380952380952,2600000.0
Super built-up  Area,Ready To Move,Kanakpura Road,3 BHK,Puestol,1843,3.0,2.0,95.84,1843.0,3,5200.217037438958,9584000.0
Super built-up  Area,18-Dec,Kanakpura Road,2 BHK,Soena A,1290,2.0,3.0,74.0,1290.0,2,5736.434108527132,7400000.0
Super built-up  Area,Ready To Move,Kanakpura Road,3 BHK,Puestol,1665,3.0,2.0,86.58,1665.0,3,5200.0,8658000.0
Super built-up  Area,Ready To Move,Kanakpura Road,3 BHK,SLourle,1542,2.0,3.0,85.0,1542.0,3,5512.321660181582,8500000.0
Super built-up  Area,21-Dec,Kanakpura Road,3 BHK,,1300,2.0,3.0,69.0,1300.0,3,5307.692307692308,6900000.0
Super built-up  Area,Ready To Move,Kanakpura Road,2 BHK,Goelsn ,1495,2.0,2.0,90.0,1495.0,2,6020.066889632107,9000000.0
Carpet  Area,Ready To Move,Kanakpura Road,3 BHK,Advash ,1560,3.0,,92.0,1560.0,3,5897.4358974358975,9200000.0
Built-up  Area,Ready To Move,Kanakpura Road,4 Bedroom,ColeyNa,3500,6.0,2.0,225.0,3500.0,4,6428.571428571428,22500000.0
Super built-up  Area,Ready To Move,Kanakpura Road,3 BHK,SoapeSu,1420,2.0,2.0,75.0,1420.0,3,5281.69014084507,7500000.0
Super built-up  Area,20-Dec,Kanakpura Road,1 BHK,GolusLi,670 - 980,1.0,0.0,36.29,825.0,1,4398.787878787879,3629000.0
Super built-up  Area,Ready To Move,Kanakpura Road,3 BHK,Puestol,1843,3.0,2.0,95.84,1843.0,3,5200.217037438958,9584000.0
Plot  Area,Ready To Move,Kanakpura Road,3 Bedroom,Nathira,1500,3.0,2.0,97.0,1500.0,3,6466.666666666667,9700000.0
Super built-up  Area,19-Dec,Kanakpura Road,2 BHK,PrityFa,1366,3.0,1.0,76.85,1366.0,2,5625.915080527086,7684999.999999999
Super built-up  Area,21-Dec,Kanakpura Road,1 BHK,PrarePa,525,1.0,1.0,25.0,525.0,1,4761.9047619047615,2500000.0
Super built-up  Area,21-Feb,Kanakpura Road,3 BHK,,2265,3.0,2.0,136.0,2265.0,3,6004.415011037528,13600000.0
Plot  Area,Ready To Move,Kanakpura Road,3 Bedroom,,2200,3.0,2.0,130.0,2200.0,3,5909.090909090909,13000000.0
Super built-up  Area,21-Jan,Kanakpura Road,1 BHK,PrarePa,525,1.0,1.0,30.0,525.0,1,5714.285714285715,3000000.0
Super built-up  Area,21-Jan,Kanakpura Road,1 BHK,PrarePa,525,1.0,1.0,30.0,525.0,1,5714.285714285715,3000000.0
Super built-up  Area,20-May,Kanakpura Road,2 BHK,Soena A,1299,2.0,2.0,85.0,1299.0,2,6543.4949961508855,8500000.0
Super built-up  Area,21-Jan,Kanakpura Road,3 BHK,PrarePa,1300,3.0,2.0,69.0,1300.0,3,5307.692307692308,6900000.0
Super built-up  Area,21-Oct,Kanakpura Road,2 BHK,PrarePa,700,2.0,1.0,40.0,700.0,2,5714.285714285715,4000000.0
Carpet  Area,20-Dec,Kanakpura Road,1 BHK,Roiti A,381 - 535,1.0,0.0,19.695,458.0,1,4300.218340611354,1969500.0
Super built-up  Area,Ready To Move,Kanakpura Road,3 BHK,,1700,3.0,3.0,88.0,1700.0,3,5176.470588235294,8800000.0
Plot  Area,Ready To Move,Kanakpura Road,3 Bedroom,ColeyNa,1900,3.0,1.0,99.0,1900.0,3,5210.526315789473,9900000.0
Super built-up  Area,19-Jul,Kanakpura Road,2 BHK,Soazak ,1290,2.0,3.0,80.0,1290.0,2,6201.550387596899,8000000.0
Super built-up  Area,21-Feb,Kanakpura Road,3 BHK,,1868,3.0,2.0,113.0,1868.0,3,6049.250535331906,11300000.0
Super built-up  Area,18-Dec,Kanakpura Road,2 BHK,PrityFa,1366,2.0,1.0,83.0,1366.0,2,6076.134699853587,8300000.0
Super built-up  Area,21-Dec,Kanakpura Road,2 BHK,PrarePa,700,2.0,1.0,40.0,700.0,2,5714.285714285715,4000000.0
Super built-up  Area,20-Dec,Kanakpura Road,1 BHK,GolusLi,670,1.0,1.0,35.0,670.0,1,5223.880597014925,3500000.0
Super built-up  Area,21-Dec,Kanakpura Road,1 BHK,PrarePa,525,1.0,1.0,30.0,525.0,1,5714.285714285715,3000000.0
Super built-up  Area,Ready To Move,Kanakpura Road,3 BHK,PuandHi,1498,3.0,2.0,95.0,1498.0,3,6341.789052069425,9500000.0
Super built-up  Area,18-Apr,Kanakpura Road,1 BHK,PrarePa,525,2.0,,27.0,525.0,1,5142.857142857143,2700000.0
Super built-up  Area,Ready To Move,Kanakpura Road,3 BHK,PuandHi,1665,3.0,2.0,86.91,1665.0,3,5219.81981981982,8691000.0
Super built-up  Area,Ready To Move,Kanakpura Road,3 BHK,PuandHi,1665,3.0,2.0,86.58,1665.0,3,5200.0,8658000.0
Super built-up  Area,21-Mar,Kanakpura Road,1 BHK,GolusLi,712,1.0,1.0,38.44,712.0,1,5398.876404494382,3844000.0
Super built-up  Area,Ready To Move,Kanakpura Road,3 BHK,Niacesa,1507,2.0,3.0,95.0,1507.0,3,6303.9150630391505,9500000.0
Super built-up  Area,Ready To Move,Kanakpura Road,2 BHK,PuandHi,1339,2.0,2.0,85.0,1339.0,2,6348.020911127707,8500000.0
Super built-up  Area,Ready To Move,Kanakpura Road,3 BHK,Goelsn ,1900,3.0,3.0,125.0,1900.0,3,6578.9473684210525,12500000.0
Super built-up  Area,21-Dec,Kanakpura Road,1 BHK,PrarePa,525,1.0,1.0,27.0,525.0,1,5142.857142857143,2700000.0
Super built-up  Area,21-Dec,Kanakpura Road,1 BHK,PrarePa,525,1.0,1.0,27.5,525.0,1,5238.0952380952385,2750000.0
Super built-up  Area,21-Dec,Kanakpura Road,1 BHK,PrarePa,525,1.0,1.0,26.25,525.0,1,5000.0,2625000.0
Super built-up  Area,21-Dec,Kanakpura Road,1 BHK,PrarePa,525,1.0,1.0,26.0,525.0,1,4952.380952380952,2600000.0
Built-up  Area,Ready To Move,Kanakpura Road,3 BHK,Wiowsri,1050,2.0,1.0,59.0,1050.0,3,5619.047619047619,5900000.0
Carpet  Area,Ready To Move,Kanakpura Road,3 BHK,PuandHi,1600,3.0,3.0,90.0,1600.0,3,5625.0,9000000.0
Super built-up  Area,21-Dec,Kanakpura Road,1 BHK,PrarePa,525,2.0,,29.25,525.0,1,5571.428571428572,2925000.0
Super built-up  Area,21-Dec,Kanakpura Road,3 BHK,PrarePa,1100,3.0,2.0,56.57,1100.0,3,5142.727272727273,5657000.0
Super built-up  Area,Ready To Move,Kanakpura Road,3 BHK,PuandHi,1843,3.0,2.0,96.2,1843.0,3,5219.750406945198,9620000.0
Super built-up  Area,20-Oct,Kanakpura Road,2 BHK,PrarePa,700,2.0,1.0,41.0,700.0,2,5857.142857142857,4100000.0
Super built-up  Area,20-Dec,Kanakpura Road,2 BHK,PrarePa,700,1.0,1.0,41.0,700.0,2,5857.142857142857,4100000.0
Super built-up  Area,21-Oct,Kanakpura Road,3 BHK,PrarePa,1100,3.0,1.0,58.0,1100.0,3,5272.727272727273,5800000.0
Built-up  Area,Ready To Move,Kanakpura Road,2 BHK,,1140,2.0,1.0,65.0,1140.0,2,5701.754385964912,6500000.0
Super built-up  Area,21-Jan,Kanakpura Road,2 BHK,PrarePa,700,2.0,1.0,40.0,700.0,2,5714.285714285715,4000000.0
Super built-up  Area,21-Jan,Kanakpura Road,1 BHK,PrarePa,525,1.0,1.0,26.01,525.0,1,4954.285714285715,2601000.0
Super built-up  Area,19-Jul,Kanakpura Road,2 BHK,Soazak ,1698,2.0,1.0,105.0,1698.0,2,6183.745583038869,10500000.0
Super built-up  Area,21-Dec,Kanakpura Road,3 BHK,PrarePa,1300,3.0,2.0,69.0,1300.0,3,5307.692307692308,6900000.0
Super built-up  Area,21-Oct,Kanakpura Road,3 BHK,PrarePa,1300,3.0,1.0,69.0,1300.0,3,5307.692307692308,6900000.0
Super built-up  Area,20-Oct,Kanakpura Road,3 BHK,PrarePa,1300,3.0,1.0,69.0,1300.0,3,5307.692307692308,6900000.0
Super built-up  Area,21-Dec,Kanakpura Road,1 BHK,PrarePa,525,2.0,,27.0,525.0,1,5142.857142857143,2700000.0
Super built-up  Area,21-Dec,Kanakpura Road,3 BHK,PrarePa,1100,3.0,2.0,58.0,1100.0,3,5272.727272727273,5800000.0
Super built-up  Area,21-Dec,Kanakpura Road,3 BHK,,1300,2.0,3.0,69.0,1300.0,3,5307.692307692308,6900000.0
Built-up  Area,Ready To Move,Kanakpura Road,3 BHK,SoestSu,2000,3.0,3.0,105.0,2000.0,3,5250.0,10500000.0
Super built-up  Area,Ready To Move,Kanakpura Road,3 BHK,PuandHi,1843,3.0,2.0,95.0,1843.0,3,5154.639175257732,9500000.0
Super built-up  Area,18-May,Kanakpura Road,1 BHK,Maionus,850,1.0,1.0,37.32,850.0,1,4390.588235294118,3732000.0
Super built-up  Area,21-Dec,Kanakpura Road,1 BHK,PrarePa,525,1.0,1.0,30.0,525.0,1,5714.285714285715,3000000.0
Super built-up  Area,21-Mar,Kanakpura Road,3 BHK,GolusLi,1938,3.0,3.0,105.0,1938.0,3,5417.956656346749,10500000.0
Super built-up  Area,Ready To Move,Kanakpura Road,3 BHK,Puestol,1843,3.0,2.0,96.2,1843.0,3,5219.750406945198,9620000.0
Super built-up  Area,21-Dec,Kanakpura Road,1 BHK,PrarePa,525,1.0,1.0,26.0,525.0,1,4952.380952380952,2600000.0
Super built-up  Area,Ready To Move,Kanakpura Road,3 BHK,PuandHi,1622,3.0,,95.0,1622.0,3,5856.966707768187,9500000.0
Super built-up  Area,Ready To Move,Kannamangala,2 BHK,VBownre,957,2.0,1.0,58.0,957.0,2,6060.606060606061,5800000.0
Built-up  Area,Ready To Move,Kannamangala,2 BHK,VBownre,957,2.0,1.0,56.0,957.0,2,5851.619644723093,5600000.0
Built-up  Area,Ready To Move,Kannamangala,4 Bedroom,,3000,4.0,0.0,200.0,3000.0,4,6666.666666666667,20000000.0
Super built-up  Area,19-Jul,Kannamangala,3 BHK,Sonue A,1536,3.0,1.0,89.0,1536.0,3,5794.270833333333,8900000.0
Super built-up  Area,Ready To Move,Kannamangala,3 BHK,Sonue A,1574,3.0,1.0,93.34,1574.0,3,5930.114358322745,9334000.0
Super built-up  Area,18-Dec,Kannamangala,3 BHK,Sonue A,1536,3.0,1.0,104.0,1536.0,3,6770.833333333333,10400000.0
Super built-up  Area,Ready To Move,Kannamangala,2 BHK,VBownre,957,2.0,2.0,54.5,957.0,2,5694.879832810867,5450000.0
Super built-up  Area,Ready To Move,Kannamangala,2 BHK,VBownre,957,2.0,1.0,55.0,957.0,2,5747.126436781609,5500000.0
Built-up  Area,17-Sep,Kannamangala,2 BHK,VBownre,957,2.0,2.0,56.0,957.0,2,5851.619644723093,5600000.0
Plot  Area,Ready To Move,Kannur,6 Bedroom,,3Cents,6.0,3.0,75.0,121.4058,6,61776.29075381901,7500000.0
Built-up  Area,Ready To Move,Karuna Nagar,3 Bedroom,CoinoCu,2500,3.0,2.0,180.0,2500.0,3,7200.0,18000000.0
Plot  Area,Ready To Move,Karuna Nagar,3 Bedroom,CoinoCu,2500,3.0,2.0,190.0,2500.0,3,7600.0,19000000.0
Built-up  Area,Ready To Move,Karuna Nagar,3 Bedroom,CoinoCu,1962,3.0,2.0,175.0,1962.0,3,8919.469928644241,17500000.0
Super built-up  Area,Ready To Move,Karuna Nagar,2 BHK,AjityIn,1057,2.0,1.0,65.0,1057.0,2,6149.479659413434,6500000.0
Super built-up  Area,Ready To Move,Karuna Nagar,3 BHK,Ajnue A,1354,2.0,1.0,98.0,1354.0,3,7237.81388478582,9800000.0
Super built-up  Area,Ready To Move,Karuna Nagar,3 BHK,AjityIn,1945,3.0,3.0,115.0,1945.0,3,5912.596401028278,11500000.0
Super built-up  Area,Ready To Move,Karuna Nagar,3 BHK,CoinoCu,1960,3.0,2.0,165.0,1960.0,3,8418.367346938776,16500000.0
Super built-up  Area,Ready To Move,Kasavanhalli,3 BHK,HMwerCo,1563.05,3.0,1.0,105.0,1563.05,3,6717.635392341896,10500000.0
Built-up  Area,Ready To Move,Kasavanhalli,3 BHK,HMonymp,1717,3.0,3.0,99.0,1717.0,3,5765.87070471753,9900000.0
Built-up  Area,Ready To Move,Kasavanhalli,4 Bedroom,Vaidsi ,3260,4.0,1.0,240.0,3260.0,4,7361.963190184049,24000000.0
Super built-up  Area,Ready To Move,Kasavanhalli,2 BHK,Salisal,1349,2.0,2.0,78.0,1349.0,2,5782.060785767235,7800000.0
Super built-up  Area,18-Feb,Kasavanhalli,2 BHK,Brersge,1121,2.0,2.0,78.0,1121.0,2,6958.07314897413,7800000.0
Super built-up  Area,Ready To Move,Kasavanhalli,2 BHK,HMonymp,1200,2.0,1.0,78.0,1200.0,2,6500.0,7800000.0
Super built-up  Area,Ready To Move,Kasavanhalli,3 BHK,,1555,3.0,2.0,82.5,1555.0,3,5305.4662379421225,8250000.0
Super built-up  Area,Ready To Move,Kasavanhalli,3 BHK,HMwerCo,1476,3.0,0.0,89.0,1476.0,3,6029.810298102981,8900000.0
Super built-up  Area,Ready To Move,Kasavanhalli,3 BHK,,1493,3.0,2.0,82.0,1493.0,3,5492.297387809779,8200000.0
Built-up  Area,Ready To Move,Kasavanhalli,3 BHK,Salisal,1719,3.0,2.0,116.0,1719.0,3,6748.109365910413,11600000.0
Super built-up  Area,18-May,Kasavanhalli,3 BHK,,2170,3.0,2.0,151.0,2170.0,3,6958.52534562212,15100000.0
Super built-up  Area,Ready To Move,Kasavanhalli,3 BHK,,1450,3.0,,77.41,1450.0,3,5338.620689655172,7741000.0
Super built-up  Area,Ready To Move,Kasavanhalli,3 BHK,HMonymp,1476,3.0,1.0,95.0,1476.0,3,6436.314363143631,9500000.0
Built-up  Area,Ready To Move,Kasavanhalli,3 Bedroom,,2100,3.0,3.0,110.0,2100.0,3,5238.0952380952385,11000000.0
Super built-up  Area,19-Jan,Kasavanhalli,3 BHK,,1787,3.0,2.0,123.0,1787.0,3,6883.044208170118,12300000.0
Super built-up  Area,18-Aug,Kasavanhalli,3 BHK,,1691,3.0,2.0,104.0,1691.0,3,6150.206978119456,10400000.0
Super built-up  Area,18-Oct,Kasavanhalli,4 BHK,,4260,4.0,3.0,272.0,4260.0,4,6384.976525821597,27200000.0
Built-up  Area,Ready To Move,Kasavanhalli,3 Bedroom,,2111,4.0,3.0,120.0,2111.0,3,5684.509711037423,12000000.0
Built-up  Area,Ready To Move,Kasavanhalli,3 BHK,,1667,3.0,2.0,92.0,1667.0,3,5518.896220755849,9200000.0
Super built-up  Area,Ready To Move,Kasavanhalli,3 BHK,Esree8 ,1494,3.0,2.0,82.0,1494.0,3,5488.621151271754,8200000.0
Super built-up  Area,Ready To Move,Kasavanhalli,3 BHK,,1555,3.0,3.0,82.0,1555.0,3,5273.311897106109,8200000.0
Super built-up  Area,Ready To Move,Kasavanhalli,1 BHK,Srire S,770,1.0,1.0,43.82,770.0,1,5690.909090909091,4382000.0
Plot  Area,18-May,Kasavanhalli,4 Bedroom,,4260,4.0,2.0,333.0,4260.0,4,7816.901408450704,33300000.0
Built-up  Area,Ready To Move,Kasavanhalli,2 BHK,HMonymp,1495,2.0,2.0,83.0,1495.0,2,5551.8394648829435,8300000.0
Plot  Area,Immediate Possession,Kasavanhalli,2 BHK,,5000,2.0,,400.0,5000.0,2,8000.0,40000000.0
Super built-up  Area,Ready To Move,Kasavanhalli,4 BHK,Vaidsi ,4000,4.0,2.0,325.0,4000.0,4,8125.0,32500000.0
Super built-up  Area,Ready To Move,Kasavanhalli,3 BHK,Conixt ,1225,2.0,1.0,69.0,1225.0,3,5632.65306122449,6900000.0
Super built-up  Area,18-May,Kasavanhalli,3 BHK,,1917,3.0,2.0,132.0,1917.0,3,6885.758998435055,13200000.0
Super built-up  Area,Ready To Move,Kasavanhalli,2 BHK,HMonymp,1375,2.0,1.0,78.0,1375.0,2,5672.727272727273,7800000.0
Plot  Area,18-May,Kasavanhalli,4 Bedroom,,4408,4.0,2.0,344.0,4408.0,4,7803.992740471869,34400000.0
Super built-up  Area,Ready To Move,Kasavanhalli,2 BHK,Salisal,1309,2.0,2.0,95.0,1309.0,2,7257.448433919022,9500000.0
Super built-up  Area,Ready To Move,Kasavanhalli,3 BHK,HMonymp,1476,3.0,0.0,105.0,1476.0,3,7113.821138211382,10500000.0
Super built-up  Area,Ready To Move,Kasavanhalli,2 BHK,Ocrda M,1158,2.0,2.0,67.0,1158.0,2,5785.837651122625,6700000.0
Super built-up  Area,Ready To Move,Kasavanhalli,2 BHK,Ocrda M,1214,2.0,3.0,67.0,1214.0,2,5518.945634266886,6700000.0
Built-up  Area,Ready To Move,Kasavanhalli,3 Bedroom,,2110,4.0,3.0,120.0,2110.0,3,5687.203791469195,12000000.0
Super built-up  Area,Ready To Move,Kasavanhalli,2 BHK,HMonymp,1495,2.0,2.0,110.0,1495.0,2,7357.859531772575,11000000.0
Super built-up  Area,Ready To Move,Kasavanhalli,2 BHK,MSopsw ,1100,2.0,1.0,68.0,1100.0,2,6181.818181818182,6800000.0
Super built-up  Area,Ready To Move,Kasavanhalli,3 BHK,HMonymp,1715,3.0,3.0,112.0,1715.0,3,6530.6122448979595,11200000.0
Super built-up  Area,Ready To Move,Kasavanhalli,2 BHK,MSopsw ,1100,2.0,1.0,65.0,1100.0,2,5909.090909090909,6500000.0
Super built-up  Area,Ready To Move,Kasavanhalli,3 BHK,,1819,3.0,1.0,150.0,1819.0,3,8246.289169873557,15000000.0
Built-up  Area,Ready To Move,Kasavanhalli,2 BHK,Bhensa ,1585,2.0,2.0,90.0,1585.0,2,5678.233438485804,9000000.0
Super built-up  Area,Ready To Move,Kasavanhalli,2 BHK,Bhensa ,1245,2.0,2.0,80.0,1245.0,2,6425.70281124498,8000000.0
Super built-up  Area,18-May,Kasavanhalli,3 BHK,,2035,3.0,2.0,142.0,2035.0,3,6977.886977886978,14200000.0
Super built-up  Area,Ready To Move,Kasavanhalli,3 BHK,Salisal,1747,3.0,1.0,110.0,1747.0,3,6296.508299942759,11000000.0
Super built-up  Area,Ready To Move,Kasavanhalli,2 BHK,HMonymp,1377,2.0,2.0,80.0,1377.0,2,5809.731299927378,8000000.0
Built-up  Area,18-May,Kasavanhalli,2 BHK,Brersge,1121,2.0,2.0,75.0,1121.0,2,6690.454950936663,7500000.0
Built-up  Area,Ready To Move,Kasturi Nagar,3 BHK,Kantsce,1925,3.0,,125.0,1925.0,3,6493.506493506494,12500000.0
Super built-up  Area,Ready To Move,Kasturi Nagar,2 BHK,,1567,2.0,2.0,92.0,1567.0,2,5871.091257179323,9200000.0
Super built-up  Area,Ready To Move,Kasturi Nagar,3 BHK,,1565,3.0,2.0,88.5,1565.0,3,5654.952076677317,8850000.0
Super built-up  Area,Ready To Move,Kasturi Nagar,2 BHK,GradeMR,1080,2.0,2.0,80.0,1080.0,2,7407.407407407408,8000000.0
Super built-up  Area,Ready To Move,Kasturi Nagar,2 BHK,,1101,2.0,2.0,65.0,1101.0,2,5903.723887375114,6500000.0
Super built-up  Area,Ready To Move,Kasturi Nagar,3 BHK,,1500,2.0,3.0,80.0,1500.0,3,5333.333333333333,8000000.0
Super built-up  Area,Ready To Move,Kasturi Nagar,4 BHK,Radenta,1896,3.0,1.0,125.0,1896.0,4,6592.827004219409,12500000.0
Super built-up  Area,Ready To Move,Kasturi Nagar,3 BHK,GoratAr,1570,3.0,2.0,110.0,1570.0,3,7006.369426751592,11000000.0
Super built-up  Area,Ready To Move,Kasturi Nagar,2 BHK,,1000,2.0,0.0,58.0,1000.0,2,5800.0,5800000.0
Super built-up  Area,Ready To Move,Kasturi Nagar,2 BHK,,1101,2.0,2.0,66.0,1101.0,2,5994.550408719346,6600000.0
Plot  Area,Ready To Move,Kathreguppe,4 Bedroom,,3200,4.0,2.0,1200.0,3200.0,4,37500.0,120000000.0
Plot  Area,Ready To Move,Kathreguppe,8 Bedroom,,1200,8.0,3.0,250.0,1200.0,8,20833.333333333332,25000000.0
Super built-up  Area,Ready To Move,Kathriguppe,3 BHK,,1400,2.0,2.0,77.0,1400.0,3,5500.0,7700000.0
Super built-up  Area,Ready To Move,Kathriguppe,3 BHK,,1250,2.0,1.0,68.75,1250.0,3,5500.0,6875000.0
Super built-up  Area,Ready To Move,Kathriguppe,3 BHK,,1245,2.0,2.0,68.48,1245.0,3,5500.401606425703,6848000.0
Super built-up  Area,Ready To Move,Kathriguppe,3 BHK,Prone M,1350,2.0,1.0,87.01,1350.0,3,6445.185185185185,8701000.0
Super built-up  Area,Ready To Move,Kathriguppe,3 BHK,Prone M,1350,2.0,2.0,80.99,1350.0,3,5999.259259259258,8098999.999999999
Super built-up  Area,Ready To Move,Kathriguppe,3 BHK,,1365,2.0,2.0,75.08,1365.0,3,5500.3663003663005,7508000.0
Super built-up  Area,Ready To Move,Kathriguppe,3 BHK,Prone M,1300,3.0,2.0,77.99,1300.0,3,5999.230769230769,7798999.999999999
Super built-up  Area,Ready To Move,Kathriguppe,3 BHK,,1350,2.0,1.0,80.99,1350.0,3,5999.259259259258,8098999.999999999
Super built-up  Area,Ready To Move,Kathriguppe,3 BHK,,1390,2.0,2.0,76.45,1390.0,3,5500.0,7645000.0
Super built-up  Area,Ready To Move,Kathriguppe,3 BHK,Prone M,1350,3.0,3.0,78.3,1350.0,3,5800.0,7830000.0
Super built-up  Area,Ready To Move,Kathriguppe,3 BHK,,1250,2.0,2.0,68.75,1250.0,3,5500.0,6875000.0
Super built-up  Area,Ready To Move,Kathriguppe,3 BHK,Prone M,1300,3.0,2.0,77.99,1300.0,3,5999.230769230769,7798999.999999999
Super built-up  Area,Ready To Move,Kathriguppe,3 BHK,,1335,2.0,3.0,73.43,1335.0,3,5500.374531835207,7343000.000000001
Super built-up  Area,Ready To Move,Kathriguppe,3 BHK,Prone M,1300,3.0,2.0,77.99,1300.0,3,5999.230769230769,7798999.999999999
Super built-up  Area,Ready To Move,Kathriguppe,3 BHK,Prone M,1300,3.0,3.0,77.99,1300.0,3,5999.230769230769,7798999.999999999
Super built-up  Area,Ready To Move,Kathriguppe,3 BHK,,1335,2.0,2.0,73.43,1335.0,3,5500.374531835207,7343000.000000001
Super built-up  Area,Ready To Move,Kathriguppe,3 BHK,Prone M,1350,3.0,2.0,80.99,1350.0,3,5999.259259259258,8098999.999999999
Super built-up  Area,Ready To Move,Kathriguppe,3 BHK,Prone M,1350,3.0,2.0,80.99,1350.0,3,5999.259259259258,8098999.999999999
Plot  Area,Ready To Move,Kattigenahalli,4 Bedroom,,2100,4.0,,155.0,2100.0,4,7380.952380952381,15500000.0
Plot  Area,Ready To Move,Kattigenahalli,2 Bedroom,,1200,1.0,0.0,70.0,1200.0,2,5833.333333333333,7000000.0
Built-up  Area,Ready To Move,Kaval Byrasandra,1 BHK,,480,1.0,1.0,25.0,480.0,1,5208.333333333333,2500000.0
Super built-up  Area,Ready To Move,Kaval Byrasandra,3 BHK,,1450,3.0,2.0,75.0,1450.0,3,5172.413793103448,7500000.0
Super built-up  Area,Ready To Move,Kaval Byrasandra,2 BHK,,1025,2.0,1.0,60.0,1025.0,2,5853.658536585366,6000000.0
Built-up  Area,Ready To Move,Kaval Byrasandra,3 Bedroom,,2700,3.0,2.0,200.0,2700.0,3,7407.407407407408,20000000.0
Super built-up  Area,Ready To Move,Kaval Byrasandra,3 BHK,,1400,3.0,2.0,75.0,1400.0,3,5357.142857142857,7500000.0
Super built-up  Area,Ready To Move,Kaverappa Layout,2 BHK,Dural C,1265,2.0,3.0,70.0,1265.0,2,5533.596837944664,7000000.0
Built-up  Area,Ready To Move,Kaverappa Layout,2 BHK,,1012,2.0,1.0,59.0,1012.0,2,5830.0395256917,5900000.0
Super built-up  Area,Ready To Move,Kaverappa Layout,3 BHK,,1540,3.0,3.0,85.0,1540.0,3,5519.480519480519,8500000.0
Super built-up  Area,Ready To Move,Kaveri Nagar,3 BHK,Roiti A,1900,3.0,3.0,155.0,1900.0,3,8157.894736842105,15500000.0
Super built-up  Area,Ready To Move,Kenchenahalli,2 BHK,AriosPa,1015,2.0,2.0,58.0,1015.0,2,5714.285714285715,5800000.0
Super built-up  Area,Ready To Move,Kenchenahalli,1 BHK,AriosPa,715,1.0,1.0,45.0,715.0,1,6293.706293706294,4500000.0
Super built-up  Area,Ready To Move,Kenchenahalli,3 BHK,AriosPa,1280,2.0,2.0,69.0,1280.0,3,5390.625,6900000.0
Super built-up  Area,Ready To Move,Kenchenahalli,3 BHK,Unateit,1410,2.0,2.0,73.0,1410.0,3,5177.304964539007,7300000.0
Super built-up  Area,Ready To Move,Kenchenahalli,1 BHK,AriosPa,700,1.0,1.0,35.0,700.0,1,5000.0,3500000.0
Super built-up  Area,Ready To Move,Kenchenahalli,3 BHK,Unateit,1720,3.0,,100.0,1720.0,3,5813.953488372093,10000000.0
Super built-up  Area,Ready To Move,Kenchenahalli,2 BHK,AriosPa,1015,2.0,2.0,60.0,1015.0,2,5911.330049261083,6000000.0
Plot  Area,Ready To Move,Kenchenhalli,4 Bedroom,,1350,4.0,1.0,90.0,1350.0,4,6666.666666666667,9000000.0
Built-up  Area,Ready To Move,Kengeri,1 BHK,,600,1.0,1.0,15.0,600.0,1,2500.0,1500000.0
Plot  Area,Ready To Move,Kengeri,4 Bedroom,Goardth,2894,4.0,1.0,245.0,2894.0,4,8465.791292328957,24500000.0
Built-up  Area,18-Mar,Kengeri,1 BHK,,340,1.0,1.0,10.0,340.0,1,2941.176470588235,1000000.0
Super built-up  Area,Ready To Move,Kengeri,2 BHK,Vaens G,1025,2.0,2.0,57.0,1025.0,2,5560.975609756098,5700000.0
Plot  Area,Ready To Move,Kengeri,4 Bedroom,,1125,2.0,1.0,88.0,1125.0,4,7822.222222222223,8800000.0
Plot  Area,Ready To Move,Kengeri,4 Bedroom,,2400,5.0,2.0,253.0,2400.0,4,10541.666666666666,25300000.0
Plot  Area,Ready To Move,Kengeri,3 Bedroom,,3500,5.0,0.0,275.0,3500.0,3,7857.142857142857,27500000.0
Super built-up  Area,19-Aug,Kengeri,1 BHK,VBn 2lm,416,1.0,1.0,19.5,416.0,1,4687.5,1950000.0
Built-up  Area,Ready To Move,Kengeri,1 BHK,,502,1.0,1.0,25.0,502.0,1,4980.0796812749,2500000.0
Plot  Area,Ready To Move,Kengeri,3 Bedroom,,1200,3.0,1.0,67.0,1200.0,3,5583.333333333333,6700000.0
Built-up  Area,Ready To Move,Kengeri,1 BHK,,500,1.0,1.0,17.0,500.0,1,3400.0,1700000.0
Super built-up  Area,19-Aug,Kengeri,1 BHK,VBn 2lm,540,1.0,1.0,22.5,540.0,1,4166.666666666667,2250000.0
Super built-up  Area,Ready To Move,Kengeri,1 BHK,,400,2.0,1.0,25.0,400.0,1,6250.0,2500000.0
Built-up  Area,Ready To Move,Kengeri,4 Bedroom,Unuil T,2540,4.0,0.0,160.0,2540.0,4,6299.212598425197,16000000.0
Super built-up  Area,18-Nov,Kengeri,1 BHK,VBn 2lm,416,1.0,1.0,18.0,416.0,1,4326.923076923077,1800000.0
Super built-up  Area,Ready To Move,Kengeri,1 BHK,,1200,1.0,1.0,14.0,1200.0,1,1166.6666666666667,1400000.0
Built-up  Area,Ready To Move,Kengeri,2 BHK,,883,2.0,0.0,49.0,883.0,2,5549.263873159683,4900000.0
Plot  Area,Ready To Move,Kengeri,1 Bedroom,,1150,1.0,0.0,52.0,1150.0,1,4521.739130434783,5200000.0
Built-up  Area,Ready To Move,Kengeri,1 BHK,KHnumla,600,1.0,1.0,35.0,600.0,1,5833.333333333333,3500000.0
Built-up  Area,Ready To Move,Kengeri,1 BHK,,410,1.0,1.0,15.0,410.0,1,3658.5365853658536,1500000.0
Super built-up  Area,Ready To Move,Kengeri,1 BHK,,400,1.0,1.0,25.0,400.0,1,6250.0,2500000.0
Super built-up  Area,19-Dec,Kengeri,1 BHK,VBn 2lm,416,1.0,1.0,17.19,416.0,1,4132.211538461539,1719000.0000000002
Built-up  Area,Ready To Move,Kengeri,1 BHK,,550,1.0,1.0,16.75,550.0,1,3045.4545454545455,1675000.0
Super built-up  Area,Ready To Move,Kengeri Satellite Town,1 BHK,,930,1.0,1.0,30.0,930.0,1,3225.8064516129034,3000000.0
Super built-up  Area,Ready To Move,Kengeri Satellite Town,2 BHK,MB-laan,1043,2.0,2.0,65.0,1043.0,2,6232.023010546501,6500000.0
Super built-up  Area,Ready To Move,Kengeri Satellite Town,1 BHK,,654,1.0,1.0,22.0,654.0,1,3363.914373088685,2200000.0
Plot  Area,Ready To Move,Kengeri Satellite Town,2 Bedroom,,2480,2.0,1.0,160.0,2480.0,2,6451.612903225807,16000000.0
Super built-up  Area,Ready To Move,Kengeri Satellite Town,1 BHK,,410,1.0,1.0,15.0,410.0,1,3658.5365853658536,1500000.0
Built-up  Area,Ready To Move,Kengeri Satellite Town,4 Bedroom,,936,2.0,1.0,60.84,936.0,4,6500.0,6084000.0
Built-up  Area,Ready To Move,Kereguddadahalli,1 BHK,Inave R,600,1.0,1.0,19.5,600.0,1,3250.0,1950000.0
Super built-up  Area,Ready To Move,Keshava Nagar,3 BHK,ETens G,1839,3.0,3.0,165.0,1839.0,3,8972.26753670473,16500000.0
Super built-up  Area,Ready To Move,Keshava Nagar,3 BHK,ETens G,1904,3.0,3.0,155.0,1904.0,3,8140.756302521008,15500000.0
Super built-up  Area,Ready To Move,Keshava Nagar,2 BHK,ETens G,1517,2.0,2.0,125.0,1517.0,2,8239.947264337508,12500000.0
Super built-up  Area,Ready To Move,Keshava Nagar,3 BHK,ETens G,1839,3.0,3.0,160.0,1839.0,3,8700.380641653072,16000000.0
Plot  Area,Ready To Move,Kirloskar Layout,5 Bedroom,,750,3.0,1.0,88.0,750.0,5,11733.333333333334,8800000.0
Plot  Area,Ready To Move,Kithaganur,3 Bedroom,,1200,3.0,1.0,70.0,1200.0,3,5833.333333333333,7000000.0
Super built-up  Area,Ready To Move,Kodbisanhalli,3 BHK,Diacee ,1976,3.0,1.0,184.0,1976.0,3,9311.74089068826,18400000.0
Super built-up  Area,Ready To Move,Kodbisanhalli,2 BHK,Seityen,1012,2.0,1.0,59.0,1012.0,2,5830.0395256917,5900000.0
Built-up  Area,Ready To Move,Kodbisanhalli,2 BHK,Seityen,1012,2.0,2.0,59.0,1012.0,2,5830.0395256917,5900000.0
Super built-up  Area,Ready To Move,Kodbisanhalli,2 BHK,Seityen,1012,2.0,1.0,62.0,1012.0,2,6126.482213438735,6200000.0
Super built-up  Area,Ready To Move,Kodichikkanahalli,1 BHK,,650,1.0,2.0,38.0,650.0,1,5846.153846153846,3800000.0
Super built-up  Area,Ready To Move,Kodichikkanahalli,3 BHK,Suntsan,1620,2.0,2.0,85.0,1620.0,3,5246.913580246914,8500000.0
Super built-up  Area,Ready To Move,Kodichikkanahalli,2 BHK,PentyVB,1025,2.0,2.0,66.0,1025.0,2,6439.024390243902,6600000.0
Built-up  Area,Ready To Move,Kodichikkanahalli,1 BHK,Jae 1ke,450,1.0,1.0,18.0,450.0,1,4000.0,1800000.0
Super built-up  Area,Ready To Move,Kodigehaali,3 BHK,Leeno S,2120,3.0,2.0,177.0,2120.0,3,8349.056603773584,17700000.0
Built-up  Area,Ready To Move,Kodigehaali,3 BHK,Shyas S,1442,3.0,2.0,80.0,1442.0,3,5547.850208044383,8000000.0
Super built-up  Area,19-Jun,Kodigehalli,2 BHK,,1270,2.0,1.0,98.0,1270.0,2,7716.535433070866,9800000.0
Super built-up  Area,19-Jun,Kodigehalli,1 BHK,,655,1.0,1.0,53.0,655.0,1,8091.603053435115,5300000.0
Super built-up  Area,19-Jun,Kodigehalli,3 BHK,,1820,3.0,2.0,150.0,1820.0,3,8241.758241758242,15000000.0
Plot  Area,Ready To Move,Kodigehalli,2 Bedroom,,500,1.0,0.0,55.0,500.0,2,11000.0,5500000.0
Super built-up  Area,Ready To Move,Kodigehalli,4 BHK,,600,3.0,2.0,85.0,600.0,4,14166.666666666666,8500000.0
Plot  Area,Ready To Move,Kodigehalli,3 Bedroom,,1200,4.0,1.0,156.0,1200.0,3,13000.0,15600000.0
Super built-up  Area,Ready To Move,Kodihalli,4 BHK,Soianal,3252,5.0,3.0,335.0,3252.0,4,10301.353013530135,33500000.0
Super built-up  Area,Ready To Move,Kodihalli,3 BHK,Soianal,2700,4.0,1.0,270.0,2700.0,3,10000.0,27000000.0
Super built-up  Area,Ready To Move,Kodihalli,3 BHK,Soianal,2392,4.0,2.0,260.0,2392.0,3,10869.565217391304,26000000.0
Super built-up  Area,Ready To Move,Kodihalli,3 BHK,Soianal,2408,4.0,2.0,260.0,2408.0,3,10797.34219269103,26000000.0
Super built-up  Area,Ready To Move,Kodihalli,3 BHK,Soianal,2500,4.0,1.0,260.0,2500.0,3,10400.0,26000000.0
Built-up  Area,Ready To Move,Kodihalli,3 BHK,KAMESRI,1620,3.0,2.0,130.0,1620.0,3,8024.691358024691,13000000.0
Super built-up  Area,18-Aug,Kodihalli,4 BHK,Soianal,3260,5.0,3.0,388.0,3260.0,4,11901.840490797545,38800000.0
Super built-up  Area,Ready To Move,Kodihalli,4 BHK,Soianal,3197,5.0,2.0,335.0,3197.0,4,10478.573662808883,33500000.0
Built-up  Area,Ready To Move,Kodihalli,2 BHK,,1490,2.0,1.0,150.0,1490.0,2,10067.114093959732,15000000.0
Super built-up  Area,Ready To Move,Kodipalya,1 BHK,,418,1.0,1.0,17.0,418.0,1,4066.9856459330144,1700000.0
Super built-up  Area,21-May,Kogilu,3 BHK,Sourtal,1934,3.0,2.0,150.0,1934.0,3,7755.946225439504,15000000.0
Built-up  Area,Ready To Move,Kogilu,1 Bedroom,,540,1.0,0.0,36.0,540.0,1,6666.666666666667,3600000.0
Super built-up  Area,21-May,Kogilu,3 BHK,Sourtal,1559,3.0,2.0,127.0,1559.0,3,8146.247594611931,12700000.0
Super built-up  Area,21-May,Kogilu,3 BHK,Sourtal,1559,3.0,2.0,120.0,1559.0,3,7697.2418216805645,12000000.0
Super built-up  Area,Ready To Move,Kogilu,1 BHK,,700,1.0,1.0,30.84,700.0,1,4405.714285714285,3084000.0
Super built-up  Area,Ready To Move,Kogilu,1 BHK,,700,1.0,1.0,30.84,700.0,1,4405.714285714285,3084000.0
Super built-up  Area,17-Nov,Konanakunte,3 BHK,Prasa W,2791,3.0,1.0,223.0,2791.0,3,7989.967753493372,22300000.0
Built-up  Area,Ready To Move,Konanakunte,2 Bedroom,,884,1.0,0.0,58.0,884.0,2,6561.085972850678,5800000.0
Plot  Area,Ready To Move,Konanakunte,4 Bedroom,,1200,4.0,0.0,125.0,1200.0,4,10416.666666666666,12500000.0
Plot  Area,Ready To Move,Konanakunte,4 Bedroom,,1200,2.0,1.0,130.0,1200.0,4,10833.333333333334,13000000.0
Plot  Area,Ready To Move,Konanakunte,3 Bedroom,,2400,2.0,3.0,180.0,2400.0,3,7500.0,18000000.0
Plot  Area,Ready To Move,Konanakunte,4 Bedroom,Prasa W,3746,6.0,1.0,375.0,3746.0,4,10010.6780565937,37500000.0
Super built-up  Area,Ready To Move,Konanakunte,3 BHK,,1423,2.0,2.0,85.0,1423.0,3,5973.295853829937,8500000.0
Plot  Area,Ready To Move,Konanakunte Cross,2 Bedroom,,3040,1.0,1.0,180.0,3040.0,2,5921.0526315789475,18000000.0
Plot  Area,Ready To Move,Koppa,3 Bedroom,,720,3.0,1.0,48.0,720.0,3,6666.666666666667,4800000.0
Super built-up  Area,Ready To Move,Koramangala,2 BHK,Proodt ,1320,2.0,1.0,165.0,1320.0,2,12500.0,16500000.0
Super built-up  Area,Ready To Move,Koramangala,2 BHK,Ansna K,1253,2.0,1.0,102.0,1253.0,2,8140.462889066241,10200000.0
Super built-up  Area,Ready To Move,Koramangala,3 BHK,TealeRo,1580,3.0,2.0,160.0,1580.0,3,10126.582278481013,16000000.0
Super built-up  Area,Ready To Move,Koramangala,3 BHK,,1750,3.0,2.0,130.0,1750.0,3,7428.571428571428,13000000.0
Super built-up  Area,Ready To Move,Koramangala,4 BHK,K ncy R,3500,5.0,2.0,425.0,3500.0,4,12142.857142857143,42500000.0
Super built-up  Area,Ready To Move,Koramangala,2 BHK,K ncy R,1005,1.0,1.0,110.0,1005.0,2,10945.273631840795,11000000.0
Super built-up  Area,Ready To Move,Koramangala,3 BHK,,2292,4.0,1.0,275.0,2292.0,3,11998.25479930192,27500000.0
Super built-up  Area,Ready To Move,Koramangala,3 BHK,Wiass G,1835,2.0,3.0,155.0,1835.0,3,8446.866485013625,15500000.0
Super built-up  Area,Ready To Move,Koramangala,2 BHK,,1290,2.0,3.0,100.0,1290.0,2,7751.937984496124,10000000.0
Super built-up  Area,Ready To Move,Koramangala,2 BHK,Saace P,1300,2.0,3.0,110.0,1300.0,2,8461.538461538461,11000000.0
Super built-up  Area,Ready To Move,Koramangala,3 BHK,,2200,3.0,2.0,180.0,2200.0,3,8181.818181818182,18000000.0
Super built-up  Area,Ready To Move,Koramangala,2 BHK,Suryais,1325,2.0,2.0,119.0,1325.0,2,8981.132075471698,11900000.0
Built-up  Area,Ready To Move,Koramangala,2 BHK,Vaanda ,1140,2.0,1.0,75.2,1140.0,2,6596.491228070176,7520000.0
Built-up  Area,Ready To Move,Koramangala,2 BHK,Gencysi,1260,2.0,3.0,100.0,1260.0,2,7936.507936507936,10000000.0
Built-up  Area,Ready To Move,Koramangala,3 BHK,Jalonht,1975,3.0,,210.0,1975.0,3,10632.911392405063,21000000.0
Built-up  Area,Ready To Move,Koramangala,2 BHK,Proodt ,1900,2.0,1.0,200.0,1900.0,2,10526.315789473685,20000000.0
Built-up  Area,Ready To Move,Koramangala,3 BHK,,1750,3.0,1.0,130.0,1750.0,3,7428.571428571428,13000000.0
Super built-up  Area,Ready To Move,Koramangala,3 BHK,,2292,3.0,2.0,286.0,2292.0,3,12478.184991273996,28600000.0
Built-up  Area,Ready To Move,Koramangala,3 BHK,,2300,3.0,3.0,290.0,2300.0,3,12608.695652173914,29000000.0
Super built-up  Area,18-May,Koramangala,3 BHK,SRidsrc,1594,3.0,,125.0,1594.0,3,7841.907151819322,12500000.0
Built-up  Area,Ready To Move,Koramangala,3 BHK,KHage G,1760,2.0,0.0,115.0,1760.0,3,6534.090909090909,11500000.0
Super built-up  Area,19-Sep,Koramangala,4 BHK,Prood P,2503,6.0,2.0,325.0,2503.0,4,12984.418697562924,32500000.0
Super built-up  Area,Ready To Move,Koramangala,3 BHK,Gencysi,1900,3.0,3.0,150.0,1900.0,3,7894.736842105263,15000000.0
Super built-up  Area,Ready To Move,Koramangala,2 BHK,Proodt ,1320,2.0,1.0,150.0,1320.0,2,11363.636363636364,15000000.0
Super built-up  Area,Ready To Move,Koramangala,2 BHK,Saace P,1320,2.0,2.0,110.0,1320.0,2,8333.333333333334,11000000.0
Super built-up  Area,Ready To Move,Koramangala,4 BHK,,5985,4.0,,775.0,5985.0,4,12949.039264828738,77500000.0
Super built-up  Area,18-Dec,Koramangala,4 BHK,Prood P,2461,6.0,2.0,353.0,2461.0,4,14343.762698090208,35300000.0
Built-up  Area,Ready To Move,Koramangala,3 BHK,KHage G,1615,3.0,2.0,115.0,1615.0,3,7120.743034055728,11500000.0
Super built-up  Area,Ready To Move,Koramangala,3 BHK,Proodt ,2246,3.0,0.0,300.0,2246.0,3,13357.079252003561,30000000.0
Super built-up  Area,Ready To Move,Koramangala,3 BHK,KHage G,1716,2.0,0.0,115.0,1716.0,3,6701.631701631702,11500000.0
Super built-up  Area,Ready To Move,Koramangala,3 BHK,Ansna K,1500,3.0,1.0,135.0,1500.0,3,9000.0,13500000.0
Super built-up  Area,Ready To Move,Koramangala,2 BHK,,1083,2.0,1.0,100.0,1083.0,2,9233.610341643584,10000000.0
Super built-up  Area,Ready To Move,Koramangala,3 BHK,Proodt ,1744,3.0,1.0,200.0,1744.0,3,11467.88990825688,20000000.0
Super built-up  Area,Ready To Move,Koramangala,2 BHK,K ncy R,1180,2.0,1.0,128.0,1180.0,2,10847.457627118643,12800000.0
Super built-up  Area,Ready To Move,Koramangala,2 BHK,Proodt ,1320,2.0,1.0,160.0,1320.0,2,12121.212121212122,16000000.0
Built-up  Area,Ready To Move,Koramangala,2 BHK,KHage G,1370,2.0,2.0,125.0,1370.0,2,9124.087591240876,12500000.0
Super built-up  Area,Ready To Move,Koramangala,2 BHK,KHage G,1100,2.0,2.0,85.0,1100.0,2,7727.272727272727,8500000.0
Super built-up  Area,19-Dec,Koramangala,2 BHK,Prood P,1249,2.0,1.0,165.0,1249.0,2,13210.56845476381,16500000.0
Built-up  Area,Ready To Move,Koramangala,2 BHK,,1200,2.0,2.0,100.0,1200.0,2,8333.333333333334,10000000.0
Super built-up  Area,Ready To Move,Koramangala,3 BHK,KHage G,1720,2.0,1.0,130.0,1720.0,3,7558.139534883721,13000000.0
Super built-up  Area,Ready To Move,Koramangala,3 BHK,Proodt ,2223,3.0,2.0,300.0,2223.0,3,13495.27665317139,30000000.0
Super built-up  Area,Ready To Move,Koramangala,3 BHK,Proodt ,1744,4.0,1.0,210.0,1744.0,3,12041.284403669724,21000000.0
Super built-up  Area,19-Sep,Koramangala,3 BHK,Prood P,1866,4.0,2.0,245.0,1866.0,3,13129.689174705252,24500000.0
Super built-up  Area,Ready To Move,Koramangala,2 BHK,Proodt ,1320,2.0,1.0,160.0,1320.0,2,12121.212121212122,16000000.0
Built-up  Area,Ready To Move,Koramangala,2 BHK,HawerMa,1350,2.0,2.0,103.0,1350.0,2,7629.62962962963,10300000.0
Built-up  Area,Ready To Move,Koramangala,4 Bedroom,,6000,4.0,0.0,625.0,6000.0,4,10416.666666666666,62500000.0
Super built-up  Area,Ready To Move,Koramangala,3 BHK,KHage G,1642,2.0,1.0,115.0,1642.0,3,7003.654080389769,11500000.0
Super built-up  Area,Ready To Move,Koramangala,2 BHK,Proodt ,1320,2.0,1.0,160.0,1320.0,2,12121.212121212122,16000000.0
Built-up  Area,Ready To Move,Koramangala,3 BHK,K ncy R,1710,3.0,2.0,210.0,1710.0,3,12280.701754385966,21000000.0
Built-up  Area,Ready To Move,Koramangala,2 BHK,,1355,2.0,2.0,95.0,1355.0,2,7011.070110701107,9500000.0
Super built-up  Area,Ready To Move,Koramangala,3 BHK,K ncy R,1600,3.0,1.0,170.0,1600.0,3,10625.0,17000000.0
Super built-up  Area,Ready To Move,Koramangala,2 BHK,Gencysi,1260,2.0,1.0,100.0,1260.0,2,7936.507936507936,10000000.0
Super built-up  Area,Ready To Move,Koramangala,3 BHK,,1910,4.0,3.0,150.0,1910.0,3,7853.4031413612565,15000000.0
Super built-up  Area,Ready To Move,Koramangala,3 BHK,K ncy R,1600,2.0,0.0,140.0,1600.0,3,8750.0,14000000.0
Built-up  Area,Ready To Move,Koramangala Industrial Layout,4 Bedroom,,5000,5.0,,600.0,5000.0,4,12000.0,60000000.0
Plot  Area,Ready To Move,Kothanur,3 Bedroom,BDensar,2400,2.0,1.0,150.0,2400.0,3,6250.0,15000000.0
Super built-up  Area,Ready To Move,Kothanur,3 BHK,Somumys,1828,3.0,,110.0,1828.0,3,6017.505470459519,11000000.0
Super built-up  Area,Ready To Move,Kothanur,3 BHK,Somumys,1847,3.0,2.0,105.0,1847.0,3,5684.89442338928,10500000.0
Super built-up  Area,Ready To Move,Kothanur,3 BHK,Somumys,1847,3.0,2.0,110.0,1847.0,3,5955.603681645913,11000000.0
Super built-up  Area,Ready To Move,Kothanur,3 BHK,Somumys,1790,3.0,2.0,105.0,1790.0,3,5865.921787709497,10500000.0
Plot  Area,Ready To Move,Kothanur,4 Bedroom,Fencyes,3401,5.0,,230.0,3401.0,4,6762.7168479858865,23000000.0
Built-up  Area,Ready To Move,Kothanur,1 Bedroom,,627,1.0,1.0,30.0,627.0,1,4784.688995215311,3000000.0
Super built-up  Area,15-Oct,Kothanur,3 BHK,Somumys,1760,3.0,,111.0,1760.0,3,6306.818181818182,11100000.0
Plot  Area,Ready To Move,Kothanur,1 Bedroom,,1500,1.0,0.0,75.0,1500.0,1,5000.0,7500000.0
Built-up  Area,Ready To Move,Kothanur,3 BHK,Somumys,1790,3.0,0.0,97.0,1790.0,3,5418.994413407821,9700000.0
Plot  Area,Ready To Move,Kothanur,4 Bedroom,,2700,4.0,2.0,175.0,2700.0,4,6481.481481481482,17500000.0
Super built-up  Area,Ready To Move,Kothanur,3 BHK,Somumys,1786,2.0,2.0,106.0,1786.0,3,5935.05039193729,10600000.0
Super built-up  Area,Ready To Move,Kothanur,3 BHK,Somumys,1787,3.0,2.0,107.0,1787.0,3,5987.688864017907,10700000.0
Super built-up  Area,Ready To Move,Kothanur,3 BHK,Somumys,1760,3.0,,110.0,1760.0,3,6250.0,11000000.0
Super built-up  Area,Ready To Move,Kothanur,3 BHK,Somumys,1787,3.0,2.0,120.0,1787.0,3,6715.165081141578,12000000.0
Super built-up  Area,Ready To Move,Kothanur,3 BHK,Somumys,1790,3.0,2.0,105.0,1790.0,3,5865.921787709497,10500000.0
Built-up  Area,Ready To Move,Kothanur,3 BHK,EiionCa,1170,3.0,2.0,80.0,1170.0,3,6837.606837606838,8000000.0
Super built-up  Area,Ready To Move,Kothanur,3 BHK,Somumys,1790,3.0,2.0,120.0,1790.0,3,6703.91061452514,12000000.0
Plot  Area,Ready To Move,Krishna Nagar,5 Bedroom,,1000,4.0,2.0,90.0,1000.0,5,9000.0,9000000.0
Super built-up  Area,Ready To Move,Krishna Reddy Layout,3 BHK,RahtsHe,2180,3.0,,285.0,2180.0,3,13073.394495412844,28500000.0
Super built-up  Area,Ready To Move,Krishna Reddy Layout,3 BHK,RahtsHe,2180,3.0,3.0,273.0,2180.0,3,12522.935779816513,27300000.0
Super built-up  Area,Ready To Move,Kudlu,1 BHK,GKityel,720,1.0,1.0,33.0,720.0,1,4583.333333333333,3300000.0
Super built-up  Area,Ready To Move,Kudlu Gate,3 BHK,Srier P,1535,3.0,2.0,83.0,1535.0,3,5407.166123778502,8300000.0
Super built-up  Area,Ready To Move,Kudlu Gate,3 BHK,Srier P,1535,3.0,2.0,85.0,1535.0,3,5537.459283387622,8500000.0
Super built-up  Area,Ready To Move,Kudlu Gate,3 BHK,Srier P,1535,3.0,2.0,86.0,1535.0,3,5602.605863192182,8600000.0
Super built-up  Area,18-Dec,Kudlu Gate,3 BHK,Sanzaat,1564,2.0,1.0,92.0,1564.0,3,5882.35294117647,9200000.0
Super built-up  Area,18-Dec,Kudlu Gate,3 BHK,Sanzaat,1564 - 1850,2.0,,99.745,1707.0,3,5843.2923257176335,9974500.0
Built-up  Area,Ready To Move,Kudlu Gate,3 BHK,Brlms P,1335,3.0,2.0,89.0,1335.0,3,6666.666666666667,8900000.0
Super built-up  Area,18-Aug,Kudlu Gate,1 BHK,Sanzaat,703,1.0,1.0,52.0,703.0,1,7396.870554765292,5200000.0
Super built-up  Area,Ready To Move,Kudlu Gate,3 BHK,Srier P,1535,3.0,2.0,86.0,1535.0,3,5602.605863192182,8600000.0
Super built-up  Area,Ready To Move,Kudlu Gate,3 BHK,Srier P,1532,3.0,2.0,83.0,1532.0,3,5417.754569190601,8300000.0
Super built-up  Area,18-Aug,Kudlu Gate,2 BHK,Sanzaat,1547,2.0,2.0,103.0,1547.0,2,6658.047834518423,10300000.0
Built-up  Area,18-Dec,Kudlu Gate,2 BHK,,1336,2.0,1.0,86.0,1336.0,2,6437.125748502994,8600000.0
Built-up  Area,18-Dec,Kudlu Gate,3 BHK,,1919,3.0,2.0,121.0,1919.0,3,6305.367378843148,12100000.0
Super built-up  Area,Ready To Move,Kudlu Gate,3 BHK,Srier P,1535,3.0,2.0,85.0,1535.0,3,5537.459283387622,8500000.0
Super built-up  Area,18-Aug,Kudlu Gate,3 BHK,Sanzaat,1850,3.0,2.0,120.0,1850.0,3,6486.486486486487,12000000.0
Super built-up  Area,18-Apr,Kudlu Gate,2 BHK,SunetSo,940,2.0,1.0,69.57,940.0,2,7401.063829787233,6956999.999999999
Built-up  Area,Ready To Move,Kudlu Gate,2 BHK,Brlms P,1164,2.0,2.0,75.0,1164.0,2,6443.298969072165,7500000.0
Super built-up  Area,18-Aug,Kudlu Gate,2 BHK,Sanzaat,1183,2.0,1.0,79.54,1183.0,2,6723.584108199494,7954000.000000001
Super built-up  Area,18-Dec,Kudlu Gate,3 BHK,Sanzaat,1850,3.0,2.0,110.0,1850.0,3,5945.945945945946,11000000.0
Super built-up  Area,18-Jun,Kudlu Gate,2 BHK,Sanzaat,1183,2.0,1.0,79.54,1183.0,2,6723.584108199494,7954000.000000001
Built-up  Area,Ready To Move,Kullappa Colony,2 BHK,,1060,2.0,2.0,60.0,1060.0,2,5660.377358490566,6000000.0
Carpet  Area,Ready To Move,Kumara Park,3 BHK,,2200,4.0,,350.0,2200.0,3,15909.09090909091,35000000.0
Super built-up  Area,18-Apr,Kumara Park,3 BHK,,2000,3.0,3.0,207.0,2000.0,3,10350.0,20700000.0
Built-up  Area,Ready To Move,Kumara Park,2 BHK,,1150,2.0,0.0,250.0,1150.0,2,21739.130434782608,25000000.0
Plot  Area,17-Jul,Kumara Park,4 Bedroom,,3500,5.0,1.0,800.0,3500.0,4,22857.14285714286,80000000.0
Plot  Area,Ready To Move,Kumaraswami Layout,7 Bedroom,,800,7.0,3.0,105.0,800.0,7,13125.0,10500000.0
Plot  Area,Ready To Move,Kumaraswami Layout,4 Bedroom,,2000,4.0,1.0,139.0,2000.0,4,6950.0,13900000.0
Plot  Area,Ready To Move,Kumaraswami Layout,5 Bedroom,,1270,4.0,1.0,128.0,1270.0,5,10078.740157480315,12800000.0
Super built-up  Area,Ready To Move,Kumaraswami Layout,2 BHK,Mania G,1000,2.0,1.0,58.0,1000.0,2,5800.0,5800000.0
Built-up  Area,Ready To Move,Kumaraswami Layout,4 Bedroom,,2600,4.0,0.0,325.0,2600.0,4,12500.0,32500000.0
Plot  Area,Ready To Move,Kumaraswami Layout,2 Bedroom,,800,1.0,1.0,90.0,800.0,2,11250.0,9000000.0
Built-up  Area,Ready To Move,Kumaraswami Layout,3 Bedroom,,2400,2.0,1.0,125.0,2400.0,3,5208.333333333333,12500000.0
Built-up  Area,Ready To Move,Kumaraswami Layout,3 BHK,,1310,2.0,1.0,70.0,1310.0,3,5343.511450381679,7000000.0
Plot  Area,Ready To Move,Kumaraswami Layout,4 Bedroom,,623,4.0,1.0,75.0,623.0,4,12038.52327447833,7500000.0
Plot  Area,Ready To Move,Kumaraswami Layout,4 Bedroom,BaisePa,600,2.0,1.0,72.0,600.0,4,12000.0,7200000.0
Built-up  Area,Ready To Move,Kumaraswami Layout,1 Bedroom,,850,1.0,1.0,78.0,850.0,1,9176.470588235294,7800000.0
Built-up  Area,Ready To Move,Kumaraswami Layout,4 Bedroom,,2600,4.0,2.0,300.0,2600.0,4,11538.461538461539,30000000.0
Built-up  Area,Ready To Move,Kumaraswami Layout,3 BHK,,1310,2.0,1.0,85.0,1310.0,3,6488.5496183206105,8500000.0
Plot  Area,Ready To Move,Kumaraswami Layout,2 Bedroom,,600,2.0,1.0,72.0,600.0,2,12000.0,7200000.0
Built-up  Area,Ready To Move,Kumaraswami Layout,3 Bedroom,,1200,3.0,1.0,75.0,1200.0,3,6250.0,7500000.0
Super built-up  Area,Ready To Move,Kumaraswami Layout,2 BHK,Shncyhi,1081,2.0,3.0,60.0,1081.0,2,5550.416281221092,6000000.0
Super built-up  Area,Ready To Move,Kundalahalli,3 BHK,Dieldli,1724,3.0,2.0,125.0,1724.0,3,7250.580046403712,12500000.0
Super built-up  Area,Ready To Move,Kundalahalli,2 BHK,Dieldli,735,2.0,1.0,57.99,735.0,2,7889.7959183673465,5799000.0
Built-up  Area,18-Mar,Kundalahalli,2 BHK,Dieldli,1047,2.0,1.0,82.0,1047.0,2,7831.900668576886,8200000.0
Super built-up  Area,Ready To Move,Kundalahalli,3 BHK,Dieldli,1397,3.0,3.0,105.0,1397.0,3,7516.1059413027915,10500000.0
Super built-up  Area,17-Dec,Kundalahalli,3 BHK,Dieldli,1724,3.0,2.0,127.0,1724.0,3,7366.589327146172,12700000.0
Super built-up  Area,Ready To Move,Kundalahalli,3 BHK,Dieldli,1397,3.0,2.0,110.0,1397.0,3,7874.0157480314965,11000000.0
Super built-up  Area,18-Feb,Kundalahalli,3 BHK,Dieldli,1397,3.0,2.0,104.0,1397.0,3,7444.523979957051,10400000.0
Super built-up  Area,18-May,Kundalahalli,3 BHK,Dieldli,1397,3.0,3.0,108.0,1397.0,3,7730.851825340014,10800000.0
Super built-up  Area,Ready To Move,Kundalahalli,3 BHK,Roima A,1920,3.0,2.0,150.0,1920.0,3,7812.5,15000000.0
Super built-up  Area,Ready To Move,Kundalahalli,3 BHK,Dieldli,1397,3.0,3.0,105.0,1397.0,3,7516.1059413027915,10500000.0
Super built-up  Area,Ready To Move,Kundalahalli,3 BHK,Dieldli,1724,3.0,2.0,124.0,1724.0,3,7192.5754060324825,12400000.0
Super built-up  Area,Ready To Move,Kundalahalli,2 BHK,Dieldli,1047,2.0,1.0,84.0,1047.0,2,8022.9226361031515,8400000.0
Super built-up  Area,Ready To Move,Kundalahalli,2 BHK,Dieldli,1047,2.0,1.0,83.0,1047.0,2,7927.411652340019,8300000.0
Plot  Area,Ready To Move,Kundalahalli,4 Bedroom,,7000,4.0,3.0,550.0,7000.0,4,7857.142857142857,55000000.0
Super built-up  Area,Ready To Move,Kundalahalli,3 BHK,,2075,3.0,1.0,115.0,2075.0,3,5542.168674698795,11500000.0
Super built-up  Area,Ready To Move,Kundalahalli,2 BHK,Dieldli,1047,2.0,1.0,82.62,1047.0,2,7891.117478510028,8262000.0
Super built-up  Area,Ready To Move,Kundalahalli,2 BHK,Dieldli,1047,2.0,1.0,91.0,1047.0,2,8691.499522445081,9100000.0
Super built-up  Area,18-Mar,Kundalahalli,3 BHK,Dieldli,1724,3.0,1.0,146.0,1724.0,3,8468.677494199535,14600000.0
Plot  Area,Ready To Move,Kundalahalli,3 Bedroom,Roima A,1600,3.0,2.0,170.0,1600.0,3,10625.0,17000000.0
Super built-up  Area,Ready To Move,Kundalahalli,3 BHK,AnentAp,1496,2.0,3.0,78.0,1496.0,3,5213.903743315508,7800000.0
Super built-up  Area,18-Dec,Kundalahalli,3 BHK,Dieldli,1724,3.0,1.0,125.0,1724.0,3,7250.580046403712,12500000.0
Super built-up  Area,18-Jun,Kundalahalli,2 BHK,Dieldli,1047,2.0,1.0,89.0,1047.0,2,8500.477554918816,8900000.0
Plot  Area,Ready To Move,Kundalahalli,4 Bedroom,Roima A,2500,5.0,2.0,245.0,2500.0,4,9800.0,24500000.0
Super built-up  Area,18-Aug,Kundalahalli,3 BHK,Dieldli,1397,3.0,3.0,105.0,1397.0,3,7516.1059413027915,10500000.0
Built-up  Area,Ready To Move,Kundalahalli,3 BHK,,1800,3.0,2.0,110.0,1800.0,3,6111.111111111111,11000000.0
Super built-up  Area,Ready To Move,Kundalahalli,2 BHK,Dieldli,1047,2.0,1.0,72.0,1047.0,2,6876.790830945559,7200000.0
Built-up  Area,Ready To Move,Kundalahalli,4 Bedroom,Roima A,3092,4.0,3.0,230.0,3092.0,4,7438.551099611902,23000000.0
Built-up  Area,Ready To Move,Kundalahalli,2 BHK,,1065,2.0,1.0,70.0,1065.0,2,6572.769953051643,7000000.0
Super built-up  Area,18-Jun,Kundalahalli,3 BHK,Dieldli,1724,3.0,1.0,146.0,1724.0,3,8468.677494199535,14600000.0
Super built-up  Area,Ready To Move,Kundalahalli,2 BHK,Dieldli,1047,2.0,2.0,91.0,1047.0,2,8691.499522445081,9100000.0
Super built-up  Area,Ready To Move,Kundalahalli,3 BHK,Dieldli,1724,3.0,2.0,128.0,1724.0,3,7424.593967517401,12800000.0
Super built-up  Area,Ready To Move,Kundalahalli,2 BHK,Viuliap,1315,2.0,3.0,74.0,1315.0,2,5627.376425855513,7400000.0
Built-up  Area,Ready To Move,Kundalahalli,3 Bedroom,Roima A,2100,3.0,2.0,150.0,2100.0,3,7142.857142857143,15000000.0
Super built-up  Area,Ready To Move,Kundalahalli,3 BHK,Dieldli,1724,3.0,1.0,125.0,1724.0,3,7250.580046403712,12500000.0
Super built-up  Area,18-Feb,Kundalahalli,3 BHK,Dieldli,1724,3.0,3.0,140.0,1724.0,3,8120.649651972158,14000000.0
Super built-up  Area,Ready To Move,Kundalahalli,2 BHK,,1175,2.0,1.0,65.0,1175.0,2,5531.914893617021,6500000.0
Super built-up  Area,Ready To Move,Kundalahalli Colony,2 BHK,Goourta,1505,2.0,2.0,90.0,1505.0,2,5980.066445182724,9000000.0
Super built-up  Area,Ready To Move,Kundalahalli Colony,3 BHK,Goourta,2600,3.0,2.0,140.0,2600.0,3,5384.615384615385,14000000.0
Super built-up  Area,Ready To Move,Kundalahalli Colony,3 BHK,Goourta,2065,3.0,2.0,130.0,2065.0,3,6295.399515738499,13000000.0
Super built-up  Area,Ready To Move,Kundalahalli Colony,3 BHK,Goourta,1800,3.0,3.0,95.0,1800.0,3,5277.777777777777,9500000.0
Plot  Area,18-Apr,Kurubarahalli,1 Bedroom,,800,1.0,0.0,52.0,800.0,1,6500.0,5200000.0
Plot  Area,Ready To Move,Kurubarahalli,3 Bedroom,,1200,3.0,0.0,70.0,1200.0,3,5833.333333333333,7000000.0
Built-up  Area,Ready To Move,Kurubarahalli,1 Bedroom,,1200,1.0,0.0,69.0,1200.0,1,5750.0,6900000.0
Super built-up  Area,Ready To Move,Kuvempu Nagar,1 BHK,,450,1.0,1.0,25.0,450.0,1,5555.555555555556,2500000.0
Super built-up  Area,Ready To Move,Kuvempu Nagar,3 BHK,Srersas,1540,3.0,2.0,150.0,1540.0,3,9740.25974025974,15000000.0
Built-up  Area,Ready To Move,LB Shastri Nagar,2 BHK,,1184,2.0,1.0,69.0,1184.0,2,5827.7027027027025,6900000.0
Super built-up  Area,Ready To Move,LB Shastri Nagar,1 BHK,Ciisera,665,1.0,2.0,32.0,665.0,1,4812.0300751879695,3200000.0
Super built-up  Area,Ready To Move,LB Shastri Nagar,3 BHK,MCrds S,1400,2.0,2.0,80.0,1400.0,3,5714.285714285715,8000000.0
Built-up  Area,Ready To Move,LB Shastri Nagar,2 BHK,MCrds S,1200,2.0,1.0,75.0,1200.0,2,6250.0,7500000.0
Plot  Area,Ready To Move,Laggere,1 Bedroom,,1200,1.0,1.0,125.0,1200.0,1,10416.666666666666,12500000.0
Plot  Area,Ready To Move,Laggere,2 Bedroom,,1200,2.0,0.0,75.0,1200.0,2,6250.0,7500000.0
Built-up  Area,Ready To Move,Laggere,1 Bedroom,,620,2.0,0.0,48.0,620.0,1,7741.935483870968,4800000.0
Super built-up  Area,Ready To Move,Lake City,1 BHK,Prdenth,600,1.0,1.0,22.8,600.0,1,3800.0,2280000.0
Plot  Area,Ready To Move,Lakkasandra,7 Bedroom,,1500,6.0,0.0,210.0,1500.0,7,14000.0,21000000.0
Plot  Area,Ready To Move,Lakshmi Layout,4 Bedroom,,600,5.0,2.0,85.0,600.0,4,14166.666666666666,8500000.0
Super built-up  Area,Ready To Move,Lakshmiamma Garden,3 BHK,,1800,3.0,3.0,120.0,1800.0,3,6666.666666666667,12000000.0
Super built-up  Area,Ready To Move,Lakshmiamma Garden,3 BHK,,3000,3.0,1.0,265.0,3000.0,3,8833.333333333334,26500000.0
Super built-up  Area,Ready To Move,Lakshminarayana Pura,2 BHK,RothaVa,1185,2.0,2.0,75.0,1185.0,2,6329.113924050633,7500000.0
Super built-up  Area,Ready To Move,Lakshminarayana Pura,3 BHK,Puarent,1600,2.0,1.0,108.0,1600.0,3,6750.0,10800000.0
Built-up  Area,Ready To Move,Lakshminarayana Pura,2 BHK,RothaVa,1180,2.0,2.0,75.0,1180.0,2,6355.932203389831,7500000.0
Super built-up  Area,Ready To Move,Lakshminarayana Pura,2 BHK,,1172,2.0,2.0,82.0,1172.0,2,6996.587030716723,8200000.0
Built-up  Area,Ready To Move,Lakshminarayana Pura,2 BHK,RothaVa,1179,2.0,1.0,75.0,1179.0,2,6361.323155216285,7500000.0
Super built-up  Area,Ready To Move,Lakshminarayana Pura,2 BHK,RothaVa,1149,2.0,1.0,75.0,1149.0,2,6527.415143603133,7500000.0
Super built-up  Area,Ready To Move,Lakshminarayana Pura,2 BHK,Puarent,1336,2.0,2.0,100.0,1336.0,2,7485.029940119761,10000000.0
Super built-up  Area,Ready To Move,Lakshminarayana Pura,2 BHK,RothaVa,1175,2.0,2.0,75.0,1175.0,2,6382.978723404255,7500000.0
Super built-up  Area,Ready To Move,Lakshminarayana Pura,2 BHK,RothaVa,1190,2.0,1.0,75.0,1190.0,2,6302.5210084033615,7500000.0
Super built-up  Area,Ready To Move,Lakshminarayana Pura,2 BHK,,1200,2.0,1.0,75.0,1200.0,2,6250.0,7500000.0
Super built-up  Area,Ready To Move,Lakshminarayana Pura,2 BHK,RothaVa,1200,2.0,2.0,75.0,1200.0,2,6250.0,7500000.0
Built-up  Area,Ready To Move,Lakshminarayana Pura,2 BHK,RothaVa,1165,2.0,2.0,75.0,1165.0,2,6437.768240343347,7500000.0
Super built-up  Area,Ready To Move,Lakshminarayana Pura,2 BHK,RothaVa,1145,2.0,1.0,75.0,1145.0,2,6550.218340611354,7500000.0
Super built-up  Area,Ready To Move,Lakshminarayana Pura,3 BHK,RothaVa,1500,3.0,2.0,104.0,1500.0,3,6933.333333333333,10400000.0
Super built-up  Area,Ready To Move,Lakshminarayana Pura,2 BHK,,1210,2.0,2.0,75.0,1210.0,2,6198.347107438017,7500000.0
Built-up  Area,Ready To Move,Lakshminarayana Pura,2 BHK,RothaVa,1169,2.0,2.0,75.0,1169.0,2,6415.739948674081,7500000.0
Built-up  Area,Ready To Move,Lakshminarayana Pura,2 BHK,RothaVa,1200,2.0,1.0,75.0,1200.0,2,6250.0,7500000.0
Built-up  Area,Ready To Move,Lakshminarayana Pura,2 BHK,RothaVa,1172,2.0,1.0,75.0,1172.0,2,6399.317406143345,7500000.0
Super built-up  Area,Ready To Move,Lakshminarayana Pura,2 BHK,,1172,2.0,2.0,75.0,1172.0,2,6399.317406143345,7500000.0
Super built-up  Area,Ready To Move,Lakshminarayana Pura,2 BHK,RothaVa,1180,2.0,1.0,75.0,1180.0,2,6355.932203389831,7500000.0
Super built-up  Area,Ready To Move,Lakshminarayana Pura,2 BHK,RothaVa,1200,2.0,3.0,83.0,1200.0,2,6916.666666666667,8300000.0
Super built-up  Area,Ready To Move,Lakshminarayana Pura,2 BHK,RothaVa,1200,2.0,2.0,80.0,1200.0,2,6666.666666666667,8000000.0
Built-up  Area,Ready To Move,Lakshminarayana Pura,2 BHK,RothaVa,1195,2.0,1.0,75.0,1195.0,2,6276.150627615063,7500000.0
Built-up  Area,Ready To Move,Lakshminarayana Pura,2 BHK,RothaVa,1200,2.0,1.0,80.0,1200.0,2,6666.666666666667,8000000.0
Plot  Area,Ready To Move,Lakshmipura,2 Bedroom,,1200,2.0,0.0,75.0,1200.0,2,6250.0,7500000.0
Plot  Area,Ready To Move,Lal Bahadur Shastri Nagar,3 Bedroom,,2400,2.0,2.0,185.0,2400.0,3,7708.333333333333,18500000.0
Super built-up  Area,Ready To Move,Langford Town,3 BHK,,912,2.0,1.0,70.0,912.0,3,7675.438596491228,7000000.0
Super built-up  Area,Ready To Move,Langford Town,2 BHK,,1355,2.0,2.0,115.0,1355.0,2,8487.084870848708,11500000.0
Super built-up  Area,Ready To Move,Langford Town,2 BHK,,2031,2.0,2.0,200.0,2031.0,2,9847.365829640572,20000000.0
Super built-up  Area,Ready To Move,Lavelle Road,2 BHK,,1000,2.0,0.0,150.0,1000.0,2,15000.0,15000000.0
Super built-up  Area,Ready To Move,Lavelle Road,2 BHK,,985,2.0,1.0,156.0,985.0,2,15837.56345177665,15600000.0
Super built-up  Area,Ready To Move,Lavelle Road,3 BHK,,1919,3.0,0.0,300.0,1919.0,3,15633.142261594581,30000000.0
Super built-up  Area,Ready To Move,Laxmi Sagar Layout,3 BHK,DubowRa,1614,3.0,1.0,110.0,1614.0,3,6815.365551425031,11000000.0
Super built-up  Area,Ready To Move,Laxmi Sagar Layout,2 BHK,DubowRa,1140,2.0,1.0,76.0,1140.0,2,6666.666666666667,7600000.0
Plot  Area,Ready To Move,Laxmi Sagar Layout,3 Bedroom,Pudgear,3100,3.0,3.0,250.0,3100.0,3,8064.5161290322585,25000000.0
Super built-up  Area,Ready To Move,Lingadheeranahalli,3 BHK,Soiewre,1521,3.0,1.0,95.0,1521.0,3,6245.890861275477,9500000.0
Super built-up  Area,Ready To Move,Lingadheeranahalli,3 BHK,Soiewre,1511,3.0,1.0,95.0,1511.0,3,6287.22700198544,9500000.0
Super built-up  Area,Ready To Move,Lingadheeranahalli,3 BHK,Soiewre,1683,3.0,1.0,109.0,1683.0,3,6476.5300059417705,10900000.0
Super built-up  Area,Ready To Move,Lingadheeranahalli,3 BHK,Soiewre,1519,3.0,1.0,93.0,1519.0,3,6122.448979591837,9300000.0
Super built-up  Area,Ready To Move,Lingadheeranahalli,3 BHK,Soiewre,1521,3.0,1.0,94.99,1521.0,3,6245.233399079553,9499000.0
Super built-up  Area,Ready To Move,Lingadheeranahalli,3 BHK,Soiewre,1682,3.0,1.0,120.0,1682.0,3,7134.36385255648,12000000.0
Super built-up  Area,Ready To Move,Lingadheeranahalli,3 BHK,Soiewre,1521,3.0,1.0,94.71,1521.0,3,6226.824457593689,9471000.0
Super built-up  Area,Ready To Move,Lingadheeranahalli,3 BHK,Soiewre,1893,3.0,1.0,130.0,1893.0,3,6867.406233491812,13000000.0
Super built-up  Area,Ready To Move,Lingadheeranahalli,3 BHK,Soiewre,1705,3.0,1.0,110.0,1705.0,3,6451.612903225807,11000000.0
Super built-up  Area,Ready To Move,Lingadheeranahalli,4 BHK,Soiewre,2245,4.0,2.0,154.0,2245.0,4,6859.688195991092,15400000.0
Super built-up  Area,Ready To Move,Lingadheeranahalli,3 BHK,Soiewre,1682,3.0,1.0,113.0,1682.0,3,6718.192627824019,11300000.0
Super built-up  Area,Ready To Move,Lingadheeranahalli,3 BHK,Soiewre,1682,3.0,1.0,114.0,1682.0,3,6777.645659928657,11400000.0
Super built-up  Area,Ready To Move,Lingadheeranahalli,3 BHK,Soiewre,1506,3.0,1.0,95.0,1506.0,3,6308.100929614874,9500000.0
Super built-up  Area,Ready To Move,Lingadheeranahalli,3 BHK,Soiewre,1683,3.0,1.0,110.0,1683.0,3,6535.9477124183,11000000.0
Super built-up  Area,Ready To Move,Lingadheeranahalli,3 BHK,Soiewre,1684,3.0,1.0,120.0,1684.0,3,7125.890736342043,12000000.0
Super built-up  Area,Ready To Move,Lingadheeranahalli,4 BHK,Soiewre,2236,4.0,2.0,153.0,2236.0,4,6842.57602862254,15300000.0
Super built-up  Area,Ready To Move,Lingadheeranahalli,3 BHK,Soiewre,1894,4.0,1.0,114.0,1894.0,3,6019.007391763464,11400000.0
Super built-up  Area,Ready To Move,Lingadheeranahalli,4 BHK,Soiewre,2240,4.0,2.0,160.0,2240.0,4,7142.857142857143,16000000.0
Plot  Area,Ready To Move,Lingarajapuram,6 Bedroom,,600,7.0,2.0,63.0,600.0,6,10500.0,6300000.0
Super built-up  Area,Ready To Move,Lingarajapuram,2 BHK,,800,2.0,1.0,55.0,800.0,2,6875.0,5500000.0
Plot  Area,Ready To Move,Lingarajapuram,7 Bedroom,,1280,5.0,3.0,150.0,1280.0,7,11718.75,15000000.0
Plot  Area,Ready To Move,Lingarajapuram,4 Bedroom,,360,4.0,3.0,37.0,360.0,4,10277.777777777777,3700000.0
Super built-up  Area,Ready To Move,M V Extenstion,6 BHK,,900,5.0,,100.0,900.0,6,11111.111111111111,10000000.0
Super built-up  Area,Ready To Move,M V Extenstion,5 BHK,,900,5.0,,135.0,900.0,5,15000.0,13500000.0
Built-up  Area,Ready To Move,MS Pallya,3 Bedroom,,1783,3.0,1.0,115.0,1783.0,3,6449.8037016264725,11500000.0
Super built-up  Area,Ready To Move,MS Pallya,3 BHK,,1200,3.0,0.0,90.0,1200.0,3,7500.0,9000000.0
Plot  Area,Ready To Move,MS Pallya,3 Bedroom,,1100,3.0,1.0,78.0,1100.0,3,7090.909090909091,7800000.0
Plot  Area,Ready To Move,Madavara,4 Bedroom,,612,3.0,0.0,47.0,612.0,4,7679.738562091503,4700000.0
Plot  Area,Ready To Move,Madiwala,3 Bedroom,,800,2.0,2.0,80.0,800.0,3,10000.0,8000000.0
Super built-up  Area,18-Aug,Magadi Road,2 BHK,Vrenty ,1005,2.0,1.0,55.78,1005.0,2,5550.248756218905,5578000.0
Plot  Area,Ready To Move,Magadi Road,2 Bedroom,Bhgarve,1350,1.0,0.0,100.0,1350.0,2,7407.407407407408,10000000.0
Super built-up  Area,18-Aug,Magadi Road,3 BHK,Vrenty ,1052,2.0,1.0,60.0,1052.0,3,5703.42205323194,6000000.0
Super built-up  Area,18-May,Magadi Road,3 BHK,Vrenty ,1318,2.0,1.0,68.0,1318.0,3,5159.332321699545,6800000.0
Plot  Area,Ready To Move,Magadi Road,4 Bedroom,,800,4.0,,60.0,800.0,4,7500.0,6000000.0
Super built-up  Area,Ready To Move,Mahadevpura,1 BHK,,730,1.0,1.0,35.0,730.0,1,4794.520547945205,3500000.0
Super built-up  Area,Ready To Move,Mahadevpura,2 BHK,,1136,2.0,3.0,64.5,1136.0,2,5677.816901408451,6450000.0
Super built-up  Area,Ready To Move,Mahadevpura,3 BHK,Neony H,1601,3.0,2.0,95.0,1601.0,3,5933.791380387258,9500000.0
Super built-up  Area,Ready To Move,Mahadevpura,3 BHK,,1450,3.0,2.0,75.0,1450.0,3,5172.413793103448,7500000.0
Super built-up  Area,Ready To Move,Mahadevpura,3 BHK,,1505,3.0,2.0,78.0,1505.0,3,5182.724252491695,7800000.0
Plot  Area,Ready To Move,Mahalakshmi Layout,4 Bedroom,,1575,5.0,1.0,158.0,1575.0,4,10031.746031746032,15800000.0
Plot  Area,Ready To Move,Mahalakshmi Layout,5 Bedroom,,1200,5.0,1.0,200.0,1200.0,5,16666.666666666668,20000000.0
Plot  Area,Ready To Move,Mahalakshmi Layout,8 Bedroom,,1135,4.0,1.0,190.0,1135.0,8,16740.08810572687,19000000.0
Plot  Area,Ready To Move,Mahalakshmi Layout,4 Bedroom,,1200,3.0,1.0,160.0,1200.0,4,13333.333333333334,16000000.0
Super built-up  Area,Ready To Move,Mahalakshmi Layout,3 BHK,RSntsja,1200,2.0,3.0,110.0,1200.0,3,9166.666666666666,11000000.0
Super built-up  Area,Ready To Move,Mahalakshmi Layout,3 BHK,Asmosz ,1876,3.0,1.0,150.0,1876.0,3,7995.735607675906,15000000.0
Plot  Area,Ready To Move,Mahalakshmi Puram,4 Bedroom,,750,4.0,0.0,85.0,750.0,4,11333.333333333334,8500000.0
Plot  Area,Ready To Move,Mahalakshmi Puram,4 Bedroom,,1500,5.0,3.0,233.0,1500.0,4,15533.333333333334,23300000.0
Plot  Area,Ready To Move,Mahalakshmi Puram,5 Bedroom,,1550,3.0,1.0,250.0,1550.0,5,16129.032258064517,25000000.0
Super built-up  Area,Ready To Move,Makali,1 BHK,,485,1.0,1.0,15.0,485.0,1,3092.783505154639,1500000.0
Super built-up  Area,Ready To Move,Makali,1 BHK,,500,1.0,1.0,15.0,500.0,1,3000.0,1500000.0
Super built-up  Area,Ready To Move,Mallasandra,3 BHK,Puestig,1665,3.0,2.0,95.0,1665.0,3,5705.705705705705,9500000.0
Super built-up  Area,Ready To Move,Mallasandra,3 BHK,Puestig,1665,3.0,2.0,86.58,1665.0,3,5200.0,8658000.0
Super built-up  Area,Ready To Move,Mallasandra,3 BHK,Puestig,1665,3.0,2.0,86.91,1665.0,3,5219.81981981982,8691000.0
Built-up  Area,Ready To Move,Mallasandra,3 BHK,,1100,2.0,3.0,76.3,1100.0,3,6936.363636363636,7630000.0
Super built-up  Area,19-Jun,Mallathahalli,2 BHK,Siacen ,1100,2.0,2.0,64.08,1100.0,2,5825.454545454545,6408000.0
Built-up  Area,Ready To Move,Malleshpalya,3 BHK,MancyRe,1405,2.0,2.0,77.0,1405.0,3,5480.427046263345,7700000.0
Built-up  Area,Ready To Move,Malleshpalya,2 BHK,KencyRe,1421,2.0,1.0,90.0,1421.0,2,6333.56790992259,9000000.0
Super built-up  Area,Ready To Move,Malleshwaram,1 BHK,Utntspa,705,1.0,2.0,67.0,705.0,1,9503.54609929078,6700000.0
Super built-up  Area,19-Jan,Malleshwaram,7 BHK,,12000,7.0,3.0,2200.0,12000.0,7,18333.333333333332,220000000.0
Built-up  Area,Ready To Move,Malleshwaram,4 BHK,GaityEt,2500,5.0,2.0,325.0,2500.0,4,13000.0,32500000.0
Built-up  Area,Ready To Move,Malleshwaram,3 BHK,Maens G,2006,3.0,,297.0,2006.0,3,14805.583250249252,29700000.0
Super built-up  Area,Ready To Move,Malleshwaram,1 BHK,Kaamai ,686,1.0,1.0,62.5,686.0,1,9110.787172011662,6250000.0
Super built-up  Area,Ready To Move,Malleshwaram,3 BHK,Sariaat,2475,4.0,3.0,332.0,2475.0,3,13414.141414141413,33200000.0
Super built-up  Area,Ready To Move,Malleshwaram,3 BHK,Vaonyi ,2610,3.0,,399.0,2610.0,3,15287.356321839081,39900000.0
Super built-up  Area,Ready To Move,Malleshwaram,3 BHK,Sariaat,2475,4.0,3.0,320.0,2475.0,3,12929.29292929293,32000000.0
Super built-up  Area,Ready To Move,Malleshwaram,2 BHK,SrntsRV,900,2.0,1.0,95.0,900.0,2,10555.555555555555,9500000.0
Super built-up  Area,Ready To Move,Malleshwaram,2 BHK,Maens G,1420,2.0,1.0,158.0,1420.0,2,11126.760563380281,15800000.0
Built-up  Area,Ready To Move,Malleshwaram,3 BHK,Maens G,2000,3.0,2.0,250.0,2000.0,3,12500.0,25000000.0
Super built-up  Area,Ready To Move,Malleshwaram,3 BHK,Sariaat,2215,3.0,1.0,275.0,2215.0,3,12415.349887133183,27500000.0
Super built-up  Area,Ready To Move,Malleshwaram,3 BHK,,1600,3.0,3.0,160.0,1600.0,3,10000.0,16000000.0
Super built-up  Area,Ready To Move,Malleshwaram,3 BHK,Sariaat,2475,4.0,3.0,300.0,2475.0,3,12121.212121212122,30000000.0
Super built-up  Area,Ready To Move,Malleshwaram,3 BHK,Sariaat,2215 - 2475,2.0,,293.0,2345.0,3,12494.669509594883,29300000.0
Super built-up  Area,Ready To Move,Malleshwaram,3 BHK,,2600,3.0,1.0,237.0,2600.0,3,9115.384615384615,23700000.0
Super built-up  Area,Ready To Move,Malleshwaram,3 BHK,Sariaat,2215,4.0,1.0,310.0,2215.0,3,13995.48532731377,31000000.0
Super built-up  Area,Ready To Move,Malleshwaram,1 BHK,,480,1.0,1.0,60.0,480.0,1,12500.0,6000000.0
Super built-up  Area,Ready To Move,Malleshwaram,2 BHK,PantsAp,1290,2.0,1.0,120.0,1290.0,2,9302.32558139535,12000000.0
Super built-up  Area,Ready To Move,Malleshwaram,3 BHK,Sariaat,2475,4.0,3.0,326.0,2475.0,3,13171.717171717171,32600000.0
Super built-up  Area,Ready To Move,Malleshwaram,3 BHK,Sariaat,2476,3.0,3.0,337.0,2476.0,3,13610.662358642972,33700000.0
Built-up  Area,Ready To Move,Malleshwaram,2 BHK,,900,2.0,1.0,90.0,900.0,2,10000.0,9000000.0
Super built-up  Area,Ready To Move,Malleshwaram,3 BHK,Aimesya,2250,3.0,1.0,200.0,2250.0,3,8888.888888888889,20000000.0
Super built-up  Area,Ready To Move,Malleshwaram,3 BHK,Maens G,2050,4.0,,270.0,2050.0,3,13170.731707317073,27000000.0
Built-up  Area,Ready To Move,Malleshwaram,2 BHK,Beesta ,900,2.0,1.0,72.0,900.0,2,8000.0,7200000.0
Super built-up  Area,Ready To Move,Malleshwaram,1 BHK,,620,1.0,1.0,86.8,620.0,1,14000.0,8680000.0
Built-up  Area,Ready To Move,Malleshwaram,2 Bedroom,,600,1.0,0.0,68.0,600.0,2,11333.333333333334,6800000.0
Super built-up  Area,Ready To Move,Malleshwaram,3 BHK,Sariaat,2475,4.0,3.0,337.0,2475.0,3,13616.161616161617,33700000.0
Super built-up  Area,Ready To Move,Malleshwaram,3 BHK,Sariaat,2215,3.0,2.0,275.0,2215.0,3,12415.349887133183,27500000.0
Super built-up  Area,Ready To Move,Malleshwaram,3 BHK,Sariaat,2215,3.0,2.0,330.0,2215.0,3,14898.419864559819,33000000.0
Built-up  Area,Ready To Move,Malleshwaram,4 BHK,,2800,4.0,2.0,252.0,2800.0,4,9000.0,25200000.0
Plot  Area,Ready To Move,Malleshwaram,2 Bedroom,,600,1.0,0.0,90.0,600.0,2,15000.0,9000000.0
Built-up  Area,Ready To Move,Malleshwaram,3 BHK,Sariaat,2200,3.0,2.0,275.0,2200.0,3,12500.0,27500000.0
Super built-up  Area,Ready To Move,Malleshwaram,3 BHK,Sariaat,2475,4.0,3.0,326.0,2475.0,3,13171.717171717171,32600000.0
Super built-up  Area,Ready To Move,Malleshwaram,2 BHK,,302,2.0,1.0,25.0,302.0,2,8278.14569536424,2500000.0
Super built-up  Area,Ready To Move,Malleshwaram,2 BHK,Rintspa,1500,2.0,,140.0,1500.0,2,9333.333333333334,14000000.0
Super built-up  Area,Ready To Move,Malleshwaram,3 BHK,Sariaat,2475,4.0,3.0,340.0,2475.0,3,13737.373737373737,34000000.0
Super built-up  Area,Ready To Move,Malleshwaram,2 BHK,,1400,2.0,1.0,190.0,1400.0,2,13571.42857142857,19000000.0
Super built-up  Area,Ready To Move,Malleshwaram,3 BHK,Sariaat,2475,4.0,3.0,300.0,2475.0,3,12121.212121212122,30000000.0
Super built-up  Area,Ready To Move,Malleshwaram,3 BHK,Seardac,2400,3.0,2.0,380.0,2400.0,3,15833.333333333334,38000000.0
Super built-up  Area,Ready To Move,Malleshwaram,2 BHK,Rintspa,1410,2.0,3.0,125.0,1410.0,2,8865.248226950354,12500000.0
Super built-up  Area,Ready To Move,Malleshwaram,4 BHK,Apinaa ,2610,4.0,2.0,306.0,2610.0,4,11724.137931034482,30600000.0
Plot  Area,Ready To Move,Manjunath Nagar,4 Bedroom,,1200,4.0,0.0,135.0,1200.0,4,11250.0,13500000.0
Plot  Area,Ready To Move,Manjunath Nagar,5 Bedroom,,1200,5.0,1.0,185.0,1200.0,5,15416.666666666666,18500000.0
Plot  Area,Ready To Move,Manjunatha Layout,2 Bedroom,,1200,2.0,2.0,125.0,1200.0,2,10416.666666666666,12500000.0
Super built-up  Area,Ready To Move,Maragondanahalli,3 BHK,ArnzaFi,1533,3.0,2.0,85.0,1533.0,3,5544.683626875408,8500000.0
Super built-up  Area,Ready To Move,Marathahalli,3 BHK,Prionad,1933,3.0,2.0,140.0,1933.0,3,7242.628039317124,14000000.0
Super built-up  Area,Ready To Move,Marathahalli,2 BHK,Aahts H,1230,2.0,2.0,80.0,1230.0,2,6504.065040650406,8000000.0
Super built-up  Area,Ready To Move,Marathahalli,4 BHK,PueraRi,3800,4.0,3.0,250.0,3800.0,4,6578.9473684210525,25000000.0
Super built-up  Area,Ready To Move,Marathahalli,2 BHK,PuilaMi,1215,2.0,1.0,67.0,1215.0,2,5514.40329218107,6700000.0
Super built-up  Area,Ready To Move,Marathahalli,4 BHK,Sutte C,2181,3.0,2.0,152.0,2181.0,4,6969.280146721688,15200000.0
Super built-up  Area,Ready To Move,Marathahalli,3 BHK,SatatHa,1610,3.0,1.0,90.0,1610.0,3,5590.062111801242,9000000.0
Super built-up  Area,19-Dec,Marathahalli,2 BHK,PrensKe,1146,2.0,1.0,70.0,1146.0,2,6108.202443280978,7000000.0
Super built-up  Area,19-Dec,Marathahalli,3 BHK,PrensKe,1469,3.0,1.0,89.0,1469.0,3,6058.543226684819,8900000.0
Super built-up  Area,Ready To Move,Marathahalli,3 BHK,PadgeOa,1840,3.0,3.0,98.0,1840.0,3,5326.086956521739,9800000.0
Super built-up  Area,Ready To Move,Marathahalli,4 BHK,Prionad,2519,5.0,2.0,185.0,2519.0,4,7344.184200079397,18500000.0
Super built-up  Area,Ready To Move,Marathahalli,3 BHK,PueraRi,1583,3.0,3.0,105.0,1583.0,3,6632.975363234365,10500000.0
Super built-up  Area,Ready To Move,Marathahalli,4 BHK,Prionad,2524,5.0,2.0,190.0,2524.0,4,7527.733755942948,19000000.0
Built-up  Area,Ready To Move,Marathahalli,3 BHK,,1350,3.0,1.0,72.0,1350.0,3,5333.333333333333,7200000.0
Super built-up  Area,Ready To Move,Marathahalli,3 BHK,PueraRi,1900,3.0,3.0,123.0,1900.0,3,6473.684210526316,12300000.0
Super built-up  Area,Ready To Move,Marathahalli,2 BHK,,1045,2.0,3.0,60.0,1045.0,2,5741.626794258374,6000000.0
Super built-up  Area,19-Mar,Marathahalli,3 BHK,Unezes ,1305,2.0,1.0,69.0,1305.0,3,5287.35632183908,6900000.0
Super built-up  Area,Ready To Move,Marathahalli,3 BHK,Vaoodar,1785,3.0,2.0,94.0,1785.0,3,5266.106442577031,9400000.0
Super built-up  Area,Ready To Move,Marathahalli,2 BHK,,1208,2.0,2.0,70.0,1208.0,2,5794.701986754967,7000000.0
Built-up  Area,Ready To Move,Marathahalli,2 BHK,PueraRi,1325,1.0,1.0,92.0,1325.0,2,6943.396226415094,9200000.0
Built-up  Area,Ready To Move,Marathahalli,3 BHK,,1525,3.0,2.0,90.0,1525.0,3,5901.639344262295,9000000.0
Super built-up  Area,Ready To Move,Marathahalli,3 BHK,Prionad,1937,3.0,2.0,140.0,1937.0,3,7227.671657201859,14000000.0
Super built-up  Area,Ready To Move,Marathahalli,3 BHK,Valdsic,1550,3.0,2.0,83.0,1550.0,3,5354.8387096774195,8300000.0
Super built-up  Area,Ready To Move,Marathahalli,2 BHK,Asintas,1350,2.0,1.0,86.0,1350.0,2,6370.37037037037,8600000.0
Super built-up  Area,Ready To Move,Marathahalli,3 BHK,,1650,3.0,3.0,86.45,1650.0,3,5239.393939393939,8645000.0
Super built-up  Area,19-Mar,Marathahalli,1 BHK,Unezes ,607,1.0,1.0,35.0,607.0,1,5766.062602965404,3500000.0
Super built-up  Area,Ready To Move,Marathahalli,3 BHK,PueraRi,1583,3.0,3.0,109.0,1583.0,3,6885.6601389766265,10900000.0
Super built-up  Area,Ready To Move,Marathahalli,2 BHK,Prionad,1360,2.0,1.0,103.0,1360.0,2,7573.529411764706,10300000.0
Super built-up  Area,19-Dec,Marathahalli,1 BHK,PrensKe,615,1.0,1.0,44.0,615.0,1,7154.471544715447,4400000.0
Super built-up  Area,Ready To Move,Marathahalli,3 BHK,PuilaMi,1595,3.0,2.0,90.0,1595.0,3,5642.633228840125,9000000.0
Super built-up  Area,Ready To Move,Marathahalli,2 BHK,Asintas,1350,2.0,1.0,89.0,1350.0,2,6592.592592592592,8900000.0
Super built-up  Area,Ready To Move,Marathahalli,2 BHK,Aiitya ,1020,2.0,1.0,57.0,1020.0,2,5588.235294117647,5700000.0
Super built-up  Area,Ready To Move,Marathahalli,1 BHK,Asintas,780,1.0,1.0,55.0,780.0,1,7051.282051282052,5500000.0
Super built-up  Area,Ready To Move,Marathahalli,3 BHK,Asintas,1710,3.0,2.0,100.0,1710.0,3,5847.953216374269,10000000.0
Super built-up  Area,17-Jul,Marathahalli,2 BHK,Prionad,1358,2.0,1.0,81.0,1358.0,2,5964.653902798233,8100000.0
Super built-up  Area,Ready To Move,Marathahalli,2 BHK,Dwterai,1205,2.0,1.0,75.0,1205.0,2,6224.066390041494,7500000.0
Super built-up  Area,Ready To Move,Marathahalli,3 BHK,,1730,3.0,3.0,110.0,1730.0,3,6358.381502890174,11000000.0
Super built-up  Area,Ready To Move,Marathahalli,3 BHK,PueraRi,1583,3.0,3.0,115.0,1583.0,3,7264.687302590019,11500000.0
Built-up  Area,Ready To Move,Marathahalli,2 BHK,Vantsra,1200,2.0,1.0,67.0,1200.0,2,5583.333333333333,6700000.0
Built-up  Area,Ready To Move,Marathahalli,2 BHK,Palanla,1050,2.0,1.0,65.0,1050.0,2,6190.476190476191,6500000.0
Super built-up  Area,Ready To Move,Marathahalli,3 BHK,Thowsil,1130,2.0,2.0,58.0,1130.0,3,5132.743362831859,5800000.0
Super built-up  Area,Ready To Move,Marathahalli,3 BHK,Asintas,1710,3.0,2.0,100.0,1710.0,3,5847.953216374269,10000000.0
Super built-up  Area,19-Mar,Marathahalli,2 BHK,PrensKe,1152,2.0,1.0,90.0,1152.0,2,7812.5,9000000.0
Super built-up  Area,Ready To Move,Marathahalli,3 BHK,Asintas,1680,3.0,3.0,105.0,1680.0,3,6250.0,10500000.0
Super built-up  Area,Ready To Move,Marathahalli,3 BHK,,1910,3.0,3.0,119.0,1910.0,3,6230.366492146597,11900000.0
Super built-up  Area,Ready To Move,Marathahalli,2 BHK,RookaJh,1602,2.0,,104.0,1602.0,2,6491.8851435705365,10400000.0
Super built-up  Area,19-Mar,Marathahalli,1 BHK,Unezes ,700,1.0,1.0,38.0,700.0,1,5428.571428571428,3800000.0
Super built-up  Area,19-Dec,Marathahalli,3 BHK,PrensKe,1469,3.0,1.0,89.0,1469.0,3,6058.543226684819,8900000.0
Super built-up  Area,Ready To Move,Marathahalli,3 BHK,Asintas,1690,3.0,2.0,116.0,1690.0,3,6863.905325443787,11600000.0
Built-up  Area,Ready To Move,Marathahalli,3 BHK,Duals P,1693,3.0,2.0,125.0,1693.0,3,7383.343177790904,12500000.0
Super built-up  Area,Ready To Move,Marathahalli,3 BHK,Duals P,1693,3.0,1.0,125.0,1693.0,3,7383.343177790904,12500000.0
Super built-up  Area,Ready To Move,Marathahalli,3 BHK,PuilaMi,1595,3.0,2.0,88.0,1595.0,3,5517.241379310345,8800000.0
Super built-up  Area,19-Sep,Marathahalli,3 BHK,Vaeva E,2122,3.0,2.0,125.0,2122.0,3,5890.66918001885,12500000.0
Super built-up  Area,Ready To Move,Marathahalli,3 BHK,Asintas,1730,3.0,2.0,115.0,1730.0,3,6647.398843930636,11500000.0
Super built-up  Area,Ready To Move,Marathahalli,3 BHK,,1950,3.0,2.0,115.0,1950.0,3,5897.4358974358975,11500000.0
Super built-up  Area,Ready To Move,Marathahalli,2 BHK,Asintas,1350,2.0,1.0,90.0,1350.0,2,6666.666666666667,9000000.0
Super built-up  Area,Ready To Move,Marathahalli,4 BHK,Prionad,2500,5.0,2.0,175.0,2500.0,4,7000.0,17500000.0
Super built-up  Area,Ready To Move,Marathahalli,4 BHK,Asintas,3400,4.0,3.0,235.0,3400.0,4,6911.764705882353,23500000.0
Super built-up  Area,Ready To Move,Marathahalli,2 BHK,Asintas,1350,2.0,1.0,99.0,1350.0,2,7333.333333333333,9900000.0
Super built-up  Area,Ready To Move,Marathahalli,4 BHK,Prionad,2500,5.0,2.0,181.0,2500.0,4,7240.0,18100000.0
Built-up  Area,Ready To Move,Marathahalli,3 BHK,,1700,3.0,2.0,126.0,1700.0,3,7411.764705882353,12600000.0
Super built-up  Area,Ready To Move,Marathahalli,2 BHK,Xeitaa ,1270,2.0,3.0,73.0,1270.0,2,5748.031496062992,7300000.0
Super built-up  Area,Ready To Move,Marathahalli,3 BHK,Valdsic,1550,3.0,2.0,85.0,1550.0,3,5483.870967741936,8500000.0
Super built-up  Area,Ready To Move,Marathahalli,2 BHK,Saavean,1144,2.0,2.0,65.0,1144.0,2,5681.818181818182,6500000.0
Built-up  Area,Ready To Move,Marathahalli,1 BHK,RookaJh,1100,2.0,,75.0,1100.0,1,6818.181818181818,7500000.0
Super built-up  Area,18-Apr,Marathahalli,4 BHK,Prionad,2524,5.0,2.0,180.0,2524.0,4,7131.537242472266,18000000.0
Super built-up  Area,Ready To Move,Marathahalli,3 BHK,,1839,3.0,2.0,130.0,1839.0,3,7069.0592713431215,13000000.0
Super built-up  Area,19-Jan,Marathahalli,2 BHK,PrensKe,1170,2.0,2.0,85.0,1170.0,2,7264.957264957265,8500000.0
Super built-up  Area,19-Mar,Marathahalli,3 BHK,Unezes ,1108,2.0,1.0,60.0,1108.0,3,5415.162454873646,6000000.0
Super built-up  Area,Ready To Move,Marathahalli,3 BHK,NCenega,1449,3.0,2.0,110.0,1449.0,3,7591.44237405107,11000000.0
Super built-up  Area,Ready To Move,Marathahalli,2 BHK,Prionad,1360,2.0,1.0,101.0,1360.0,2,7426.470588235294,10100000.0
Super built-up  Area,Ready To Move,Marathahalli,3 BHK,Vaoodar,1800,3.0,2.0,95.0,1800.0,3,5277.777777777777,9500000.0
Super built-up  Area,Ready To Move,Marathahalli,3 BHK,Vaoodar,1650,3.0,2.0,85.0,1650.0,3,5151.515151515152,8500000.0
Built-up  Area,Ready To Move,Marathahalli,2 BHK,Aantspa,1270,2.0,2.0,80.0,1270.0,2,6299.212598425197,8000000.0
Built-up  Area,Ready To Move,Marathahalli,3 BHK,,1485,2.0,2.0,90.0,1485.0,3,6060.606060606061,9000000.0
Super built-up  Area,19-Dec,Marathahalli,2 BHK,PrensKe,1146,2.0,1.0,69.0,1146.0,2,6020.942408376964,6900000.0
Super built-up  Area,18-Apr,Marenahalli,1 BHK,,840,1.0,0.0,75.0,840.0,1,8928.57142857143,7500000.0
Plot  Area,Ready To Move,Margondanahalli,2 Bedroom,,1200,2.0,0.0,67.0,1200.0,2,5583.333333333333,6700000.0
Plot  Area,Ready To Move,Margondanahalli,3 Bedroom,,1200,2.0,0.0,65.0,1200.0,3,5416.666666666667,6500000.0
Plot  Area,Ready To Move,Margondanahalli,2 Bedroom,,1000,2.0,0.0,57.0,1000.0,2,5700.0,5700000.0
Plot  Area,Ready To Move,Margondanahalli,2 Bedroom,,555,1.0,0.0,37.0,555.0,2,6666.666666666667,3700000.0
Plot  Area,Ready To Move,Margondanahalli,2 Bedroom,,600,2.0,0.0,35.0,600.0,2,5833.333333333333,3500000.0
Plot  Area,18-May,Margondanahalli,2 Bedroom,,1200,2.0,0.0,69.0,1200.0,2,5750.0,6900000.0
Plot  Area,Ready To Move,Margondanahalli,2 Bedroom,,900,2.0,0.0,55.0,900.0,2,6111.111111111111,5500000.0
Built-up  Area,Ready To Move,Margondanahalli,2 Bedroom,,900,2.0,0.0,65.0,900.0,2,7222.222222222223,6500000.0
Plot  Area,Ready To Move,Margondanahalli,2 Bedroom,,900,2.0,0.0,55.0,900.0,2,6111.111111111111,5500000.0
Plot  Area,Ready To Move,Margondanahalli,2 Bedroom,,1152,1.0,0.0,66.0,1152.0,2,5729.166666666667,6600000.0
Plot  Area,18-May,Margondanahalli,2 Bedroom,,1050,2.0,0.0,58.0,1050.0,2,5523.809523809524,5800000.0
Plot  Area,Ready To Move,Margondanahalli,2 Bedroom,,1160,2.0,1.0,65.0,1160.0,2,5603.448275862069,6500000.0
Plot  Area,18-May,Marsur,3 Bedroom,MGave E,1000,4.0,3.0,66.0,1000.0,3,6600.0,6600000.0
Plot  Area,Ready To Move,Marsur,4 Bedroom,AreraRe,1800,4.0,2.0,145.0,1800.0,4,8055.555555555556,14500000.0
Plot  Area,Ready To Move,Marsur,3 Bedroom,AreraRe,1200,3.0,1.0,90.0,1200.0,3,7500.0,9000000.0
Built-up  Area,Ready To Move,Maruthi Nagar,2 BHK,,1158,2.0,3.0,75.0,1158.0,2,6476.683937823835,7500000.0
Built-up  Area,Ready To Move,Maruthi Sevanagar,4 Bedroom,,1280,4.0,1.0,115.0,1280.0,4,8984.375,11500000.0
Built-up  Area,Ready To Move,Maruthi Sevanagar,2 BHK,,933,2.0,0.0,55.0,933.0,2,5894.962486602358,5500000.0
Plot  Area,Ready To Move,Maruthi Sevanagar,4 Bedroom,,2000,3.0,1.0,180.0,2000.0,4,9000.0,18000000.0
Plot  Area,Ready To Move,Mathikere,3 Bedroom,,1550,2.0,1.0,150.0,1550.0,3,9677.41935483871,15000000.0
Super built-up  Area,Ready To Move,Mathikere,3 BHK,Dovel M,1590,3.0,0.0,120.0,1590.0,3,7547.169811320755,12000000.0
Carpet  Area,Ready To Move,Mathikere,3 BHK,,1150,2.0,0.0,60.0,1150.0,3,5217.391304347826,6000000.0
Super built-up  Area,Ready To Move,Mathikere,2 BHK,CSncele,1500,2.0,2.0,130.0,1500.0,2,8666.666666666666,13000000.0
Plot  Area,Ready To Move,Mathikere,3 Bedroom,,1350,2.0,0.0,175.0,1350.0,3,12962.962962962964,17500000.0
Plot  Area,Ready To Move,Mathikere Extension,3 Bedroom,,3000,3.0,0.0,250.0,3000.0,3,8333.333333333334,25000000.0
Built-up  Area,18-May,Mathikere Extension,4 Bedroom,,2000,2.0,1.0,160.0,2000.0,4,8000.0,16000000.0
Built-up  Area,Ready To Move,Medahalli,1 Bedroom,,700,1.0,0.0,41.0,700.0,1,5857.142857142857,4100000.0
Plot  Area,Ready To Move,Medahalli,3 Bedroom,,1065,3.0,1.0,72.0,1065.0,3,6760.56338028169,7200000.0
Plot  Area,17-May,Meenakunte,3 Bedroom,Sreat R,4050,3.0,2.0,280.0,4050.0,3,6913.580246913581,28000000.0
Plot  Area,Ready To Move,Meenakunte,3 Bedroom,Sreat R,3900,3.0,3.0,250.0,3900.0,3,6410.25641025641,25000000.0
Super built-up  Area,Ready To Move,Mico Layout,1 BHK,Coora S,800,1.0,1.0,29.5,800.0,1,3687.5,2950000.0
Plot  Area,Ready To Move,Moodalapalya,1 Bedroom,,600,1.0,0.0,52.0,600.0,1,8666.666666666666,5200000.0
Plot  Area,Ready To Move,Moodalapalya,1 Bedroom,,410,1.0,1.0,48.0,410.0,1,11707.317073170732,4800000.0
Super built-up  Area,Ready To Move,Munivenkatppa Layout,2 BHK,SNiew L,1550,2.0,3.0,160.0,1550.0,2,10322.58064516129,16000000.0
Built-up  Area,Ready To Move,Munivenkatppa Layout,2 BHK,SNiew L,1475,2.0,2.0,171.0,1475.0,2,11593.22033898305,17100000.0
Super built-up  Area,Ready To Move,Munivenkatppa Layout,4 BHK,SNiew L,2375,3.0,,260.0,2375.0,4,10947.368421052632,26000000.0
Super built-up  Area,Ready To Move,Munivenkatppa Layout,4 BHK,SNiew L,3700,4.0,2.0,314.0,3700.0,4,8486.486486486487,31400000.0
Super built-up  Area,Ready To Move,Munnekollal,2 BHK,Keids O,1210,2.0,3.0,75.0,1210.0,2,6198.347107438017,7500000.0
Built-up  Area,Ready To Move,Munnekollal,3 BHK,JRarlPe,1222,3.0,2.0,95.0,1222.0,3,7774.140752864158,9500000.0
Built-up  Area,Ready To Move,Murugeshpalya,2 BHK,Gentson,1296,2.0,,81.0,1296.0,2,6250.0,8100000.0
Super built-up  Area,Ready To Move,Murugeshpalya,3 BHK,IBaveen,2135,3.0,2.0,160.0,2135.0,3,7494.145199063232,16000000.0
Super built-up  Area,Ready To Move,Murugeshpalya,2 BHK,Rallaa ,1185,2.0,1.0,85.0,1185.0,2,7172.995780590717,8500000.0
Super built-up  Area,Ready To Move,Murugeshpalya,3 BHK,Vestas ,1855,3.0,3.0,96.0,1855.0,3,5175.202156334231,9600000.0
Super built-up  Area,Ready To Move,Murugeshpalya,2 BHK,Sahtsi ,1175,2.0,2.0,75.0,1175.0,2,6382.978723404255,7500000.0
Super built-up  Area,Ready To Move,Muthurayya Swamy Layout,3 BHK,MacleK ,2405,4.0,2.0,260.0,2405.0,3,10810.81081081081,26000000.0
Super built-up  Area,Ready To Move,Mysore Highway,1 BHK,,700,1.0,1.0,25.5,700.0,1,3642.8571428571427,2550000.0
Super built-up  Area,Ready To Move,Mysore Road,2 BHK,PrntaEn,1175,2.0,2.0,73.5,1175.0,2,6255.31914893617,7350000.0
Super built-up  Area,19-Apr,Mysore Road,3 BHK,Brama P,1710,4.0,2.0,91.31,1710.0,3,5339.766081871345,9131000.0
Super built-up  Area,Ready To Move,Mysore Road,2 BHK,PrntaEn,1200,2.0,1.0,85.0,1200.0,2,7083.333333333333,8500000.0
Super built-up  Area,19-Jan,Mysore Road,2 BHK,,1175,2.0,1.0,73.5,1175.0,2,6255.31914893617,7350000.0
Super built-up  Area,Ready To Move,Mysore Road,2 BHK,Srkha S,1060,2.0,1.0,62.0,1060.0,2,5849.056603773585,6200000.0
Super built-up  Area,Ready To Move,Mysore Road,3 BHK,,1525,3.0,2.0,96.0,1525.0,3,6295.081967213115,9600000.0
Super built-up  Area,Ready To Move,Mysore Road,3 BHK,SaodySa,1512,2.0,2.0,110.0,1512.0,3,7275.132275132275,11000000.0
Super built-up  Area,18-Apr,Mysore Road,3 BHK,PrntaEn,1560,3.0,1.0,115.0,1560.0,3,7371.794871794872,11500000.0
Super built-up  Area,Ready To Move,Mysore Road,3 BHK,PrntaEn,1560,3.0,2.0,120.0,1560.0,3,7692.307692307692,12000000.0
Plot  Area,Ready To Move,Mysore Road,2 Bedroom,SrageGl,900,2.0,0.0,65.0,900.0,2,7222.222222222223,6500000.0
Built-up  Area,Ready To Move,Mysore Road,2 BHK,PrawnRa,883,2.0,1.0,50.0,883.0,2,5662.5141562853905,5000000.0
Super built-up  Area,Ready To Move,Mysore Road,2 BHK,SaodySa,1237,2.0,2.0,73.0,1237.0,2,5901.3742926434925,7300000.0
Super built-up  Area,Ready To Move,Mysore Road,2 BHK,,1170,2.0,2.0,65.0,1170.0,2,5555.555555555556,6500000.0
Super built-up  Area,Ready To Move,Mysore Road,2 BHK,PrntaEn,947.55,2.0,1.0,80.0,947.55,2,8442.826236082528,8000000.0
Super built-up  Area,Ready To Move,Mysore Road,3 BHK,SaodySa,1568,2.0,2.0,100.0,1568.0,3,6377.551020408163,10000000.0
Super built-up  Area,18-May,Mysore Road,3 BHK,Brama P,1410 - 1710,2.0,,83.3,1560.0,3,5339.74358974359,8330000.0
Built-up  Area,Ready To Move,Mysore Road,1 BHK,,500,1.0,1.0,17.5,500.0,1,3500.0,1750000.0
Built-up  Area,Ready To Move,Mysore Road,2 BHK,PrntaEn,1175,2.0,2.0,70.5,1175.0,2,6000.0,7050000.0
Super built-up  Area,19-Jan,Mysore Road,3 BHK,PrntaEn,1248.52,3.0,2.0,115.0,1248.52,3,9210.90571236344,11500000.0
Super built-up  Area,Ready To Move,Mysore Road,3 BHK,,1080,2.0,1.0,60.0,1080.0,3,5555.555555555556,6000000.0
Super built-up  Area,Ready To Move,Mysore Road,2 BHK,PrntaEn,1175,2.0,2.0,86.68,1175.0,2,7377.021276595745,8668000.0
Plot  Area,Ready To Move,NRI Layout,4 Bedroom,,1200,4.0,0.0,95.0,1200.0,4,7916.666666666667,9500000.0
Plot  Area,Ready To Move,NRI Layout,2 Bedroom,,1250,2.0,0.0,75.0,1250.0,2,6000.0,7500000.0
Plot  Area,Ready To Move,NS Palya,8 Bedroom,,1500,10.0,3.0,165.0,1500.0,8,11000.0,16500000.0
Plot  Area,Ready To Move,NS Palya,2 Bedroom,,2000,2.0,1.0,160.0,2000.0,2,8000.0,16000000.0
Plot  Area,Ready To Move,Nagadevanahalli,4 Bedroom,,1350,4.0,2.0,145.0,1350.0,4,10740.74074074074,14500000.0
Super built-up  Area,Ready To Move,Nagadevanahalli,3 BHK,,1250,2.0,2.0,65.0,1250.0,3,5200.0,6500000.0
Plot  Area,Ready To Move,Nagadevanahalli,2 Bedroom,,2400,2.0,2.0,135.0,2400.0,2,5625.0,13500000.0
Super built-up  Area,Ready To Move,Nagadevanahalli,3 BHK,,1240,2.0,2.0,65.0,1240.0,3,5241.935483870968,6500000.0
Super built-up  Area,Ready To Move,Nagadevanahalli,3 BHK,Gaenty ,1240,2.0,2.0,65.0,1240.0,3,5241.935483870968,6500000.0
Plot  Area,17-Aug,Nagadevanahalli,4 Bedroom,,1050,3.0,3.0,85.0,1050.0,4,8095.238095238095,8500000.0
Plot  Area,Ready To Move,Naganathapura,1 Bedroom,,600,1.0,0.0,33.0,600.0,1,5500.0,3300000.0
Built-up  Area,Ready To Move,Naganathapura,1 Bedroom,,1200,1.0,0.0,39.82,1200.0,1,3318.3333333333335,3982000.0
Built-up  Area,Ready To Move,Nagaraja Garden,3 BHK,,1430,3.0,1.0,78.65,1430.0,3,5500.000000000001,7865000.000000001
Built-up  Area,Ready To Move,Nagaraja Garden,3 BHK,,1430,2.0,1.0,78.65,1430.0,3,5500.000000000001,7865000.000000001
Built-up  Area,Ready To Move,Nagarbhavi,3 BHK,,1630,2.0,1.0,98.0,1630.0,3,6012.269938650306,9800000.0
Plot  Area,Ready To Move,Nagarbhavi,3 Bedroom,,1350,3.0,2.0,150.0,1350.0,3,11111.111111111111,15000000.0
Plot  Area,Ready To Move,Nagarbhavi,2 Bedroom,,1200,2.0,1.0,150.0,1200.0,2,12500.0,15000000.0
Built-up  Area,Ready To Move,Nagarbhavi,3 Bedroom,,2400,3.0,0.0,160.0,2400.0,3,6666.666666666667,16000000.0
Plot  Area,Ready To Move,Nagarbhavi,4 Bedroom,,600,2.0,1.0,100.0,600.0,4,16666.666666666668,10000000.0
Plot  Area,Ready To Move,Nagarbhavi,3 Bedroom,,600,2.0,1.0,80.0,600.0,3,13333.333333333334,8000000.0
Plot  Area,Ready To Move,Nagarbhavi,3 Bedroom,,600,3.0,2.0,100.0,600.0,3,16666.666666666668,10000000.0
Plot  Area,18-Apr,Nagarbhavi,3 Bedroom,,600,3.0,1.0,83.0,600.0,3,13833.333333333334,8300000.0
Plot  Area,Ready To Move,Nagarbhavi,2 Bedroom,,1200,2.0,1.0,150.0,1200.0,2,12500.0,15000000.0
Built-up  Area,Ready To Move,Nagarbhavi,3 BHK,Vaows M,1400,2.0,1.0,85.0,1400.0,3,6071.428571428572,8500000.0
Super built-up  Area,Ready To Move,Nagarbhavi,3 BHK,Deens G,1515,2.0,1.0,79.0,1515.0,3,5214.521452145214,7900000.0
Carpet  Area,Ready To Move,Nagarbhavi,1 BHK,,300,1.0,1.0,20.0,300.0,1,6666.666666666667,2000000.0
Plot  Area,Ready To Move,Nagarbhavi,4 Bedroom,,1250,3.0,0.0,175.0,1250.0,4,14000.0,17500000.0
Built-up  Area,Ready To Move,Nagarbhavi,1 BHK,MaentNa,710,2.0,2.0,40.0,710.0,1,5633.802816901409,4000000.0
Built-up  Area,Ready To Move,Nagarbhavi,2 BHK,,1050,2.0,1.0,80.0,1050.0,2,7619.047619047619,8000000.0
Plot  Area,Ready To Move,Nagarbhavi,3 Bedroom,,800,3.0,0.0,95.0,800.0,3,11875.0,9500000.0
Plot  Area,18-Apr,Nagarbhavi,4 Bedroom,,600,5.0,3.0,95.0,600.0,4,15833.333333333334,9500000.0
Carpet  Area,Ready To Move,Nagarbhavi,3 BHK,,1200,4.0,2.0,205.0,1200.0,3,17083.333333333332,20500000.0
Plot  Area,Ready To Move,Nagarbhavi,3 Bedroom,,1050,3.0,1.0,175.0,1050.0,3,16666.666666666668,17500000.0
Plot  Area,Ready To Move,Nagarbhavi,4 Bedroom,,600,3.0,0.0,77.0,600.0,4,12833.333333333334,7700000.0
Built-up  Area,Ready To Move,Nagarbhavi,2 Bedroom,,1250,3.0,0.0,170.0,1250.0,2,13600.0,17000000.0
Super built-up  Area,Ready To Move,Nagarbhavi,3 BHK,Deens G,1635,3.0,3.0,85.0,1635.0,3,5198.7767584097855,8500000.0
Super built-up  Area,Ready To Move,Nagarbhavi,3 BHK,,1400,2.0,2.0,135.0,1400.0,3,9642.857142857143,13500000.0
Built-up  Area,Ready To Move,Nagarbhavi,4 Bedroom,,1800,3.0,0.0,180.0,1800.0,4,10000.0,18000000.0
Plot  Area,Ready To Move,Nagarbhavi,4 Bedroom,,600,4.0,1.0,78.0,600.0,4,13000.0,7800000.0
Plot  Area,Ready To Move,Nagarbhavi,4 Bedroom,,600,3.0,2.0,100.0,600.0,4,16666.666666666668,10000000.0
Super built-up  Area,Ready To Move,Nagasandra,3 BHK,,1470,2.0,2.0,110.0,1470.0,3,7482.993197278912,11000000.0
Plot  Area,Ready To Move,Nagasandra,4 Bedroom,,1310,3.0,3.0,95.0,1310.0,4,7251.908396946565,9500000.0
Built-up  Area,Ready To Move,Nagasandra,4 Bedroom,,7000,8.0,,450.0,7000.0,4,6428.571428571428,45000000.0
Super built-up  Area,Ready To Move,Nagasandra,3 BHK,,1650,3.0,2.0,95.0,1650.0,3,5757.575757575758,9500000.0
Plot  Area,Ready To Move,Nagasandra,2 Bedroom,,1500,2.0,0.0,91.0,1500.0,2,6066.666666666667,9100000.0
Plot  Area,Ready To Move,Nagashetty Halli,4 Bedroom,,1386,3.0,2.0,93.0,1386.0,4,6709.95670995671,9300000.0
Plot  Area,Ready To Move,Nagavara,1 Bedroom,,400,1.0,0.0,14.0,400.0,1,3500.0,1400000.0
Super built-up  Area,Ready To Move,Nagavara,3 BHK,,2319,3.0,2.0,180.0,2319.0,3,7761.966364812419,18000000.0
Super built-up  Area,Ready To Move,Nagavara,3 BHK,,2430,4.0,3.0,180.0,2430.0,3,7407.407407407408,18000000.0
Plot  Area,Ready To Move,Nagavara,3 Bedroom,,440,3.0,1.0,35.0,440.0,3,7954.545454545455,3500000.0
Super built-up  Area,17-Dec,Nagavarapalya,2 BHK,PuonsSe,1392,2.0,1.0,99.0,1392.0,2,7112.068965517241,9900000.0
Super built-up  Area,Ready To Move,Nagavarapalya,1 BHK,PuonsSe,705,1.0,1.0,52.5,705.0,1,7446.808510638298,5250000.0
Super built-up  Area,Ready To Move,Nagavarapalya,3 BHK,Giconal,1300,3.0,1.0,80.0,1300.0,3,6153.846153846154,8000000.0
Super built-up  Area,Ready To Move,Nagavarapalya,1 BHK,PuonsSe,705,1.0,1.0,57.0,705.0,1,8085.106382978724,5700000.0
Super built-up  Area,Ready To Move,Nagavarapalya,1 BHK,PuonsSe,705,1.0,1.0,55.0,705.0,1,7801.418439716312,5500000.0
Super built-up  Area,18-Jan,Nagavarapalya,1 BHK,PuonsSe,705,1.0,1.0,57.0,705.0,1,8085.106382978724,5700000.0
Super built-up  Area,Ready To Move,Nagavarapalya,2 BHK,Goeenes,1335,2.0,3.0,110.0,1335.0,2,8239.700374531834,11000000.0
Super built-up  Area,Ready To Move,Nagavarapalya,2 BHK,,1260,2.0,2.0,85.5,1260.0,2,6785.714285714285,8550000.0
Built-up  Area,Ready To Move,Nagawara Junction,4 BHK,,3500,4.0,2.0,245.0,3500.0,4,7000.0,24500000.0
Super built-up  Area,18-May,Nagawara Junction,4 BHK,,3602,4.0,,280.0,3602.0,4,7773.459189339256,28000000.0
Super built-up  Area,Ready To Move,Nagawara Junction,1 BHK,,500,1.0,2.0,51.0,500.0,1,10200.0,5100000.0
Super built-up  Area,Ready To Move,Naidu Layout,3 BHK,,1350,3.0,2.0,81.0,1350.0,3,6000.0,8100000.0
Super built-up  Area,Ready To Move,Nallurhalli,3 BHK,DNtonri,1520,3.0,3.0,80.0,1520.0,3,5263.1578947368425,8000000.0
Super built-up  Area,17-Jun,Nallurhalli,2 BHK,Mauil T,1044,2.0,1.0,60.0,1044.0,2,5747.126436781609,6000000.0
Super built-up  Area,Ready To Move,Nallurhalli,3 BHK,Adevo S,1620,3.0,3.0,95.0,1620.0,3,5864.197530864198,9500000.0
Super built-up  Area,18-May,Nallurhalli,2 BHK,CMoneoo,1100,2.0,1.0,62.0,1100.0,2,5636.363636363636,6200000.0
Built-up  Area,Ready To Move,Nandini Layout,2 Bedroom,,1200,2.0,1.0,110.0,1200.0,2,9166.666666666666,11000000.0
Super built-up  Area,Ready To Move,Narayanapura,2 BHK,AriosHe,1308,2.0,2.0,89.04,1308.0,2,6807.339449541284,8904000.0
Super built-up  Area,Ready To Move,Narayanapura,3 BHK,Veodsar,1566,3.0,1.0,83.3,1566.0,3,5319.284802043423,8330000.0
Built-up  Area,Ready To Move,Narayanapura,3 BHK,,1485,3.0,2.0,85.0,1485.0,3,5723.905723905724,8500000.0
Super built-up  Area,Ready To Move,Narayanapura,2 BHK,AriosHe,1308,2.0,1.0,89.04,1308.0,2,6807.339449541284,8904000.0
Super built-up  Area,Ready To Move,Narayanapura,3 BHK,AriosHe,2357,3.0,2.0,135.0,2357.0,3,5727.619855748833,13500000.0
Super built-up  Area,Ready To Move,Narayanapura,3 BHK,AriosHe,2357,3.0,2.0,135.0,2357.0,3,5727.619855748833,13500000.0
Super built-up  Area,Ready To Move,Narayanapura,2 BHK,AriosHe,1469,2.0,2.0,99.14,1469.0,2,6748.8087134104835,9914000.0
Super built-up  Area,Ready To Move,Nayandanahalli,2 BHK,Rarelt ,985,2.0,1.0,55.0,985.0,2,5583.756345177665,5500000.0
Super built-up  Area,Ready To Move,Nayandanahalli,2 BHK,Rarelt ,1035,2.0,2.0,60.0,1035.0,2,5797.101449275362,6000000.0
Super built-up  Area,Ready To Move,Near International Airport,4 BHK,,2100,4.0,2.0,150.0,2100.0,4,7142.857142857143,15000000.0
Super built-up  Area,Ready To Move,Neeladri Nagar,3 BHK,GeereEc,2556,3.0,2.0,133.0,2556.0,3,5203.442879499217,13300000.0
Super built-up  Area,Ready To Move,Neeladri Nagar,1 BHK,Guenoa ,674,1.0,1.0,21.0,674.0,1,3115.727002967359,2100000.0
Built-up  Area,Ready To Move,Neeladri Nagar,1 BHK,AdingSV,527,1.0,0.0,26.0,527.0,1,4933.586337760911,2600000.0
Built-up  Area,Ready To Move,Neeladri Nagar,1 BHK,Guenoa ,640,1.0,1.0,20.5,640.0,1,3203.125,2050000.0
Built-up  Area,Ready To Move,Neelamangala,2 BHK,,1163,2.0,2.0,68.0,1163.0,2,5846.947549441101,6800000.0
Super built-up  Area,Ready To Move,Nehru Nagar,3 BHK,Ceste C,1775,3.0,3.0,110.0,1775.0,3,6197.183098591549,11000000.0
Built-up  Area,Ready To Move,Nehru Nagar,3 BHK,Undge T,1374,3.0,2.0,72.0,1374.0,3,5240.174672489083,7200000.0
Super built-up  Area,Ready To Move,Nehru Nagar,3 BHK,Veyalin,1674,3.0,,90.0,1674.0,3,5376.344086021505,9000000.0
Super built-up  Area,Ready To Move,New Gurappana Palya,3 BHK,,2000,4.0,,130.0,2000.0,3,6500.0,13000000.0
Built-up  Area,Ready To Move,New Gurappana Palya,5 BHK,,3000,4.0,0.0,300.0,3000.0,5,10000.0,30000000.0
Plot  Area,Ready To Move,New Thippasandra,4 Bedroom,,817,2.0,1.0,120.0,817.0,4,14687.882496940025,12000000.0
Super built-up  Area,Ready To Move,New Thippasandra,3 BHK,Srmitev,1500,3.0,3.0,95.0,1500.0,3,6333.333333333333,9500000.0
Plot  Area,Ready To Move,New Thippasandra,6 Bedroom,,2400,6.0,3.0,400.0,2400.0,6,16666.666666666668,40000000.0
Built-up  Area,Ready To Move,New Thippasandra,2 BHK,Saeraep,1020,2.0,1.0,70.0,1020.0,2,6862.745098039216,7000000.0
Super built-up  Area,Ready To Move,Ngef Layout,3 BHK,,1415,3.0,3.0,78.0,1415.0,3,5512.367491166077,7800000.0
Plot  Area,Ready To Move,Ngef Layout,2 Bedroom,,3000,2.0,0.0,510.0,3000.0,2,17000.0,51000000.0
Super built-up  Area,Ready To Move,OLd Gurappanapalya,3 BHK,SoliaMa,2000,3.0,2.0,160.0,2000.0,3,8000.0,16000000.0
Super built-up  Area,Ready To Move,OLd Gurappanapalya,4 BHK,SoliaMa,2849,5.0,,250.0,2849.0,4,8775.008775008775,25000000.0
Built-up  Area,Ready To Move,OLd Gurappanapalya,3 BHK,SoliaMa,1942,3.0,1.0,155.0,1942.0,3,7981.462409886714,15500000.0
Super built-up  Area,Ready To Move,OMBR Layout,3 BHK,Inntsa ,2420,3.0,2.0,185.0,2420.0,3,7644.628099173554,18500000.0
Built-up  Area,Ready To Move,OMBR Layout,2 BHK,,1078,2.0,3.0,65.0,1078.0,2,6029.684601113173,6500000.0
Super built-up  Area,Ready To Move,OMBR Layout,2 BHK,,1101,2.0,2.0,65.5,1101.0,2,5949.13714804723,6550000.0
Super built-up  Area,Ready To Move,OMBR Layout,2 BHK,,1041,2.0,2.0,65.5,1041.0,2,6292.026897214217,6550000.0
Super built-up  Area,Ready To Move,OMBR Layout,2 BHK,Drerspe,1300,2.0,2.0,80.0,1300.0,2,6153.846153846154,8000000.0
Plot  Area,Ready To Move,OMBR Layout,5 Bedroom,,2400,5.0,3.0,275.0,2400.0,5,11458.333333333334,27500000.0
Super built-up  Area,Ready To Move,OMBR Layout,2 BHK,,1085,2.0,1.0,64.0,1085.0,2,5898.617511520737,6400000.0
Super built-up  Area,Ready To Move,OMBR Layout,3 BHK,,1855,3.0,2.0,145.0,1855.0,3,7816.711590296496,14500000.0
Super built-up  Area,Ready To Move,OMBR Layout,3 BHK,Inntsa ,1730,3.0,1.0,93.0,1730.0,3,5375.722543352601,9300000.0
Super built-up  Area,Ready To Move,OMBR Layout,2 BHK,,1165,2.0,2.0,88.5,1165.0,2,7596.56652360515,8850000.0
Super built-up  Area,Ready To Move,OMBR Layout,2 BHK,,1101,2.0,2.0,66.0,1101.0,2,5994.550408719346,6600000.0
Super built-up  Area,Ready To Move,OMBR Layout,4 BHK,,3400,4.0,2.0,275.0,3400.0,4,8088.235294117647,27500000.0
Super built-up  Area,18-May,Old Airport Road,4 BHK,Jaades ,2732,4.0,,204.0,2732.0,4,7467.0571010248905,20400000.0
Built-up  Area,Ready To Move,Old Airport Road,3 BHK,Trnce A,1875,2.0,2.0,110.0,1875.0,3,5866.666666666667,11000000.0
Super built-up  Area,18-Dec,Old Airport Road,4 BHK,Jaades ,3356,4.0,,251.0,3356.0,4,7479.141835518474,25100000.0
Super built-up  Area,Ready To Move,Old Airport Road,2 BHK,Vadel C,1206,2.0,3.0,75.0,1206.0,2,6218.905472636816,7500000.0
Super built-up  Area,18-May,Old Airport Road,4 BHK,Jaades ,2774,4.0,,207.0,2774.0,4,7462.148521989906,20700000.0
Super built-up  Area,18-Dec,Old Airport Road,4 BHK,Jaades ,2690,4.0,3.0,191.0,2690.0,4,7100.371747211896,19100000.0
Super built-up  Area,18-May,Old Airport Road,4 BHK,Jaades ,2690,4.0,3.0,199.0,2690.0,4,7397.769516728625,19900000.0
Super built-up  Area,18-May,Old Airport Road,2 BHK,Jaades ,1655,2.0,1.0,97.65,1655.0,2,5900.302114803625,9765000.0
Super built-up  Area,Ready To Move,Old Airport Road,2 BHK,,1075,2.0,2.0,60.0,1075.0,2,5581.395348837209,6000000.0
Built-up  Area,Ready To Move,Old Airport Road,3 BHK,,1858,2.0,1.0,167.0,1858.0,3,8988.15931108719,16700000.0
Super built-up  Area,Ready To Move,Old Airport Road,2 BHK,FlsicFl,1150,2.0,1.0,90.0,1150.0,2,7826.086956521739,9000000.0
Super built-up  Area,18-Dec,Old Airport Road,4 BHK,Jaades ,2690,4.0,3.0,191.0,2690.0,4,7100.371747211896,19100000.0
Super built-up  Area,21-Dec,Old Airport Road,4 BHK,Jaades ,2658,5.0,3.0,187.0,2658.0,4,7035.364936042137,18700000.0
Super built-up  Area,Ready To Move,Old Airport Road,2 BHK,,946,2.0,2.0,58.0,946.0,2,6131.0782241014795,5800000.0
Super built-up  Area,18-Dec,Old Airport Road,4 BHK,Jaades ,2774,4.0,3.0,208.0,2774.0,4,7498.197548666186,20800000.0
Super built-up  Area,18-Dec,Old Airport Road,4 BHK,Jaades ,2774,4.0,3.0,208.0,2774.0,4,7498.197548666186,20800000.0
Built-up  Area,Ready To Move,Old Airport Road,4 BHK,,3200,4.0,,280.0,3200.0,4,8750.0,28000000.0
Super built-up  Area,18-Dec,Old Airport Road,4 BHK,Jaades ,2690,4.0,3.0,201.0,2690.0,4,7472.118959107806,20100000.0
Super built-up  Area,Ready To Move,Old Airport Road,2 BHK,,1145,2.0,2.0,75.0,1145.0,2,6550.218340611354,7500000.0
Super built-up  Area,18-Dec,Old Airport Road,4 BHK,Jaades ,2732,4.0,3.0,194.0,2732.0,4,7101.024890190337,19400000.0
Super built-up  Area,18-Dec,Old Airport Road,4 BHK,Jaades ,2658,5.0,3.0,189.0,2658.0,4,7110.609480812641,18900000.0
Super built-up  Area,18-Dec,Old Airport Road,4 BHK,Jaades ,2774,4.0,3.0,197.0,2774.0,4,7101.658255227109,19700000.0
Super built-up  Area,18-Dec,Old Airport Road,4 BHK,Jaades ,3496,4.0,,262.0,3496.0,4,7494.279176201373,26200000.0
Super built-up  Area,18-Dec,Old Airport Road,4 BHK,Jaades ,2774,4.0,3.0,197.0,2774.0,4,7101.658255227109,19700000.0
Super built-up  Area,18-May,Old Airport Road,4 BHK,Jaades ,2732,4.0,3.0,204.0,2732.0,4,7467.0571010248905,20400000.0
Super built-up  Area,Ready To Move,Old Airport Road,3 BHK,Roa 2ha,1798,3.0,,150.0,1798.0,3,8342.602892102335,15000000.0
Super built-up  Area,18-Dec,Old Airport Road,4 BHK,Jaades ,2774,4.0,3.0,208.0,2774.0,4,7498.197548666186,20800000.0
Super built-up  Area,Ready To Move,Old Airport Road,2 BHK,VSletes,1184,2.0,1.0,78.0,1184.0,2,6587.8378378378375,7800000.0
Super built-up  Area,18-Dec,Old Airport Road,4 BHK,Jaades ,3504,4.0,,262.0,3504.0,4,7477.16894977169,26200000.0
Built-up  Area,Ready To Move,Old Airport Road,2 BHK,Canoroy,1055,2.0,3.0,75.0,1055.0,2,7109.004739336493,7500000.0
Super built-up  Area,18-Aug,Old Madras Road,3 BHK,Saesttt,1425,2.0,2.0,94.0,1425.0,3,6596.491228070176,9400000.0
Super built-up  Area,Ready To Move,Old Madras Road,3 BHK,Brglede,1720,3.0,2.0,100.0,1720.0,3,5813.953488372093,10000000.0
Super built-up  Area,18-May,Old Madras Road,2 BHK,Brglede,1200,2.0,1.0,72.0,1200.0,2,6000.0,7200000.0
Super built-up  Area,Ready To Move,Old Madras Road,2 BHK,Teilsaf,1100,2.0,1.0,70.0,1100.0,2,6363.636363636364,7000000.0
Super built-up  Area,Ready To Move,Old Madras Road,3 BHK,Brica E,2760,5.0,2.0,157.0,2760.0,3,5688.405797101449,15700000.0
Super built-up  Area,18-Jun,Old Madras Road,2 BHK,Saesttt,1171,2.0,2.0,75.0,1171.0,2,6404.782237403928,7500000.0
Super built-up  Area,Ready To Move,Old Madras Road,3 BHK,Brica E,2640,5.0,1.0,142.0,2640.0,3,5378.787878787879,14200000.0
Super built-up  Area,Ready To Move,Old Madras Road,3 BHK,Brglede,1480,2.0,2.0,84.0,1480.0,3,5675.675675675676,8400000.0
Super built-up  Area,Ready To Move,Old Madras Road,3 BHK,Brica E,2990,5.0,1.0,210.0,2990.0,3,7023.411371237458,21000000.0
Super built-up  Area,Ready To Move,Old Madras Road,2 BHK,Brglede,1210,2.0,1.0,74.0,1210.0,2,6115.702479338843,7400000.0
Super built-up  Area,Ready To Move,Old Madras Road,2 BHK,Saesttt,1171,2.0,2.0,72.0,1171.0,2,6148.590947907771,7200000.0
Super built-up  Area,Ready To Move,Old Madras Road,3 BHK,Brglede,1480,3.0,2.0,95.0,1480.0,3,6418.918918918919,9500000.0
Super built-up  Area,18-May,Old Madras Road,3 BHK,Saesttt,1425,2.0,2.0,74.31,1425.0,3,5214.736842105263,7431000.0
Super built-up  Area,Ready To Move,Old Madras Road,2 BHK,Brglede,1210,2.0,1.0,80.0,1210.0,2,6611.570247933884,8000000.0
Super built-up  Area,Ready To Move,Old Madras Road,3 BHK,Sastaat,1859,3.0,2.0,121.0,1859.0,3,6508.87573964497,12100000.0
Super built-up  Area,Ready To Move,Old Madras Road,3 BHK,Brica E,2990,5.0,1.0,173.0,2990.0,3,5785.953177257525,17300000.0
Built-up  Area,Ready To Move,Old Madras Road,3 Bedroom,GRlas V,2300,3.0,2.0,142.0,2300.0,3,6173.913043478261,14200000.0
Super built-up  Area,Ready To Move,Old Madras Road,2 BHK,Brglede,1210,2.0,1.0,80.0,1210.0,2,6611.570247933884,8000000.0
Super built-up  Area,Ready To Move,Old Madras Road,2 BHK,Brglede,1210,2.0,1.0,77.0,1210.0,2,6363.636363636364,7700000.0
Super built-up  Area,Ready To Move,Old Madras Road,2 BHK,Sastaat,1330,2.0,2.0,74.0,1330.0,2,5563.909774436091,7400000.0
Super built-up  Area,Ready To Move,Old Madras Road,3 BHK,Brglede,1720,3.0,2.0,106.0,1720.0,3,6162.790697674419,10600000.0
Super built-up  Area,Ready To Move,Old Madras Road,3 BHK,Brica E,2640,5.0,1.0,150.0,2640.0,3,5681.818181818182,15000000.0
Super built-up  Area,Ready To Move,Old Madras Road,3 BHK,Brica E,2990,3.0,2.0,170.0,2990.0,3,5685.61872909699,17000000.0
Super built-up  Area,18-Apr,Old Madras Road,2 BHK,Saesttt,1171,2.0,2.0,73.0,1171.0,2,6233.98804440649,7300000.0
Super built-up  Area,Ready To Move,Old Madras Road,3 BHK,Brglede,1630,3.0,2.0,110.0,1630.0,3,6748.4662576687115,11000000.0
Super built-up  Area,18-Jun,Old Madras Road,2 BHK,Brica E,2640,2.0,1.0,170.0,2640.0,2,6439.393939393939,17000000.0
Super built-up  Area,Ready To Move,Omarbagh Layout,4 BHK,SNtua S,3300,5.0,3.0,318.0,3300.0,4,9636.363636363636,31800000.0
Super built-up  Area,Ready To Move,Omarbagh Layout,4 BHK,SNtua S,3300 - 3335,5.0,0.0,268.5,3317.5,4,8093.443858327054,26850000.0
Super built-up  Area,Ready To Move,Outer Ring Road East,2 BHK,,1198,2.0,1.0,84.0,1198.0,2,7011.686143572621,8400000.0
Plot  Area,Ready To Move,Outer Ring Road East,4 Bedroom,PrstaTe,4051,4.0,3.0,345.0,4051.0,4,8516.415699827203,34500000.0
Built-up  Area,15-Jun,Outer Ring Road East,3 BHK,SRzonhu,1500,2.0,0.0,97.0,1500.0,3,6466.666666666667,9700000.0
Plot  Area,18-May,Outer Ring Road East,3 Bedroom,PrstaTe,3664,3.0,2.0,325.0,3664.0,3,8870.087336244542,32500000.0
Built-up  Area,Ready To Move,Outer Ring Road East,3 BHK,,1738,3.0,0.0,110.0,1738.0,3,6329.113924050633,11000000.0
Built-up  Area,Ready To Move,Padmanabhanagar,2 BHK,,1020,2.0,2.0,63.0,1020.0,2,6176.470588235294,6300000.0
Super built-up  Area,Ready To Move,Padmanabhanagar,2 BHK,ACersd ,1258,2.0,2.0,115.0,1258.0,2,9141.494435612083,11500000.0
Super built-up  Area,17-Oct,Padmanabhanagar,3 BHK,,1708,2.0,1.0,90.5,1708.0,3,5298.594847775175,9050000.0
Super built-up  Area,Ready To Move,Padmanabhanagar,2 BHK,Bhise P,1100,2.0,2.0,65.0,1100.0,2,5909.090909090909,6500000.0
Super built-up  Area,Ready To Move,Padmanabhanagar,3 BHK,,1360,2.0,3.0,75.0,1360.0,3,5514.705882352941,7500000.0
Built-up  Area,Ready To Move,Padmanabhanagar,3 Bedroom,,4500,4.0,2.0,360.0,4500.0,3,8000.0,36000000.0
Super built-up  Area,18-May,Padmanabhanagar,3 BHK,,1710,2.0,2.0,90.63,1710.0,3,5300.0,9063000.0
Super built-up  Area,Ready To Move,Padmanabhanagar,2 BHK,,1000,1.0,,90.0,1000.0,2,9000.0,9000000.0
Super built-up  Area,Ready To Move,Padmanabhanagar,3 BHK,Silusti,1250,2.0,2.0,70.0,1250.0,3,5600.0,7000000.0
Super built-up  Area,18-May,Padmanabhanagar,3 BHK,,1350,3.0,1.0,71.55,1350.0,3,5300.0,7155000.0
Super built-up  Area,Ready To Move,Padmanabhanagar,3 BHK,Naasyak,1360,3.0,1.0,75.0,1360.0,3,5514.705882352941,7500000.0
Super built-up  Area,20-Dec,Padmanabhanagar,3 BHK,SollyCl,2051,3.0,1.0,180.0,2051.0,3,8776.206728425159,18000000.0
Super built-up  Area,19-Sep,Padmanabhanagar,3 BHK,SollyCl,2051,3.0,2.0,170.0,2051.0,3,8288.639687957095,17000000.0
Super built-up  Area,Ready To Move,Pai Layout,3 BHK,Saent A,1550,2.0,2.0,90.0,1550.0,3,5806.451612903225,9000000.0
Super built-up  Area,Ready To Move,Pai Layout,2 BHK,Kencyes,1255,2.0,1.0,80.0,1255.0,2,6374.501992031873,8000000.0
Plot  Area,Ready To Move,Palace Guttahalli,3 Bedroom,,660,2.0,1.0,100.0,660.0,3,15151.515151515152,10000000.0
Plot  Area,Ready To Move,Palace Guttahalli,6 Bedroom,,1680,4.0,1.0,250.0,1680.0,6,14880.952380952382,25000000.0
Plot  Area,Ready To Move,Palace Guttahalli,3 Bedroom,,875,3.0,1.0,115.0,875.0,3,13142.857142857143,11500000.0
Built-up  Area,Ready To Move,Palace Road,3 BHK,,1480,2.0,0.0,145.0,1480.0,3,9797.297297297297,14500000.0
Built-up  Area,Ready To Move,Palanahalli,4 Bedroom,RMaanSa,4346,5.0,,500.0,4346.0,4,11504.83202945237,50000000.0
Super built-up  Area,Ready To Move,Pampa Extension,2 BHK,Stensg ,1178,2.0,1.0,80.0,1178.0,2,6791.171477079796,8000000.0
Super built-up  Area,Ready To Move,Panathur,2 BHK,Prcesvy,1359,2.0,1.0,87.0,1359.0,2,6401.766004415011,8700000.0
Super built-up  Area,Ready To Move,Panathur,2 BHK,Vaesh T,1438,2.0,3.0,100.0,1438.0,2,6954.102920723227,10000000.0
Super built-up  Area,18-Feb,Panathur,3 BHK,Prcesvy,1688,3.0,1.0,118.0,1688.0,3,6990.521327014218,11800000.0
Super built-up  Area,Ready To Move,Panathur,3 BHK,,1695,3.0,1.0,90.0,1695.0,3,5309.734513274337,9000000.0
Super built-up  Area,18-May,Panathur,2 BHK,Prcesvy,1198,2.0,1.0,77.0,1198.0,2,6427.378964941569,7700000.0
Super built-up  Area,Ready To Move,Panathur,2 BHK,Arentpa,1180,2.0,1.0,70.0,1180.0,2,5932.203389830508,7000000.0
Super built-up  Area,Ready To Move,Panathur,3 BHK,SVnamnd,1546,3.0,2.0,99.0,1546.0,3,6403.622250970246,9900000.0
Super built-up  Area,Ready To Move,Panathur,3 BHK,Saite G,1370,2.0,2.0,75.0,1370.0,3,5474.4525547445255,7500000.0
Super built-up  Area,18-Feb,Panathur,2 BHK,,1000,2.0,1.0,65.3,1000.0,2,6530.0,6530000.0
Super built-up  Area,Ready To Move,Panathur,2 BHK,Suriaa ,1109,2.0,1.0,63.0,1109.0,2,5680.793507664563,6300000.0
Built-up  Area,Ready To Move,Panathur,2 BHK,,1000,2.0,1.0,68.0,1000.0,2,6800.0,6800000.0
Super built-up  Area,Ready To Move,Panathur,2 BHK,Saarep ,1255,2.0,2.0,79.0,1255.0,2,6294.820717131474,7900000.0
Super built-up  Area,Ready To Move,Panathur,2 BHK,Prcesvy,1198,2.0,1.0,82.0,1198.0,2,6844.741235392321,8200000.0
Super built-up  Area,18-Mar,Panathur,2 BHK,,1210,2.0,1.0,80.0,1210.0,2,6611.570247933884,8000000.0
Super built-up  Area,18-Feb,Panathur,2 BHK,,1210,2.0,1.0,77.0,1210.0,2,6363.636363636364,7700000.0
Built-up  Area,18-Jun,Panathur,1 BHK,,661,1.0,1.0,40.0,661.0,1,6051.437216338881,4000000.0
Super built-up  Area,17-Dec,Panathur,2 BHK,,1210,2.0,1.0,78.0,1210.0,2,6446.280991735537,7800000.0
Built-up  Area,Ready To Move,Panathur,2 BHK,,1050,2.0,2.0,60.0,1050.0,2,5714.285714285715,6000000.0
Super built-up  Area,18-May,Panathur,2 BHK,Prcesvy,1398,2.0,1.0,97.0,1398.0,2,6938.483547925608,9700000.0
Super built-up  Area,18-Jun,Panathur,2 BHK,,1007,2.0,1.0,64.0,1007.0,2,6355.511420059583,6400000.0
Super built-up  Area,18-Feb,Panathur,2 BHK,,1210,2.0,1.0,77.93,1210.0,2,6440.495867768595,7793000.000000001
Super built-up  Area,Ready To Move,Panathur,2 BHK,SVnamnd,1230,2.0,1.0,80.0,1230.0,2,6504.065040650406,8000000.0
Super built-up  Area,Ready To Move,Panathur,2 BHK,Isncasa,980,2.0,1.0,57.0,980.0,2,5816.326530612245,5700000.0
Super built-up  Area,Ready To Move,Panathur,2 BHK,Saite G,1075,2.0,2.0,60.0,1075.0,2,5581.395348837209,6000000.0
Super built-up  Area,Ready To Move,Panathur,2 BHK,,1210,2.0,2.0,69.0,1210.0,2,5702.479338842975,6900000.0
Super built-up  Area,18-May,Panathur,2 BHK,Diarknt,1343,2.0,1.0,76.0,1343.0,2,5658.972449739389,7600000.0
Super built-up  Area,Ready To Move,Panduranga Nagar,3 BHK,SApusnu,1827,3.0,3.0,100.0,1827.0,3,5473.453749315819,10000000.0
Plot  Area,Ready To Move,Parappana Agrahara,1 Bedroom,,1200,1.0,0.0,45.0,1200.0,1,3750.0,4500000.0
Plot  Area,Ready To Move,Patelappa Layout,3 Bedroom,,1200,3.0,3.0,225.0,1200.0,3,18750.0,22500000.0
Plot  Area,Ready To Move,Pattanagere,2 Bedroom,,1350,2.0,0.0,90.0,1350.0,2,6666.666666666667,9000000.0
Super built-up  Area,Ready To Move,Pattandur Agrahara,3 BHK,MaidoPl,1550,2.0,3.0,80.0,1550.0,3,5161.290322580645,8000000.0
Super built-up  Area,Ready To Move,Pattandur Agrahara,3 BHK,MaidoPl,1550,2.0,3.0,80.0,1550.0,3,5161.290322580645,8000000.0
Built-up  Area,Ready To Move,Peenya,3 BHK,Jahts H,1870,3.0,3.0,110.0,1870.0,3,5882.35294117647,11000000.0
Built-up  Area,Ready To Move,Peenya,2 BHK,,814,2.0,1.0,55.0,814.0,2,6756.756756756757,5500000.0
Built-up  Area,18-Apr,Peenya,3 BHK,,1286,3.0,1.0,67.0,1286.0,3,5209.9533437014,6700000.0
Super built-up  Area,Ready To Move,Peenya,2 BHK,,708,1.0,1.0,55.0,708.0,2,7768.3615819209035,5500000.0
Plot  Area,Ready To Move,Postal Colony,2 Bedroom,,1500,1.0,0.0,218.0,1500.0,2,14533.333333333334,21800000.0
Super built-up  Area,18-Apr,Pragathi Nagar,1 BHK,Asarkia,799 - 803,1.0,0.0,33.645,801.0,1,4200.374531835207,3364500.0000000005
Plot  Area,Ready To Move,Prashanth Nagar,5 Bedroom,,4050,4.0,1.0,600.0,4050.0,5,14814.814814814816,60000000.0
Plot  Area,Ready To Move,Prithvi Layout,4 Bedroom,Prigh L,2028,4.0,3.0,162.0,2028.0,4,7988.165680473373,16200000.0
Super built-up  Area,Ready To Move,Prithvi Layout,2 BHK,Prlmsge,1352,2.0,2.0,87.5,1352.0,2,6471.89349112426,8750000.0
Built-up  Area,Ready To Move,Prithvi Layout,2 BHK,,1190,2.0,2.0,68.0,1190.0,2,5714.285714285715,6800000.0
Super built-up  Area,Ready To Move,Prithvi Layout,2 BHK,Prlmsge,1352,2.0,2.0,85.0,1352.0,2,6286.98224852071,8500000.0
Super built-up  Area,Ready To Move,Prithvi Layout,2 BHK,Prlmsge,1352,2.0,2.0,75.0,1352.0,2,5547.337278106509,7500000.0
Plot  Area,Ready To Move,Prithvi Layout,3 Bedroom,Prigh L,2273,4.0,3.0,220.0,2273.0,3,9678.838539375274,22000000.0
Super built-up  Area,Ready To Move,Prithvi Layout,2 BHK,Prlmsge,1352,3.0,1.0,93.0,1352.0,2,6878.698224852071,9300000.0
Built-up  Area,Ready To Move,Prithvi Layout,3 Bedroom,Prigh L,2273,4.0,2.0,192.0,2273.0,3,8446.986361636604,19200000.0
Super built-up  Area,Ready To Move,Prithvi Layout,3 BHK,Prigh L,2100,3.0,3.0,125.0,2100.0,3,5952.380952380952,12500000.0
Plot  Area,18-May,Pulkeshi Nagar,1 Bedroom,,588,1.0,0.0,88.2,588.0,1,15000.0,8820000.0
Plot  Area,Ready To Move,R.T. Nagar,6 Bedroom,,1200,7.0,3.0,165.0,1200.0,6,13750.0,16500000.0
Plot  Area,Ready To Move,R.T. Nagar,2 Bedroom,,1200,2.0,1.0,120.0,1200.0,2,10000.0,12000000.0
Super built-up  Area,Ready To Move,R.T. Nagar,3 BHK,,1560,3.0,2.0,85.0,1560.0,3,5448.717948717948,8500000.0
Plot  Area,Ready To Move,R.T. Nagar,3 Bedroom,,1140,3.0,1.0,130.0,1140.0,3,11403.508771929824,13000000.0
Super built-up  Area,Ready To Move,R.T. Nagar,2 BHK,,970,2.0,1.0,55.0,970.0,2,5670.103092783505,5500000.0
Built-up  Area,Ready To Move,R.T. Nagar,3 BHK,SiineSu,1560,3.0,3.0,125.0,1560.0,3,8012.820512820513,12500000.0
Super built-up  Area,Ready To Move,R.T. Nagar,3 BHK,JaniaGa,1400,2.0,3.0,78.0,1400.0,3,5571.428571428572,7800000.0
Plot  Area,Ready To Move,R.T. Nagar,3 Bedroom,,1200,3.0,,140.0,1200.0,3,11666.666666666666,14000000.0
Built-up  Area,Ready To Move,R.T. Nagar,2 Bedroom,,1100,3.0,0.0,125.0,1100.0,2,11363.636363636364,12500000.0
Super built-up  Area,Ready To Move,R.T. Nagar,2 BHK,,1150,2.0,2.0,72.0,1150.0,2,6260.869565217391,7200000.0
Plot  Area,Ready To Move,R.T. Nagar,4 Bedroom,,1500,4.0,3.0,185.0,1500.0,4,12333.333333333334,18500000.0
Built-up  Area,Ready To Move,R.T. Nagar,4 BHK,,1800,3.0,0.0,120.0,1800.0,4,6666.666666666667,12000000.0
Plot  Area,Ready To Move,R.T. Nagar,3 Bedroom,,1300,3.0,,145.0,1300.0,3,11153.846153846154,14500000.0
Super built-up  Area,Ready To Move,R.T. Nagar,2 BHK,Shusehi,1100,2.0,2.0,85.0,1100.0,2,7727.272727272727,8500000.0
Super built-up  Area,Ready To Move,R.T. Nagar,3 BHK,SiineSu,1667,3.0,,130.0,1667.0,3,7798.440311937612,13000000.0
Plot  Area,Ready To Move,RMV,3 Bedroom,,2000,3.0,2.0,365.0,2000.0,3,18250.0,36500000.0
Built-up  Area,Ready To Move,RMV,3 BHK,,2750,5.0,2.0,550.0,2750.0,3,20000.0,55000000.0
Plot  Area,Ready To Move,RMV 2nd Stage,2 Bedroom,,1200,2.0,1.0,216.0,1200.0,2,18000.0,21600000.0
Plot  Area,Ready To Move,RMV 2nd Stage,3 Bedroom,,4470,3.0,,700.0,4470.0,3,15659.955257270694,70000000.0
Built-up  Area,Ready To Move,RMV 2nd Stage,3 BHK,,2550,4.0,2.0,290.0,2550.0,3,11372.549019607843,29000000.0
Built-up  Area,Ready To Move,RMV Extension,3 BHK,DSureSi,1630,3.0,2.0,85.0,1630.0,3,5214.7239263803685,8500000.0
Super built-up  Area,Ready To Move,RMV Extension,3 BHK,DSureSi,1685,3.0,2.0,95.0,1685.0,3,5637.982195845697,9500000.0
Super built-up  Area,Ready To Move,RMV Extension Stage 2,3 BHK,,1862,3.0,3.0,120.0,1862.0,3,6444.68313641246,12000000.0
Super built-up  Area,Ready To Move,RPC layout,2 BHK,Dee 2 P,1200,2.0,1.0,67.0,1200.0,2,5583.333333333333,6700000.0
Built-up  Area,Ready To Move,RPC layout,2 BHK,,1100,2.0,2.0,68.0,1100.0,2,6181.818181818182,6800000.0
Super built-up  Area,20-Nov,RR Layout,3 BHK,,1700,3.0,2.0,111.0,1700.0,3,6529.411764705882,11100000.0
Super built-up  Area,Ready To Move,Race Course Road,4 BHK,,4750,5.0,,600.0,4750.0,4,12631.578947368422,60000000.0
Built-up  Area,Ready To Move,Race Course Road,4 Bedroom,,2500,4.0,1.0,450.0,2500.0,4,18000.0,45000000.0
Super built-up  Area,18-May,Rachenahalli,1 BHK,AsNowre,660 - 700,1.0,0.0,32.64,680.0,1,4800.0,3264000.0
Super built-up  Area,18-May,Rachenahalli,1 RK,AsNowre,385 - 440,1.0,0.0,19.8,412.5,1,4800.0,1980000.0
Super built-up  Area,20-Aug,Rachenahalli,1 BHK,AsNowre,690,1.0,1.0,39.8,690.0,1,5768.115942028985,3979999.9999999995
Super built-up  Area,Ready To Move,Rachenahalli,2 BHK,,1100,2.0,1.0,68.0,1100.0,2,6181.818181818182,6800000.0
Super built-up  Area,Ready To Move,Rachenahalli,3 BHK,NRniad ,2710,3.0,2.0,170.0,2710.0,3,6273.062730627306,17000000.0
Super built-up  Area,Ready To Move,Rachenahalli,3 BHK,Ameur G,1856,3.0,3.0,106.0,1856.0,3,5711.206896551724,10600000.0
Built-up  Area,Ready To Move,Rachenahalli,3 BHK,NRniad ,2600,3.0,2.0,160.0,2600.0,3,6153.846153846154,16000000.0
Built-up  Area,Ready To Move,Rachenahalli,3 BHK,NRodsen,1756,3.0,2.0,110.0,1756.0,3,6264.236902050114,11000000.0
Super built-up  Area,Ready To Move,Raghavendra Layout,3 BHK,Muiseek,1499,3.0,2.0,89.0,1499.0,3,5937.291527685124,8900000.0
Built-up  Area,Ready To Move,Raghuvanahalli,1 BHK,,900,1.0,1.0,30.0,900.0,1,3333.3333333333335,3000000.0
Built-up  Area,Ready To Move,Raghuvanahalli,1 BHK,,420,1.0,1.0,23.5,420.0,1,5595.238095238095,2350000.0
Super built-up  Area,Ready To Move,Raja Rajeshwari Nagar,1 BHK,,600,1.0,1.0,22.0,600.0,1,3666.6666666666665,2200000.0
Super built-up  Area,Ready To Move,Raja Rajeshwari Nagar,1 BHK,,500,1.0,1.0,25.0,500.0,1,5000.0,2500000.0
Super built-up  Area,Ready To Move,Raja Rajeshwari Nagar,2 BHK,i1rtsCo,1105,2.0,1.0,65.0,1105.0,2,5882.35294117647,6500000.0
Built-up  Area,Ready To Move,Raja Rajeshwari Nagar,3 BHK,GRvanun,1570,3.0,2.0,88.0,1570.0,3,5605.095541401274,8800000.0
Super built-up  Area,18-Aug,Raja Rajeshwari Nagar,1 BHK,Prllsan,648,1.0,1.0,31.75,648.0,1,4899.691358024691,3175000.0
Super built-up  Area,Ready To Move,Raja Rajeshwari Nagar,1 BHK,,550,1.0,0.0,21.0,550.0,1,3818.181818181818,2100000.0
Built-up  Area,Ready To Move,Raja Rajeshwari Nagar,3 BHK,AcisePa,1395,2.0,2.0,72.0,1395.0,3,5161.290322580645,7200000.0
Super built-up  Area,Ready To Move,Raja Rajeshwari Nagar,3 BHK,,1288,2.0,1.0,70.0,1288.0,3,5434.782608695652,7000000.0
Super built-up  Area,Ready To Move,Raja Rajeshwari Nagar,2 BHK,GRvanun,1235,2.0,1.0,75.0,1235.0,2,6072.8744939271255,7500000.0
Super built-up  Area,18-May,Raja Rajeshwari Nagar,2 BHK,Cee 2du,1162,2.0,0.0,65.0,1162.0,2,5593.803786574871,6500000.0
Super built-up  Area,18-Aug,Raja Rajeshwari Nagar,2 BHK,Prllsan,1178,2.0,1.0,75.0,1178.0,2,6366.723259762309,7500000.0
Super built-up  Area,Ready To Move,Raja Rajeshwari Nagar,3 BHK,GRvanun,1525,2.0,2.0,99.13,1525.0,3,6500.327868852459,9913000.0
Super built-up  Area,18-May,Raja Rajeshwari Nagar,2 BHK,Prllsan,1160,2.0,1.0,70.0,1160.0,2,6034.482758620689,7000000.0
Super built-up  Area,Ready To Move,Raja Rajeshwari Nagar,3 BHK,NaonySy,1550,3.0,1.0,86.8,1550.0,3,5600.0,8680000.0
Super built-up  Area,Ready To Move,Raja Rajeshwari Nagar,3 BHK,NaonySy,1580,3.0,1.0,83.74,1580.0,3,5299.999999999999,8373999.999999999
Super built-up  Area,Ready To Move,Raja Rajeshwari Nagar,3 BHK,NaonySy,1640,3.0,1.0,86.8,1640.0,3,5292.682926829269,8680000.0
Built-up  Area,Ready To Move,Raja Rajeshwari Nagar,3 BHK,ChionCo,1757,3.0,3.0,98.0,1757.0,3,5577.689243027889,9800000.0
Built-up  Area,Ready To Move,Raja Rajeshwari Nagar,3 BHK,,1021,3.0,2.0,59.0,1021.0,3,5778.648383937317,5900000.0
Super built-up  Area,Ready To Move,Raja Rajeshwari Nagar,3 BHK,,1500,3.0,2.0,88.0,1500.0,3,5866.666666666667,8800000.0
Super built-up  Area,18-Jul,Raja Rajeshwari Nagar,2 BHK,Prllsan,1168,2.0,1.0,66.0,1168.0,2,5650.684931506849,6600000.0
Built-up  Area,Ready To Move,Raja Rajeshwari Nagar,3 BHK,,1400,2.0,2.0,86.0,1400.0,3,6142.857142857143,8600000.0
Super built-up  Area,18-Jul,Raja Rajeshwari Nagar,2 BHK,Prllsan,1157,2.0,1.0,65.0,1157.0,2,5617.9775280898875,6500000.0
Built-up  Area,Ready To Move,Raja Rajeshwari Nagar,3 BHK,Cedusy ,1850,3.0,1.0,98.0,1850.0,3,5297.2972972972975,9800000.0
Super built-up  Area,Ready To Move,Raja Rajeshwari Nagar,1 BHK,,510,1.0,1.0,22.0,510.0,1,4313.725490196079,2200000.0
Super built-up  Area,18-Dec,Raja Rajeshwari Nagar 5th Stage,3 BHK,,1320,2.0,2.0,73.0,1320.0,3,5530.30303030303,7300000.0
Super built-up  Area,Ready To Move,Rajaji Nagar,4 BHK,Brway G,3300,4.0,,600.0,3300.0,4,18181.81818181818,60000000.0
Built-up  Area,Ready To Move,Rajaji Nagar,3 BHK,Brway G,1640,3.0,2.0,229.0,1640.0,3,13963.414634146342,22900000.0
Super built-up  Area,Ready To Move,Rajaji Nagar,3 BHK,PhestOn,2390,3.0,2.0,415.0,2390.0,3,17364.016736401674,41500000.0
Super built-up  Area,Ready To Move,Rajaji Nagar,3 BHK,PhestOn,2390,3.0,2.0,410.0,2390.0,3,17154.81171548117,41000000.0
Super built-up  Area,19-Jan,Rajaji Nagar,7 BHK,,12000,6.0,3.0,2200.0,12000.0,7,18333.333333333332,220000000.0
Super built-up  Area,Ready To Move,Rajaji Nagar,3 BHK,Brway G,1725,3.0,3.0,200.0,1725.0,3,11594.202898550724,20000000.0
Super built-up  Area,Ready To Move,Rajaji Nagar,4 BHK,PhestOn,3516,4.0,3.0,540.0,3516.0,4,15358.361774744028,54000000.0
Super built-up  Area,Ready To Move,Rajaji Nagar,3 BHK,Brway G,1640,3.0,3.0,223.0,1640.0,3,13597.560975609756,22300000.0
Super built-up  Area,Ready To Move,Rajaji Nagar,4 BHK,PhestOn,3526,4.0,,492.0,3526.0,4,13953.488372093023,49200000.0
Plot  Area,Ready To Move,Rajaji Nagar,6 Bedroom,,1800,4.0,,324.0,1800.0,6,18000.0,32400000.0
Super built-up  Area,Ready To Move,Rajaji Nagar,4 BHK,PhestOn,3526,4.0,1.0,558.0,3526.0,4,15825.2977878616,55800000.0
Super built-up  Area,Ready To Move,Rajaji Nagar,4 BHK,PhestOn,3436 - 3643,2.0,,424.5,3539.5,4,11993.21938126854,42450000.0
Super built-up  Area,Ready To Move,Rajaji Nagar,5 BHK,Pumesim,2849,5.0,0.0,300.0,2849.0,5,10530.01053001053,30000000.0
Super built-up  Area,Ready To Move,Rajaji Nagar,3 BHK,Brway G,1800,3.0,3.0,260.0,1800.0,3,14444.444444444445,26000000.0
Super built-up  Area,Ready To Move,Rajaji Nagar,4 BHK,,3100,4.0,2.0,570.0,3100.0,4,18387.09677419355,57000000.0
Super built-up  Area,Ready To Move,Rajaji Nagar,3 BHK,Brway G,1640,3.0,2.0,241.0,1640.0,3,14695.121951219513,24100000.0
Super built-up  Area,Ready To Move,Rajaji Nagar,2 BHK,Brway G,1370,2.0,1.0,170.0,1370.0,2,12408.759124087592,17000000.0
Super built-up  Area,Ready To Move,Rajaji Nagar,3 BHK,PhestOn,2409,3.0,2.0,360.0,2409.0,3,14943.960149439601,36000000.0
Super built-up  Area,Ready To Move,Rajaji Nagar,4 BHK,,3436,6.0,3.0,475.0,3436.0,4,13824.214202561117,47500000.0
Super built-up  Area,Ready To Move,Rajaji Nagar,2 BHK,PhestOn,1718,3.0,2.0,288.0,1718.0,2,16763.678696158324,28800000.0
Super built-up  Area,Ready To Move,Rajaji Nagar,3 BHK,PhestOn,2386,3.0,,334.0,2386.0,3,13998.323554065382,33400000.0
Super built-up  Area,Ready To Move,Rajaji Nagar,4 BHK,PhestOn,3436,6.0,3.0,500.0,3436.0,4,14551.804423748545,50000000.0
Plot  Area,Ready To Move,Rajaji Nagar,2 Bedroom,,1200,2.0,0.0,150.0,1200.0,2,12500.0,15000000.0
Plot  Area,Ready To Move,Rajaji Nagar,2 Bedroom,,1160,1.0,0.0,163.0,1160.0,2,14051.724137931034,16300000.0
Built-up  Area,Ready To Move,Rajaji Nagar,1 BHK,,660,1.0,0.0,75.0,660.0,1,11363.636363636364,7500000.0
Built-up  Area,Ready To Move,Rajaji Nagar,2 BHK,Brway G,1440,2.0,2.0,170.0,1440.0,2,11805.555555555555,17000000.0
Super built-up  Area,Ready To Move,Rajaji Nagar,3 BHK,PhestOn,2448,3.0,2.0,400.0,2448.0,3,16339.869281045752,40000000.0
Super built-up  Area,Ready To Move,Rajaji Nagar,2 BHK,Brway G,1440,2.0,2.0,185.0,1440.0,2,12847.222222222223,18500000.0
Super built-up  Area,Ready To Move,Rajaji Nagar,3 BHK,Brway G,1640,3.0,3.0,230.0,1640.0,3,14024.390243902439,23000000.0
Super built-up  Area,17-Dec,Rajaji Nagar,4 BHK,ProdsWe,2563 - 2733,5.0,0.0,251.5,2648.0,4,9497.73413897281,25150000.0
Built-up  Area,Ready To Move,Rajaji Nagar,4 BHK,,3730,4.0,3.0,370.0,3730.0,4,9919.571045576407,37000000.0
Super built-up  Area,Ready To Move,Rajaji Nagar,3 BHK,Brway G,1800,2.0,2.0,250.0,1800.0,3,13888.888888888889,25000000.0
Super built-up  Area,Ready To Move,Rajaji Nagar,4 BHK,Brway G,3100,4.0,3.0,550.0,3100.0,4,17741.935483870966,55000000.0
Super built-up  Area,Ready To Move,Rajaji Nagar,4 BHK,PhestOn,3526,4.0,3.0,598.0,3526.0,4,16959.727736812252,59800000.0
Super built-up  Area,18-Aug,Rajaji Nagar,2 BHK,ProdsWe,1357,2.0,1.0,130.0,1357.0,2,9579.955784819454,13000000.0
Built-up  Area,Ready To Move,Rajaji Nagar,3 BHK,PhestOn,2300,3.0,3.0,369.0,2300.0,3,16043.478260869566,36900000.0
Super built-up  Area,Ready To Move,Rajaji Nagar,3 BHK,Brway G,1640,3.0,2.0,220.0,1640.0,3,13414.634146341463,22000000.0
Super built-up  Area,Ready To Move,Rajaji Nagar,3 BHK,PhestOn,2500,3.0,3.0,350.0,2500.0,3,14000.0,35000000.0
Super built-up  Area,18-Aug,Rajaji Nagar,3 BHK,ProdsWe,1615,3.0,1.0,175.0,1615.0,3,10835.913312693498,17500000.0
Super built-up  Area,18-Aug,Rajaji Nagar,3 BHK,ProdsWe,1776,3.0,1.0,190.0,1776.0,3,10698.198198198199,19000000.0
Super built-up  Area,Ready To Move,Rajaji Nagar,3 BHK,PhestOn,2559,3.0,2.0,403.0,2559.0,3,15748.339194998047,40300000.0
Plot  Area,Ready To Move,Rajaji Nagar,5 Bedroom,,900,4.0,0.0,140.0,900.0,5,15555.555555555555,14000000.0
Super built-up  Area,Ready To Move,Rajaji Nagar,2 BHK,PhestOn,1763,3.0,2.0,262.0,1763.0,2,14861.032331253546,26200000.0
Super built-up  Area,Ready To Move,Rajaji Nagar,3 BHK,Brway G,1640,3.0,3.0,220.0,1640.0,3,13414.634146341463,22000000.0
Super built-up  Area,18-Jun,Rajaji Nagar,3 BHK,Puwerun,1613,3.0,0.0,150.0,1613.0,3,9299.442033477992,15000000.0
Super built-up  Area,Ready To Move,Rajaji Nagar,3 BHK,Tiitela,1380,3.0,3.0,130.0,1380.0,3,9420.289855072464,13000000.0
Plot  Area,Ready To Move,Rajaji Nagar,5 Bedroom,,2400,3.0,1.0,320.0,2400.0,5,13333.333333333334,32000000.0
Super built-up  Area,Ready To Move,Rajaji Nagar,3 BHK,Brway G,1800,3.0,2.0,240.0,1800.0,3,13333.333333333334,24000000.0
Super built-up  Area,Ready To Move,Rajaji Nagar,3 BHK,PhestOn,2533,3.0,3.0,425.0,2533.0,3,16778.523489932886,42500000.0
Plot  Area,Ready To Move,Rajaji Nagar,2 Bedroom,,432,2.0,1.0,65.0,432.0,2,15046.296296296296,6500000.0
Super built-up  Area,18-Aug,Rajaji Nagar,2 BHK,ProdsWe,1268,2.0,1.0,127.0,1268.0,2,10015.77287066246,12700000.0
Super built-up  Area,Ready To Move,Rajaji Nagar,3 BHK,PhestOn,2450,3.0,3.0,330.0,2450.0,3,13469.387755102041,33000000.0
Super built-up  Area,Ready To Move,Rajaji Nagar,3 BHK,Brway G,1640,3.0,2.0,262.0,1640.0,3,15975.609756097561,26200000.0
Plot  Area,Ready To Move,Rajaji Nagar,2 Bedroom,,1200,1.0,1.0,200.0,1200.0,2,16666.666666666668,20000000.0
Super built-up  Area,Ready To Move,Rajaji Nagar,3 BHK,,2367,3.0,3.0,375.0,2367.0,3,15842.839036755386,37500000.0
Plot  Area,Ready To Move,Rajaji Nagar,4 Bedroom,,2440,2.0,0.0,415.0,2440.0,4,17008.196721311477,41500000.0
Super built-up  Area,Ready To Move,Rajaji Nagar,3 BHK,Brway G,1640,3.0,2.0,251.0,1640.0,3,15304.878048780487,25100000.0
Super built-up  Area,18-Jul,Rajaji Nagar,4 BHK,ProdsWe,2733,5.0,2.0,259.0,2733.0,4,9476.765459202341,25900000.0
Super built-up  Area,Ready To Move,Rajaji Nagar,3 BHK,Brway G,1640,3.0,2.0,268.0,1640.0,3,16341.463414634147,26800000.0
Super built-up  Area,Ready To Move,Rajaji Nagar,3 BHK,PhestOn,2367,4.0,3.0,340.0,2367.0,3,14364.17405999155,34000000.0
Super built-up  Area,Ready To Move,Rajaji Nagar,3 BHK,Brway G,1720,3.0,2.0,224.0,1720.0,3,13023.255813953489,22400000.0
Super built-up  Area,Ready To Move,Rajaji Nagar,5 BHK,PhestOn,3600,5.0,,510.0,3600.0,5,14166.666666666666,51000000.0
Plot  Area,Ready To Move,Rajaji Nagar,4 Bedroom,,1350,4.0,1.0,230.0,1350.0,4,17037.037037037036,23000000.0
Super built-up  Area,Ready To Move,Rajaji Nagar,3 BHK,,1700,3.0,2.0,200.0,1700.0,3,11764.70588235294,20000000.0
Built-up  Area,Ready To Move,Rajaji Nagar,3 Bedroom,,2300,4.0,1.0,240.0,2300.0,3,10434.782608695652,24000000.0
Plot  Area,Ready To Move,Rajaji Nagar,5 Bedroom,,2400,5.0,1.0,408.0,2400.0,5,17000.0,40800000.0
Super built-up  Area,Ready To Move,Rajaji Nagar,3 BHK,PhestOn,2500,3.0,3.0,340.0,2500.0,3,13600.0,34000000.0
Super built-up  Area,Ready To Move,Rajaji Nagar,3 BHK,PhestOn,2390,3.0,1.0,372.0,2390.0,3,15564.853556485356,37200000.0
Super built-up  Area,Ready To Move,Rajaji Nagar,3 BHK,PhestOn,2415,3.0,2.0,399.0,2415.0,3,16521.739130434784,39900000.0
Plot  Area,Ready To Move,Rajaji Nagar,8 Bedroom,,1200,10.0,2.0,180.0,1200.0,8,15000.0,18000000.0
Super built-up  Area,Ready To Move,Rajaji Nagar,2 BHK,,1718,3.0,2.0,275.0,1718.0,2,16006.9848661234,27500000.0
Super built-up  Area,Ready To Move,Rajaji Nagar,2 BHK,PhestOn,1763,3.0,2.0,240.0,1763.0,2,13613.159387407828,24000000.0
Super built-up  Area,Ready To Move,Rajaji Nagar,3 BHK,PhestOn,2367,3.0,2.0,320.0,2367.0,3,13519.22264469793,32000000.0
Super built-up  Area,Ready To Move,Rajaji Nagar,3 BHK,PhestOn,2409,3.0,3.0,395.0,2409.0,3,16396.84516396845,39500000.0
Plot  Area,Ready To Move,Rajaji Nagar,2 Bedroom,,1314,2.0,0.0,225.0,1314.0,2,17123.287671232876,22500000.0
Super built-up  Area,Ready To Move,Rajaji Nagar,2 BHK,Brway G,1440,2.0,2.0,165.0,1440.0,2,11458.333333333334,16500000.0
Super built-up  Area,Ready To Move,Rajaji Nagar,3 BHK,Brway G,1640,3.0,3.0,245.0,1640.0,3,14939.024390243903,24500000.0
Super built-up  Area,Ready To Move,Rajapura,2 BHK,,86.72Sq. Meter,2.0,2.0,40.0,86.72,2,46125.46125461255,4000000.0
Plot  Area,Ready To Move,Rajarajeshwarinagar,4 Bedroom,,1200,5.0,,325.0,1200.0,4,27083.333333333332,32500000.0
Super built-up  Area,Ready To Move,Rajiv Gandhi Nagar,2 BHK,NCiteEl,1170,2.0,2.0,68.0,1170.0,2,5811.965811965812,6800000.0
Super built-up  Area,Ready To Move,Rajiv Gandhi Nagar,2 BHK,Almid P,1293,2.0,2.0,75.0,1293.0,2,5800.46403712297,7500000.0
Super built-up  Area,Ready To Move,Rajiv Gandhi Nagar,2 BHK,Almid P,1293,2.0,2.0,80.0,1293.0,2,6187.161639597834,8000000.0
Super built-up  Area,Ready To Move,Rajiv Gandhi Nagar,2 BHK,Almid P,1293,2.0,2.0,80.0,1293.0,2,6187.161639597834,8000000.0
Built-up  Area,Ready To Move,Rajiv Gandhi Nagar,3 BHK,Almid P,1750,3.0,2.0,100.0,1750.0,3,5714.285714285715,10000000.0
Super built-up  Area,Ready To Move,Rajiv Nagar,3 BHK,PuoodSk,1690,3.0,1.0,125.0,1690.0,3,7396.449704142012,12500000.0
Super built-up  Area,Ready To Move,Rajiv Nagar,2 BHK,Ahntyve,1263,2.0,1.0,93.32,1263.0,2,7388.756927949327,9332000.0
Super built-up  Area,Ready To Move,Rajiv Nagar,4 BHK,PuoodSk,2340,4.0,1.0,148.0,2340.0,4,6324.786324786325,14800000.0
Super built-up  Area,Ready To Move,Rajiv Nagar,2 BHK,PuoodSk,1330,2.0,1.0,93.0,1330.0,2,6992.481203007519,9300000.0
Super built-up  Area,Ready To Move,Rajiv Nagar,2 BHK,,1309,2.0,1.0,80.0,1309.0,2,6111.535523300229,8000000.0
Super built-up  Area,Ready To Move,Rajiv Nagar,4 BHK,PuoodSk,2330,5.0,1.0,175.0,2330.0,4,7510.729613733905,17500000.0
Super built-up  Area,Ready To Move,Rajiv Nagar,4 BHK,PuoodSk,2340,5.0,1.0,160.0,2340.0,4,6837.606837606838,16000000.0
Super built-up  Area,Ready To Move,Ramagondanahalli,3 BHK,DNeremo,1610,2.0,2.0,111.0,1610.0,3,6894.409937888198,11100000.0
Plot  Area,Ready To Move,Ramagondanahalli,1 Bedroom,,540,1.0,0.0,30.0,540.0,1,5555.555555555556,3000000.0
Super built-up  Area,Ready To Move,Ramagondanahalli,3 BHK,DNeremo,2257,4.0,2.0,157.0,2257.0,3,6956.136464333185,15700000.0
Super built-up  Area,Ready To Move,Ramagondanahalli,3 BHK,DNeremo,1610,2.0,2.0,115.0,1610.0,3,7142.857142857143,11500000.0
Built-up  Area,Ready To Move,Ramagondanahalli,2 BHK,SVovelm,920,2.0,3.0,65.0,920.0,2,7065.217391304348,6500000.0
Super built-up  Area,Ready To Move,Ramagondanahalli,2 BHK,SVodsve,1295,2.0,2.0,95.0,1295.0,2,7335.907335907336,9500000.0
Super built-up  Area,Ready To Move,Ramagondanahalli,3 BHK,DNeremo,2257,3.0,2.0,159.0,2257.0,3,7044.749667700487,15900000.0
Super built-up  Area,Ready To Move,Ramagondanahalli,2 BHK,SVodsve,1295,2.0,2.0,95.0,1295.0,2,7335.907335907336,9500000.0
Built-up  Area,Ready To Move,Ramagondanahalli,3 BHK,DNeremo,1910,3.0,2.0,142.0,1910.0,3,7434.55497382199,14200000.0
Super built-up  Area,Ready To Move,Ramagondanahalli,3 BHK,DNeremo,1610,2.0,2.0,115.0,1610.0,3,7142.857142857143,11500000.0
Super built-up  Area,18-Oct,Ramagondanahalli,3 BHK,DNeremo,1910,3.0,2.0,150.0,1910.0,3,7853.4031413612565,15000000.0
Built-up  Area,Ready To Move,Ramagondanahalli,3 BHK,,2040,3.0,2.0,114.0,2040.0,3,5588.235294117647,11400000.0
Super built-up  Area,Ready To Move,Ramagondanahalli,3 BHK,DNeremo,1610,2.0,1.0,112.0,1610.0,3,6956.521739130435,11200000.0
Super built-up  Area,Ready To Move,Ramagondanahalli,3 BHK,DNeremo,1610,2.0,2.0,115.0,1610.0,3,7142.857142857143,11500000.0
Super built-up  Area,Ready To Move,Ramagondanahalli,4 BHK,DNeremo,2787,5.0,2.0,220.0,2787.0,4,7893.792608539648,22000000.0
Super built-up  Area,Ready To Move,Ramagondanahalli,2 BHK,SVovelm,1125,2.0,2.0,75.0,1125.0,2,6666.666666666667,7500000.0
Super built-up  Area,Ready To Move,Ramagondanahalli,3 BHK,DNeremo,2257,3.0,2.0,155.0,2257.0,3,6867.523260965884,15500000.0
Carpet  Area,Ready To Move,Ramagondanahalli,3 BHK,Reitice,1500,3.0,3.0,100.0,1500.0,3,6666.666666666667,10000000.0
Super built-up  Area,Ready To Move,Ramagondanahalli,3 BHK,DNeremo,1910,3.0,2.0,131.0,1910.0,3,6858.638743455497,13100000.0
Super built-up  Area,Ready To Move,Ramakrishnappa Layout,3 BHK,PeBayle,2770,4.0,2.0,290.0,2770.0,3,10469.314079422382,29000000.0
Super built-up  Area,Ready To Move,Ramakrishnappa Layout,2 BHK,PeBayle,1500,2.0,2.0,185.0,1500.0,2,12333.333333333334,18500000.0
Built-up  Area,Ready To Move,Ramakrishnappa Layout,3 BHK,PeBayle,2770,3.0,1.0,460.0,2770.0,3,16606.49819494585,46000000.0
Super built-up  Area,Ready To Move,Ramakrishnappa Layout,5 BHK,PeBayle,6200,5.0,,720.0,6200.0,5,11612.90322580645,72000000.0
Super built-up  Area,Ready To Move,Ramakrishnappa Layout,3 BHK,,2770,4.0,3.0,315.0,2770.0,3,11371.841155234657,31500000.0
Plot  Area,Ready To Move,Ramakrishnappa Layout,1 Bedroom,,630,2.0,1.0,70.0,630.0,1,11111.111111111111,7000000.0
Plot  Area,Ready To Move,Ramamurthy Nagar,5 Bedroom,,1800,4.0,3.0,187.0,1800.0,5,10388.888888888889,18700000.0
Plot  Area,Ready To Move,Ramamurthy Nagar,2 Bedroom,,1200,3.0,1.0,72.0,1200.0,2,6000.0,7200000.0
Built-up  Area,Ready To Move,Ramamurthy Nagar,3 Bedroom,,1500,3.0,1.0,160.0,1500.0,3,10666.666666666666,16000000.0
Super built-up  Area,Ready To Move,Ramamurthy Nagar,1 BHK,ItRRVna,360,1.0,1.0,26.0,360.0,1,7222.222222222223,2600000.0
Plot  Area,Ready To Move,Ramamurthy Nagar,3 Bedroom,,1200,2.0,0.0,66.0,1200.0,3,5500.0,6600000.0
Built-up  Area,Ready To Move,Ramamurthy Nagar,3 BHK,SVyam N,1525,3.0,1.0,100.0,1525.0,3,6557.377049180328,10000000.0
Plot  Area,Ready To Move,Ramamurthy Nagar,2 Bedroom,,1200,2.0,0.0,80.0,1200.0,2,6666.666666666667,8000000.0
Plot  Area,Ready To Move,Ramamurthy Nagar,3 Bedroom,,1330,4.0,1.0,140.0,1330.0,3,10526.315789473685,14000000.0
Plot  Area,Ready To Move,Ramamurthy Nagar,2 Bedroom,,1100,2.0,0.0,68.0,1100.0,2,6181.818181818182,6800000.0
Built-up  Area,Ready To Move,Ramamurthy Nagar,4 BHK,,850,2.0,1.0,65.0,850.0,4,7647.058823529412,6500000.0
Plot  Area,Ready To Move,Ramamurthy Nagar,2 Bedroom,,600,3.0,2.0,45.0,600.0,2,7500.0,4500000.0
Plot  Area,Ready To Move,Ramamurthy Nagar,2 Bedroom,,1110,2.0,0.0,65.0,1110.0,2,5855.855855855856,6500000.0
Plot  Area,18-Apr,Ramamurthy Nagar,2 Bedroom,,1200,2.0,1.0,78.0,1200.0,2,6500.0,7800000.0
Built-up  Area,Ready To Move,Ramamurthy Nagar,1 Bedroom,,600,1.0,1.0,43.0,600.0,1,7166.666666666667,4300000.0
Plot  Area,Ready To Move,Ramamurthy Nagar,2 Bedroom,SVoutow,1006,2.0,1.0,57.0,1006.0,2,5666.003976143141,5700000.0
Plot  Area,18-Feb,Ramamurthy Nagar,2 Bedroom,,1200,2.0,1.0,76.0,1200.0,2,6333.333333333333,7600000.0
Super built-up  Area,Ready To Move,Ramamurthy Nagar,2 BHK,JSonyar,1000,2.0,1.0,62.0,1000.0,2,6200.0,6200000.0
Plot  Area,Ready To Move,Ramamurthy Nagar,5 Bedroom,,1350,5.0,1.0,120.0,1350.0,5,8888.888888888889,12000000.0
Plot  Area,Ready To Move,Ramamurthy Nagar,4 Bedroom,,1200,4.0,1.0,125.0,1200.0,4,10416.666666666666,12500000.0
Plot  Area,Ready To Move,Ramamurthy Nagar,4 Bedroom,,1900,4.0,2.0,185.0,1900.0,4,9736.842105263158,18500000.0
Plot  Area,Ready To Move,Ramamurthy Nagar,4 Bedroom,,2916,5.0,1.0,230.0,2916.0,4,7887.517146776406,23000000.0
Built-up  Area,Ready To Move,Ramamurthy Nagar,3 Bedroom,,2316,3.0,0.0,125.0,2316.0,3,5397.2366148531955,12500000.0
Built-up  Area,Ready To Move,Ramamurthy Nagar,4 Bedroom,,900,4.0,1.0,70.0,900.0,4,7777.777777777777,7000000.0
Built-up  Area,Ready To Move,Ramamurthy Nagar,2 Bedroom,,1200,2.0,1.0,68.0,1200.0,2,5666.666666666667,6800000.0
Built-up  Area,Ready To Move,Ramamurthy Nagar,1 Bedroom,,540,1.0,0.0,35.0,540.0,1,6481.481481481482,3500000.0
Built-up  Area,Ready To Move,Ramanjaneyanagar,3 BHK,Siite E,1300,2.0,2.0,70.0,1300.0,3,5384.615384615385,7000000.0
Plot  Area,Ready To Move,Ramchandrapuram,1 Bedroom,,400,2.0,1.0,50.0,400.0,1,12500.0,5000000.0
Super built-up  Area,Ready To Move,Ramesh Nagar,2 BHK,,1200,2.0,0.0,90.0,1200.0,2,7500.0,9000000.0
Super built-up  Area,Ready To Move,Rayasandra,3 BHK,MJeusyl,1373,3.0,2.0,72.0,1373.0,3,5243.991260014566,7200000.0
Super built-up  Area,18-Mar,Rayasandra,2 BHK,,1016,2.0,1.0,58.0,1016.0,2,5708.6614173228345,5800000.0
Super built-up  Area,Ready To Move,Rayasandra,1 BHK,MJeusyl,583,1.0,1.0,26.9,583.0,1,4614.065180102916,2690000.0
Built-up  Area,Ready To Move,Rayasandra,1 BHK,,470,1.0,1.0,21.0,470.0,1,4468.085106382979,2100000.0
Built-up  Area,Ready To Move,Remco Bhel Layout,3 BHK,Suncy R,1685,2.0,1.0,110.0,1685.0,3,6528.189910979228,11000000.0
Super built-up  Area,Ready To Move,Rest House Road,5 BHK,,4900,5.0,,980.0,4900.0,5,20000.0,98000000.0
Built-up  Area,Ready To Move,Richards Town,3 BHK,Arata A,1550,3.0,2.0,160.0,1550.0,3,10322.58064516129,16000000.0
Super built-up  Area,Ready To Move,Richards Town,2 BHK,,800,2.0,1.0,85.0,800.0,2,10625.0,8500000.0
Built-up  Area,Ready To Move,Richards Town,2 BHK,Alnorrm,1100,2.0,1.0,90.0,1100.0,2,8181.818181818182,9000000.0
Super built-up  Area,Ready To Move,Richards Town,4 BHK,,3600,5.0,,400.0,3600.0,4,11111.111111111111,40000000.0
Super built-up  Area,Ready To Move,Richmond Town,3 BHK,Bltonin,2150,4.0,,240.0,2150.0,3,11162.790697674418,24000000.0
Super built-up  Area,Ready To Move,Richmond Town,3 BHK,,1352,3.0,0.0,135.0,1352.0,3,9985.207100591717,13500000.0
Super built-up  Area,Ready To Move,Richmond Town,3 BHK,Kaestid,2200,3.0,,187.0,2200.0,3,8500.0,18700000.0
Super built-up  Area,Ready To Move,Richmond Town,2 BHK,APusenc,1233,2.0,3.0,100.0,1233.0,2,8110.300081103001,10000000.0
Built-up  Area,Ready To Move,Richmond Town,3 BHK,,1100,2.0,1.0,145.0,1100.0,3,13181.818181818182,14500000.0
Super built-up  Area,Ready To Move,Richmond Town,3 BHK,,1835,3.0,3.0,175.0,1835.0,3,9536.784741144415,17500000.0
Super built-up  Area,Ready To Move,Richmond Town,4 BHK,,2380,4.0,3.0,242.0,2380.0,4,10168.067226890757,24200000.0
Super built-up  Area,Ready To Move,Roopena Agrahara,2 BHK,RortsCo,1050,2.0,1.0,67.0,1050.0,2,6380.952380952381,6700000.0
Built-up  Area,Ready To Move,Roopena Agrahara,2 BHK,,955,2.0,3.0,53.55,955.0,2,5607.3298429319375,5355000.0
Super built-up  Area,Ready To Move,Roopena Agrahara,1 BHK,,910,1.0,1.0,42.0,910.0,1,4615.384615384615,4200000.0
Built-up  Area,Ready To Move,Rustam Bagh Layout,2 BHK,TealdEm,1170,2.0,2.0,86.0,1170.0,2,7350.427350427351,8600000.0
Super built-up  Area,Ready To Move,Rustam Bagh Layout,2 BHK,Inuseda,800,2.0,3.0,50.0,800.0,2,6250.0,5000000.0
Super built-up  Area,Ready To Move,Rustam Bagh Layout,3 BHK,Srowsee,1490,2.0,3.0,88.0,1490.0,3,5906.040268456376,8800000.0
Built-up  Area,Ready To Move,Rustam Bagh Layout,2 BHK,TealdEm,1170,2.0,2.0,86.0,1170.0,2,7350.427350427351,8600000.0
Plot  Area,18-Apr,SBM Colony,10 Bedroom,,1660,10.0,,475.0,1660.0,10,28614.4578313253,47500000.0
Plot  Area,Ready To Move,SMV layout,3 Bedroom,,1200,4.0,0.0,145.0,1200.0,3,12083.333333333334,14500000.0
Plot  Area,Ready To Move,SMV layout,3 Bedroom,,1200,3.0,0.0,140.0,1200.0,3,11666.666666666666,14000000.0
Super built-up  Area,Ready To Move,Sadanand Nagar,3 BHK,,3500,4.0,2.0,500.0,3500.0,3,14285.714285714286,50000000.0
Super built-up  Area,Ready To Move,Sadashiva Nagar,3 BHK,,3761,3.0,2.0,660.0,3761.0,3,17548.524328636002,66000000.0
Built-up  Area,Ready To Move,Sadashiva Nagar,4 BHK,,2780,5.0,2.0,480.0,2780.0,4,17266.187050359713,48000000.0
Super built-up  Area,18-Feb,Sadashiva Nagar,4 BHK,,2720,4.0,1.0,485.0,2720.0,4,17830.882352941175,48500000.0
Super built-up  Area,Ready To Move,Sadashiva Nagar,3 BHK,,3761,3.0,2.0,650.0,3761.0,3,17282.637596383942,65000000.0
Super built-up  Area,Ready To Move,Sadashiva Nagar,3 BHK,,3850,3.0,3.0,650.0,3850.0,3,16883.116883116883,65000000.0
Super built-up  Area,Ready To Move,Sadashiva Nagar,4 BHK,,3500,4.0,,700.0,3500.0,4,20000.0,70000000.0
Super built-up  Area,Ready To Move,Sadashiva Nagar,5 BHK,,7500,5.0,2.0,1500.0,7500.0,5,20000.0,150000000.0
Super built-up  Area,Ready To Move,Sahakara Nagar,4 BHK,OsrdsOr,2830,3.0,3.0,195.0,2830.0,4,6890.459363957597,19500000.0
Super built-up  Area,Ready To Move,Sahakara Nagar,3 BHK,EsniaGa,1500,2.0,2.0,95.0,1500.0,3,6333.333333333333,9500000.0
Plot  Area,Ready To Move,Sahakara Nagar,4 Bedroom,,1200,4.0,,130.0,1200.0,4,10833.333333333334,13000000.0
Super built-up  Area,Ready To Move,Sahakara Nagar,3 BHK,,1100,2.0,2.0,75.0,1100.0,3,6818.181818181818,7500000.0
Built-up  Area,18-Mar,Sahakara Nagar,3 BHK,,1655,3.0,1.0,115.0,1655.0,3,6948.640483383686,11500000.0
Super built-up  Area,Ready To Move,Sahakara Nagar,2 BHK,ArrdsOr,960,2.0,3.0,56.0,960.0,2,5833.333333333333,5600000.0
Super built-up  Area,Ready To Move,Sahakara Nagar,3 BHK,,1200,2.0,2.0,75.0,1200.0,3,6250.0,7500000.0
Built-up  Area,Ready To Move,Sahakara Nagar,4 BHK,EsniaGa,2500,4.0,,200.0,2500.0,4,8000.0,20000000.0
Super built-up  Area,Ready To Move,Sahakara Nagar,3 BHK,HoAcela,1914,3.0,3.0,179.0,1914.0,3,9352.142110762801,17900000.0
Super built-up  Area,Ready To Move,Sahakara Nagar,3 BHK,HoAcela,1500,3.0,2.0,125.0,1500.0,3,8333.333333333334,12500000.0
Super built-up  Area,Ready To Move,Sahakara Nagar,3 BHK,HoAcela,1914,3.0,2.0,149.0,1914.0,3,7784.743991640544,14900000.0
Super built-up  Area,Ready To Move,Sahakara Nagar,2 BHK,ArrdsOr,1000,2.0,1.0,60.0,1000.0,2,6000.0,6000000.0
Super built-up  Area,Ready To Move,Sahakara Nagar,3 BHK,NCensun,1370,2.0,2.0,90.0,1370.0,3,6569.343065693431,9000000.0
Super built-up  Area,Ready To Move,Sahakara Nagar,3 BHK,,1100,2.0,2.0,75.0,1100.0,3,6818.181818181818,7500000.0
Super built-up  Area,Ready To Move,Sahakara Nagar,2 BHK,NCensun,1180,2.0,2.0,72.0,1180.0,2,6101.6949152542375,7200000.0
Built-up  Area,Ready To Move,Sahakara Nagar,2 BHK,Rauil T,1270,2.0,1.0,96.0,1270.0,2,7559.055118110236,9600000.0
Built-up  Area,Ready To Move,Sahakara Nagar,2 BHK,Kencyes,1201,2.0,3.0,80.0,1201.0,2,6661.1157368859285,8000000.0
Super built-up  Area,Ready To Move,Sahakara Nagar,2 BHK,Saniai ,1291,2.0,2.0,72.3,1291.0,2,5600.309837335399,7230000.0
Built-up  Area,Ready To Move,Sampangi Rama Nagar,2 Bedroom,,1200,2.0,1.0,125.0,1200.0,2,10416.666666666666,12500000.0
Built-up  Area,Ready To Move,Sampangi Rama Nagar,2 BHK,,1030,2.0,2.0,80.0,1030.0,2,7766.9902912621355,8000000.0
Built-up  Area,Ready To Move,Sanjay nagar,2 BHK,Saenti ,1000,2.0,2.0,70.0,1000.0,2,7000.0,7000000.0
Carpet  Area,Ready To Move,Sanjay nagar,2 BHK,,1100,2.0,2.0,98.0,1100.0,2,8909.09090909091,9800000.0
Super built-up  Area,Ready To Move,Sanjay nagar,2 BHK,Camesa ,1150,2.0,3.0,72.2,1150.0,2,6278.260869565217,7220000.0
Built-up  Area,Ready To Move,Sanjay nagar,3 BHK,,1800,3.0,2.0,180.0,1800.0,3,10000.0,18000000.0
Built-up  Area,Ready To Move,Sanjay nagar,2 BHK,,630,1.0,1.0,35.0,630.0,2,5555.555555555556,3500000.0
Super built-up  Area,18-Apr,Sanjay nagar,3 BHK,,1900,2.0,2.0,180.0,1900.0,3,9473.684210526315,18000000.0
Built-up  Area,Ready To Move,Sanjay nagar,2 BHK,,1575,2.0,2.0,90.0,1575.0,2,5714.285714285715,9000000.0
Super built-up  Area,Ready To Move,Sanjay nagar,3 BHK,,1450,3.0,2.0,75.0,1450.0,3,5172.413793103448,7500000.0
Super built-up  Area,Ready To Move,Sanjay nagar,3 BHK,,1200,2.0,1.0,76.0,1200.0,3,6333.333333333333,7600000.0
Super built-up  Area,Ready To Move,Sanjay nagar,2 BHK,,960,2.0,1.0,55.0,960.0,2,5729.166666666667,5500000.0
Super built-up  Area,Ready To Move,Sanjay nagar,2 BHK,BSiumly,1050,2.0,0.0,59.0,1050.0,2,5619.047619047619,5900000.0
Built-up  Area,Ready To Move,Sanjay nagar,2 BHK,,1150,2.0,0.0,70.0,1150.0,2,6086.95652173913,7000000.0
Super built-up  Area,Ready To Move,Sanjay nagar,3 BHK,Viara M,1500,3.0,1.0,150.0,1500.0,3,10000.0,15000000.0
Super built-up  Area,Ready To Move,Sanjay nagar,2 BHK,,1180,2.0,3.0,80.0,1180.0,2,6779.661016949152,8000000.0
Super built-up  Area,Ready To Move,Sanjeevini Nagar,3 BHK,Betatsi,2795,4.0,,235.0,2795.0,3,8407.871198568873,23500000.0
Built-up  Area,Ready To Move,Sanjeevini Nagar,3 BHK,Betatsi,2250,3.0,,180.0,2250.0,3,8000.0,18000000.0
Super built-up  Area,Ready To Move,Sarakki Nagar,3 BHK,Sowerew,2121,4.0,3.0,253.0,2121.0,3,11928.335690711929,25300000.0
Super built-up  Area,18-Dec,Sarakki Nagar,3 BHK,,2289,3.0,2.0,260.0,2289.0,3,11358.671909130624,26000000.0
Super built-up  Area,Ready To Move,Sarakki Nagar,3 BHK,Sowerew,2500,4.0,2.0,325.0,2500.0,3,13000.0,32500000.0
Super built-up  Area,Ready To Move,Sarakki Nagar,3 BHK,Sowerew,2145,4.0,1.0,270.0,2145.0,3,12587.412587412588,27000000.0
Plot  Area,Ready To Move,Sarakki Nagar,3 Bedroom,,1200,3.0,2.0,128.0,1200.0,3,10666.666666666666,12800000.0
Super built-up  Area,Ready To Move,Sarakki Nagar,3 BHK,Sowerew,2663,4.0,1.0,338.0,2663.0,3,12692.452121667293,33800000.0
Built-up  Area,Ready To Move,Sarakki Nagar,3 BHK,,1840,4.0,1.0,175.0,1840.0,3,9510.869565217392,17500000.0
Super built-up  Area,Ready To Move,Sarakki Nagar,4 BHK,Sowerew,3131,4.0,3.0,349.0,3131.0,4,11146.598530820824,34900000.0
Super built-up  Area,Ready To Move,Sarakki Nagar,4 BHK,Sowerew,3126,5.0,3.0,345.0,3126.0,4,11036.468330134358,34500000.0
Super built-up  Area,Ready To Move,Sarakki Nagar,4 BHK,Sowerew,3124,6.0,3.0,349.0,3124.0,4,11171.574903969271,34900000.0
Plot  Area,Ready To Move,Sarjapur,3 Bedroom,Skityer,2250,3.0,2.0,148.0,2250.0,3,6577.777777777777,14800000.0
Super built-up  Area,Ready To Move,Sarjapur,1 BHK,DSousyl,633 - 666,1.0,0.0,17.535,649.5,1,2699.7690531177827,1753500.0
Built-up  Area,Ready To Move,Sarjapur,3 BHK,Ahownve,1285,2.0,2.0,68.0,1285.0,3,5291.828793774319,6800000.0
Plot  Area,Ready To Move,Sarjapur,3 Bedroom,Inensba,1200,3.0,2.0,78.0,1200.0,3,6500.0,7800000.0
Plot  Area,18-Mar,Sarjapur,3 Bedroom,,2238,3.0,1.0,140.0,2238.0,3,6255.585344057194,14000000.0
Built-up  Area,Ready To Move,Sarjapur,4 Bedroom,,2885,3.0,1.0,185.0,2885.0,4,6412.478336221837,18500000.0
Super built-up  Area,18-Apr,Sarjapur,1 BHK,SNityVe,625,1.0,1.0,19.0,625.0,1,3040.0,1900000.0
Super built-up  Area,Ready To Move,Sarjapur,1 BHK,SNityVe,650,1.0,2.0,19.87,650.0,1,3056.923076923077,1987000.0
Plot  Area,18-Aug,Sarjapur,3 Bedroom,Icaryan,1200,3.0,2.0,76.13,1200.0,3,6344.166666666667,7613000.0
Super built-up  Area,Ready To Move,Sarjapur,1 BHK,DSousyl,633,1.0,1.0,17.09,633.0,1,2699.8420221169035,1709000.0
Plot  Area,Ready To Move,Sarjapur,3 Bedroom,PulokPu,1500,5.0,2.0,95.0,1500.0,3,6333.333333333333,9500000.0
Super built-up  Area,20-Dec,Sarjapur,2 BHK,,1451,2.0,1.0,87.0,1451.0,2,5995.864920744314,8700000.0
Built-up  Area,Ready To Move,Sarjapur  Road,3 Bedroom,Cetattu,2497,3.0,2.0,140.0,2497.0,3,5606.728073688426,14000000.0
Super built-up  Area,18-Dec,Sarjapur  Road,3 BHK,Klark L,1787,3.0,2.0,98.29,1787.0,3,5500.279798545048,9829000.0
Super built-up  Area,Ready To Move,Sarjapur  Road,3 BHK,Klark L,1787,3.0,2.0,125.0,1787.0,3,6994.963626189144,12500000.0
Super built-up  Area,20-Mar,Sarjapur  Road,2 BHK,,1000,2.0,1.0,67.0,1000.0,2,6700.0,6700000.0
Super built-up  Area,19-Apr,Sarjapur  Road,2 BHK,Brareio,1195,2.0,1.0,70.0,1195.0,2,5857.740585774059,7000000.0
Super built-up  Area,Ready To Move,Sarjapur  Road,3 BHK,PuineSu,1550,3.0,3.0,100.0,1550.0,3,6451.612903225807,10000000.0
Super built-up  Area,Ready To Move,Sarjapur  Road,3 BHK,Supleon,2100,3.0,2.0,125.0,2100.0,3,5952.380952380952,12500000.0
Plot  Area,Ready To Move,Sarjapur  Road,4 Bedroom,LGestbo,2230,4.0,3.0,225.0,2230.0,4,10089.686098654709,22500000.0
Super built-up  Area,Ready To Move,Sarjapur  Road,3 BHK,Klark L,1691,3.0,2.0,113.0,1691.0,3,6682.436428149024,11300000.0
Super built-up  Area,Ready To Move,Sarjapur  Road,2 BHK,Adeatlm,1278,2.0,2.0,95.0,1278.0,2,7433.489827856025,9500000.0
Built-up  Area,18-Apr,Sarjapur  Road,3 Bedroom,,2238,3.0,1.0,140.0,2238.0,3,6255.585344057194,14000000.0
Super built-up  Area,Ready To Move,Sarjapur  Road,3 BHK,Maantr ,1800,3.0,,110.0,1800.0,3,6111.111111111111,11000000.0
Built-up  Area,Ready To Move,Sarjapur  Road,1 BHK,Shthi S,710,1.0,1.0,27.0,710.0,1,3802.8169014084506,2700000.0
Super built-up  Area,Ready To Move,Sarjapur  Road,4 BHK,Adeatlm,3335,5.0,2.0,300.0,3335.0,4,8995.502248875562,30000000.0
Super built-up  Area,Ready To Move,Sarjapur  Road,3 BHK,Puallhi,1984,4.0,1.0,146.0,1984.0,3,7358.870967741936,14600000.0
Super built-up  Area,Ready To Move,Sarjapur  Road,3 BHK,SocusHi,1700,3.0,3.0,110.0,1700.0,3,6470.588235294118,11000000.0
Super built-up  Area,18-Nov,Sarjapur  Road,3 BHK,AsastDe,1157,2.0,1.0,75.0,1157.0,3,6482.281763180639,7500000.0
Super built-up  Area,Ready To Move,Sarjapur  Road,2 BHK,Maantr ,1282,2.0,2.0,72.0,1282.0,2,5616.224648985959,7200000.0
Super built-up  Area,19-Jul,Sarjapur  Road,1 BHK,Sasta S,580 - 650,1.0,0.0,17.835,615.0,1,2900.0,1783500.0
Super built-up  Area,Ready To Move,Sarjapur  Road,4 BHK,Vaunei ,4111,4.0,1.0,310.0,4111.0,4,7540.744344441741,31000000.0
Super built-up  Area,Ready To Move,Sarjapur  Road,4 BHK,DSndsod,3425 - 3435,6.0,0.0,228.5,3430.0,4,6661.807580174927,22850000.0
Super built-up  Area,Ready To Move,Sarjapur  Road,4 BHK,Maana E,3900,4.0,3.0,300.0,3900.0,4,7692.307692307692,30000000.0
Super built-up  Area,Ready To Move,Sarjapur  Road,2 BHK,Ahriaup,1050,2.0,1.0,62.0,1050.0,2,5904.761904761905,6200000.0
Super built-up  Area,Ready To Move,Sarjapur  Road,3 BHK,Maana E,1700,3.0,3.0,135.0,1700.0,3,7941.176470588235,13500000.0
Super built-up  Area,Ready To Move,Sarjapur  Road,3 BHK,Klark L,1691,3.0,2.0,119.0,1691.0,3,7037.25606150207,11900000.0
Super built-up  Area,Ready To Move,Sarjapur  Road,3 BHK,Adeatlm,1846,3.0,2.0,140.0,1846.0,3,7583.965330444204,14000000.0
Plot  Area,18-Dec,Sarjapur  Road,3 Bedroom,,1200,3.0,1.0,95.0,1200.0,3,7916.666666666667,9500000.0
Super built-up  Area,18-May,Sarjapur  Road,3 BHK,PualeSk,1929,4.0,1.0,103.0,1929.0,3,5339.554173146708,10300000.0
Super built-up  Area,Ready To Move,Sarjapur  Road,2 BHK,Adeatlm,1215,2.0,2.0,110.0,1215.0,2,9053.497942386832,11000000.0
Super built-up  Area,18-Dec,Sarjapur  Road,3 BHK,Klark L,1819,3.0,2.0,100.0,1819.0,3,5497.526113249038,10000000.0
Super built-up  Area,Ready To Move,Sarjapur  Road,3 BHK,Ceiti I,1845,4.0,1.0,110.0,1845.0,3,5962.059620596206,11000000.0
Super built-up  Area,19-Oct,Sarjapur  Road,2 BHK,Brareio,1233,2.0,2.0,77.65,1233.0,2,6297.6480129764805,7765000.000000001
Plot  Area,Ready To Move,Sarjapur  Road,4 Bedroom,Co IIla,3750,6.0,3.0,290.0,3750.0,4,7733.333333333333,29000000.0
Super built-up  Area,Ready To Move,Sarjapur  Road,3 BHK,Mades G,1680,3.0,1.0,112.0,1680.0,3,6666.666666666667,11200000.0
Super built-up  Area,Ready To Move,Sarjapur  Road,2 BHK,Mades G,1255,2.0,1.0,92.0,1255.0,2,7330.677290836654,9200000.0
Super built-up  Area,Ready To Move,Sarjapur  Road,2 BHK,PraleSi,1311,2.0,1.0,78.0,1311.0,2,5949.656750572082,7800000.0
Super built-up  Area,18-Nov,Sarjapur  Road,3 BHK,AsastDe,1157,2.0,1.0,75.0,1157.0,3,6482.281763180639,7500000.0
Super built-up  Area,Ready To Move,Sarjapur  Road,2 BHK,Trurea ,1145,2.0,2.0,75.0,1145.0,2,6550.218340611354,7500000.0
Plot  Area,Ready To Move,Sarjapur  Road,4 Bedroom,,1152,4.0,1.0,230.0,1152.0,4,19965.277777777777,23000000.0
Built-up  Area,Ready To Move,Sarjapur  Road,3 BHK,Esatea ,1300,2.0,2.0,70.0,1300.0,3,5384.615384615385,7000000.0
Super built-up  Area,Ready To Move,Sarjapur  Road,3 BHK,Asncywo,1725,3.0,3.0,90.0,1725.0,3,5217.391304347826,9000000.0
Super built-up  Area,19-May,Sarjapur  Road,3 BHK,Klark L,1446 - 1506,2.0,,98.94,1476.0,3,6703.252032520325,9894000.0
Super built-up  Area,Ready To Move,Sarjapur  Road,3 BHK,Adeatlm,2180,3.0,2.0,170.0,2180.0,3,7798.165137614679,17000000.0
Plot  Area,Ready To Move,Sarjapur  Road,4 Bedroom,Adeatlm,5400,4.0,3.0,725.0,5400.0,4,13425.925925925925,72500000.0
Super built-up  Area,Ready To Move,Sarjapur  Road,3 BHK,SocusHi,1750,3.0,2.0,110.0,1750.0,3,6285.714285714285,11000000.0
Plot  Area,18-Feb,Sarjapur  Road,3 Bedroom,Cetattu,1200,3.0,2.0,70.0,1200.0,3,5833.333333333333,7000000.0
Plot  Area,17-Jun,Sarjapur  Road,3 Bedroom,AztheBr,2600,3.0,2.0,200.0,2600.0,3,7692.307692307692,20000000.0
Plot  Area,Ready To Move,Sarjapur  Road,4 Bedroom,Adeatlm,4000,5.0,2.0,600.0,4000.0,4,15000.0,60000000.0
Super built-up  Area,18-Nov,Sarjapur  Road,1 BHK,AsastDe,685,1.0,1.0,40.0,685.0,1,5839.41605839416,4000000.0
Super built-up  Area,Ready To Move,Sarjapur  Road,3 BHK,Maana E,2720,5.0,,210.0,2720.0,3,7720.588235294118,21000000.0
Super built-up  Area,Ready To Move,Sarjapur  Road,2 BHK,BModsen,1241,2.0,1.0,82.0,1241.0,2,6607.57453666398,8200000.0
Super built-up  Area,Ready To Move,Sarjapur  Road,4 BHK,Maana E,3785,6.0,,280.0,3785.0,4,7397.622192866578,28000000.0
Super built-up  Area,Ready To Move,Sarjapur  Road,1 BHK,,835,1.0,1.0,46.95,835.0,1,5622.754491017964,4695000.0
Plot  Area,18-Aug,Sarjapur  Road,3 Bedroom,,2900,3.0,2.0,285.0,2900.0,3,9827.586206896553,28500000.0
Super built-up  Area,18-Jan,Sarjapur  Road,2 BHK,Kelia R,1280,2.0,1.0,76.0,1280.0,2,5937.5,7600000.0
Super built-up  Area,Ready To Move,Sarjapur  Road,2 BHK,,1263,2.0,1.0,78.0,1263.0,2,6175.771971496437,7800000.0
Super built-up  Area,Ready To Move,Sarjapur  Road,3 BHK,,1691,3.0,1.0,98.0,1691.0,3,5795.38734476641,9800000.0
Super built-up  Area,Ready To Move,Sarjapur  Road,2 BHK,SJityaz,1308,2.0,1.0,83.0,1308.0,2,6345.565749235474,8300000.0
Super built-up  Area,19-Apr,Sarjapur  Road,3 BHK,Brareio,1592,3.0,1.0,91.0,1592.0,3,5716.08040201005,9100000.0
Super built-up  Area,Ready To Move,Sarjapur  Road,2 BHK,Itvas S,1150,2.0,2.0,77.0,1150.0,2,6695.652173913043,7700000.0
Built-up  Area,Ready To Move,Sarjapur  Road,3 BHK,Contsci,1965,3.0,3.0,120.0,1965.0,3,6106.8702290076335,12000000.0
Super built-up  Area,Ready To Move,Sarjapur  Road,3 BHK,Adeatlm,2275,4.0,2.0,180.0,2275.0,3,7912.087912087912,18000000.0
Super built-up  Area,Ready To Move,Sarjapur  Road,3 BHK,Mades G,1680,3.0,1.0,160.0,1680.0,3,9523.809523809523,16000000.0
Built-up  Area,Ready To Move,Sarjapur  Road,2 BHK,Mades G,1200,2.0,1.0,93.0,1200.0,2,7750.0,9300000.0
Super built-up  Area,Ready To Move,Sarjapur  Road,3 BHK,Ahriaup,1525,2.0,2.0,87.0,1525.0,3,5704.918032786885,8700000.0
Super built-up  Area,Ready To Move,Sarjapur  Road,1 BHK,Shthi S,715,1.0,2.0,29.0,715.0,1,4055.944055944056,2900000.0
Super built-up  Area,Ready To Move,Sarjapur  Road,2 BHK,Jauraht,1230,2.0,3.0,94.5,1230.0,2,7682.926829268293,9450000.0
Built-up  Area,Ready To Move,Sarjapur  Road,3 BHK,Soisy D,1750,3.0,3.0,99.0,1750.0,3,5657.142857142857,9900000.0
Plot  Area,Ready To Move,Sarjapur  Road,3 Bedroom,Pelle P,1500,3.0,2.0,88.0,1500.0,3,5866.666666666667,8800000.0
Plot  Area,Ready To Move,Sarjapur  Road,4 Bedroom,NVanat ,1750,3.0,2.0,215.0,1750.0,4,12285.714285714286,21500000.0
Super built-up  Area,Ready To Move,Sarjapur  Road,3 BHK,Adeatlm,1846,3.0,3.0,145.0,1846.0,3,7854.821235102925,14500000.0
Super built-up  Area,Ready To Move,Sarjapur  Road,3 BHK,SollaMa,1846,3.0,2.0,155.0,1846.0,3,8396.533044420368,15500000.0
Super built-up  Area,20-Aug,Sarjapur  Road,2 BHK,Ahciace,1067,2.0,1.0,60.0,1067.0,2,5623.242736644798,6000000.0
Super built-up  Area,Ready To Move,Sarjapur  Road,4 BHK,Puallhi,2383,5.0,1.0,215.0,2383.0,4,9022.24087284935,21500000.0
Super built-up  Area,Ready To Move,Sarjapur  Road,3 BHK,Asncywo,1700,3.0,1.0,95.0,1700.0,3,5588.235294117647,9500000.0
Super built-up  Area,Ready To Move,Sarjapur  Road,3 BHK,Adeatlm,2145,3.0,3.0,190.0,2145.0,3,8857.808857808857,19000000.0
Super built-up  Area,Ready To Move,Sarjapur  Road,4 BHK,Maana E,3785,5.0,,280.0,3785.0,4,7397.622192866578,28000000.0
Built-up  Area,Ready To Move,Sarjapur  Road,3 Bedroom,Adntsra,2556,3.0,2.0,169.0,2556.0,3,6611.89358372457,16900000.0
Super built-up  Area,Ready To Move,Sarjapur  Road,2 BHK,Adeatlm,1278,2.0,2.0,90.0,1278.0,2,7042.2535211267605,9000000.0
Super built-up  Area,Ready To Move,Sarjapur  Road,3 BHK,Adeatlm,2180,3.0,2.0,240.0,2180.0,3,11009.174311926605,24000000.0
Super built-up  Area,Ready To Move,Sarjapur  Road,2 BHK,PuineSu,1305,2.0,1.0,99.0,1305.0,2,7586.206896551724,9900000.0
Super built-up  Area,Ready To Move,Sarjapur  Road,3 BHK,,1755,3.0,2.0,122.0,1755.0,3,6951.5669515669515,12200000.0
Super built-up  Area,Ready To Move,Sarjapur  Road,4 BHK,Klark L,4260 - 4408,2.0,,338.0,4334.0,4,7798.800184586987,33800000.0
Super built-up  Area,18-Apr,Sarjapur  Road,3 BHK,PualeSk,1700,3.0,2.0,93.5,1700.0,3,5500.0,9350000.0
Super built-up  Area,Ready To Move,Sarjapur  Road,3 BHK,Mades G,1455,2.0,1.0,98.0,1455.0,3,6735.395189003437,9800000.0
Built-up  Area,Ready To Move,Sarjapur  Road,3 BHK,Adeatlm,1850,3.0,3.0,140.0,1850.0,3,7567.5675675675675,14000000.0
Super built-up  Area,18-Apr,Sarjapur  Road,1 BHK,Kiare S,950,1.0,0.0,39.9,950.0,1,4200.0,3990000.0
Super built-up  Area,Ready To Move,Sarjapur  Road,3 BHK,Saitya ,1826,3.0,2.0,130.0,1826.0,3,7119.386637458927,13000000.0
Super built-up  Area,Ready To Move,Sarjapur  Road,3 BHK,DSndsod,1660,2.0,2.0,116.0,1660.0,3,6987.951807228916,11600000.0
Super built-up  Area,Ready To Move,Sarjapur  Road,3 BHK,Maantr ,1700,3.0,3.0,108.0,1700.0,3,6352.941176470588,10800000.0
Super built-up  Area,Ready To Move,Sarjapur  Road,3 BHK,CoLeoen,1539,3.0,,85.0,1539.0,3,5523.066926575699,8500000.0
Super built-up  Area,Ready To Move,Sarjapur  Road,3 BHK,CoLeoen,1489,2.0,3.0,82.0,1489.0,3,5507.051712558764,8200000.0
Super built-up  Area,Ready To Move,Sarjapur  Road,1 BHK,Ahriaup,539,1.0,1.0,45.0,539.0,1,8348.794063079777,4500000.0
Super built-up  Area,Ready To Move,Sarjapur  Road,2 BHK,AbiewLa,1200,2.0,2.0,75.0,1200.0,2,6250.0,7500000.0
Super built-up  Area,Ready To Move,Sarjapur  Road,3 BHK,Adeatlm,2145,3.0,3.0,180.0,2145.0,3,8391.608391608392,18000000.0
Super built-up  Area,Ready To Move,Sarjapur  Road,2 BHK,Adeatlm,1320,2.0,2.0,115.0,1320.0,2,8712.121212121212,11500000.0
Built-up  Area,18-Mar,Sarjapur  Road,3 Bedroom,,3044,3.0,2.0,183.0,3044.0,3,6011.826544021025,18300000.0
Super built-up  Area,Ready To Move,Sarjapur  Road,3 BHK,MJinele,1163,2.0,2.0,62.0,1163.0,3,5331.04041272571,6200000.0
Built-up  Area,Ready To Move,Sarjapur  Road,3 Bedroom,AztheBr,3004,4.0,,158.0,3004.0,3,5259.65379494008,15800000.0
Super built-up  Area,Ready To Move,Sarjapur  Road,3 BHK,Puallhi,1877,4.0,2.0,150.0,1877.0,3,7991.475759190197,15000000.0
Super built-up  Area,Ready To Move,Sarjapur  Road,2 BHK,Ceiti I,1229,2.0,2.0,70.0,1229.0,2,5695.6875508543535,7000000.0
Super built-up  Area,18-May,Sarjapur  Road,3 BHK,PualeSk,1711,3.0,1.0,110.0,1711.0,3,6428.988895382817,11000000.0
Super built-up  Area,Ready To Move,Sarjapur  Road,2 BHK,Ahriaup,1050,2.0,1.0,63.5,1050.0,2,6047.619047619048,6350000.0
Super built-up  Area,Ready To Move,Sarjapur  Road,2 BHK,Adeatlm,1350,2.0,2.0,102.0,1350.0,2,7555.555555555556,10200000.0
Super built-up  Area,Ready To Move,Sarjapur  Road,4 BHK,SoineJa,2990,4.0,,240.0,2990.0,4,8026.755852842809,24000000.0
Super built-up  Area,Ready To Move,Sarjapur  Road,3 BHK,CoLeoen,1457,3.0,3.0,85.0,1457.0,3,5833.905284831846,8500000.0
Super built-up  Area,18-Apr,Sarjapur  Road,3 BHK,PualeSk,1685,3.0,1.0,135.0,1685.0,3,8011.86943620178,13500000.0
Plot  Area,18-May,Sarjapur  Road,3 Bedroom,Cetattu,1200,3.0,2.0,70.0,1200.0,3,5833.333333333333,7000000.0
Built-up  Area,Ready To Move,Sarjapur  Road,4 Bedroom,Vaunei ,3800,3.0,3.0,325.0,3800.0,4,8552.631578947368,32500000.0
Super built-up  Area,18-Nov,Sarjapur  Road,2 BHK,AsastDe,984,2.0,1.0,55.0,984.0,2,5589.430894308943,5500000.0
Plot  Area,Ready To Move,Sarjapur  Road,4 Bedroom,,1500,3.0,0.0,235.0,1500.0,4,15666.666666666666,23500000.0
Super built-up  Area,Ready To Move,Sarjapur  Road,2 BHK,DSndsod,1320,2.0,1.0,100.0,1320.0,2,7575.757575757576,10000000.0
Super built-up  Area,Ready To Move,Sarjapur  Road,3 BHK,Puallhi,1984,4.0,1.0,145.0,1984.0,3,7308.467741935484,14500000.0
Super built-up  Area,Ready To Move,Sarjapur  Road,5 BHK,Adeatlm,3692,5.0,,340.0,3692.0,5,9209.100758396533,34000000.0
Super built-up  Area,Ready To Move,Sarjapur  Road,3 BHK,KPiteEl,1550,2.0,1.0,89.0,1550.0,3,5741.935483870968,8900000.0
Super built-up  Area,Ready To Move,Sarjapur  Road,3 BHK,,1900,4.0,1.0,180.0,1900.0,3,9473.684210526315,18000000.0
Super built-up  Area,Ready To Move,Sarjapur  Road,4 BHK,Puallhi,2425,5.0,1.0,201.0,2425.0,4,8288.659793814433,20100000.0
Plot  Area,Ready To Move,Sarjapur  Road,5 Bedroom,Owlotou,1480,4.0,1.0,169.0,1480.0,5,11418.918918918918,16900000.0
Super built-up  Area,Ready To Move,Sarjapur  Road,3 BHK,Klark L,1691,3.0,2.0,113.0,1691.0,3,6682.436428149024,11300000.0
Super built-up  Area,Ready To Move,Sarjapur  Road,3 BHK,SoniaEt,2070,4.0,2.0,160.0,2070.0,3,7729.468599033817,16000000.0
Plot  Area,Ready To Move,Sarjapur  Road,3 Bedroom,Adeatlm,5400,3.0,2.0,700.0,5400.0,3,12962.962962962964,70000000.0
Super built-up  Area,Ready To Move,Sarjapur  Road,3 BHK,PuineSu,1435,3.0,2.0,90.0,1435.0,3,6271.777003484321,9000000.0
Plot  Area,Ready To Move,Sarjapur  Road,4 Bedroom,Adeatlm,5400,4.0,2.0,750.0,5400.0,4,13888.888888888889,75000000.0
Super built-up  Area,Ready To Move,Sarjapur  Road,3 BHK,Adeatlm,1693,3.0,2.0,125.0,1693.0,3,7383.343177790904,12500000.0
Super built-up  Area,Ready To Move,Sarjapur  Road,3 BHK,Saitya ,1826,3.0,2.0,125.0,1826.0,3,6845.564074479737,12500000.0
Super built-up  Area,Ready To Move,Sarjapur  Road,3 BHK,DSndsod,1660,3.0,2.0,116.0,1660.0,3,6987.951807228916,11600000.0
Built-up  Area,Ready To Move,Sarjapur  Road,4 Bedroom,VaMarll,2750,5.0,1.0,240.0,2750.0,4,8727.272727272728,24000000.0
Built-up  Area,18-Dec,Sarjapur  Road,3 Bedroom,,1830,3.0,1.0,119.0,1830.0,3,6502.732240437159,11900000.0
Super built-up  Area,18-Jun,Sarjapur  Road,3 BHK,PualeSk,1700,3.0,1.0,194.0,1700.0,3,11411.764705882353,19400000.0
Super built-up  Area,19-Mar,Sarjapur  Road,3 BHK,PualeSk,1929,4.0,1.0,101.0,1929.0,3,5235.873509590461,10100000.0
Super built-up  Area,Ready To Move,Sarjapur  Road,4 BHK,Adeatlm,2900,4.0,2.0,240.0,2900.0,4,8275.862068965518,24000000.0
Super built-up  Area,Ready To Move,Sarjapur  Road,2 BHK,,1059,2.0,2.0,68.0,1059.0,2,6421.152030217186,6800000.0
Super built-up  Area,18-May,Sarjapur  Road,3 BHK,AsastDe,1157,2.0,1.0,74.0,1157.0,3,6395.851339671564,7400000.0
Super built-up  Area,18-Apr,Sarjapur  Road,3 BHK,PualeSk,1700,3.0,1.0,118.0,1700.0,3,6941.176470588235,11800000.0
Super built-up  Area,Ready To Move,Sarjapur  Road,3 BHK,Klark L,1691,3.0,3.0,120.0,1691.0,3,7096.392667060911,12000000.0
Super built-up  Area,Ready To Move,Sarjapur  Road,3 BHK,Contsci,1770,3.0,2.0,180.0,1770.0,3,10169.49152542373,18000000.0
Super built-up  Area,18-Apr,Sarjapur  Road,3 BHK,PualeSk,1929,3.0,1.0,103.0,1929.0,3,5339.554173146708,10300000.0
Super built-up  Area,18-May,Sarjapur  Road,2 BHK,SJityaz,1308,2.0,1.0,75.0,1308.0,2,5733.94495412844,7500000.0
Super built-up  Area,Ready To Move,Sarjapur  Road,3 BHK,Maana E,2650,3.0,2.0,260.0,2650.0,3,9811.32075471698,26000000.0
Super built-up  Area,Ready To Move,Sarjapur  Road,3 BHK,Brtondd,1580,3.0,3.0,125.0,1580.0,3,7911.392405063291,12500000.0
Super built-up  Area,18-Jul,Sarjapur  Road,3 BHK,Ceiti I,1797,4.0,1.0,95.0,1797.0,3,5286.588759042849,9500000.0
Super built-up  Area,17-Oct,Sarjapur  Road,3 BHK,Asuceis,1763.25,3.0,3.0,98.0,1763.25,3,5557.918616191691,9800000.0
Super built-up  Area,Ready To Move,Sarjapur  Road,3 BHK,Saitya ,1826,3.0,2.0,130.0,1826.0,3,7119.386637458927,13000000.0
Super built-up  Area,Ready To Move,Sarjapur  Road,3 BHK,SJityaz,1550,2.0,2.0,98.0,1550.0,3,6322.580645161291,9800000.0
Super built-up  Area,19-Dec,Sarjapur  Road,1 BHK,Daivon ,534,1.0,1.0,19.65,534.0,1,3679.775280898876,1964999.9999999998
Built-up  Area,Ready To Move,Sarjapur  Road,3 BHK,,1450,2.0,1.0,75.0,1450.0,3,5172.413793103448,7500000.0
Super built-up  Area,18-Dec,Sarjapur  Road,3 BHK,Klark L,1819,3.0,2.0,100.0,1819.0,3,5497.526113249038,10000000.0
Super built-up  Area,18-Nov,Sarjapur  Road,2 BHK,AsastDe,984,2.0,1.0,59.0,984.0,2,5995.934959349594,5900000.0
Super built-up  Area,Ready To Move,Sarjapur  Road,3 BHK,CoLeoen,1489,3.0,2.0,88.0,1489.0,3,5910.006715916723,8800000.0
Super built-up  Area,18-Jan,Sarjapur  Road,1 BHK,SJityaz,702,1.0,1.0,52.0,702.0,1,7407.407407407408,5200000.0
Super built-up  Area,18-Mar,Sarjapur  Road,2 BHK,SJityaz,1242,2.0,1.0,75.0,1242.0,2,6038.647342995169,7500000.0
Super built-up  Area,Ready To Move,Sarjapur  Road,3 BHK,Adeatlm,2275,4.0,2.0,185.0,2275.0,3,8131.868131868132,18500000.0
Plot  Area,Ready To Move,Sarjapur  Road,4 Bedroom,,3200,4.0,1.0,350.0,3200.0,4,10937.5,35000000.0
Super built-up  Area,Ready To Move,Sarjapur  Road,3 BHK,Ahriaup,2100,3.0,1.0,135.0,2100.0,3,6428.571428571428,13500000.0
Super built-up  Area,Ready To Move,Sarjapur  Road,4 BHK,Adeatlm,3335,4.0,3.0,290.0,3335.0,4,8695.652173913044,29000000.0
Plot  Area,Ready To Move,Sarjapur  Road,3 Bedroom,,3009,3.0,1.0,331.0,3009.0,3,11000.33233632436,33100000.0
Super built-up  Area,18-Jul,Sarjapur  Road,3 BHK,PualeSk,1700,3.0,2.0,93.5,1700.0,3,5500.0,9350000.0
Super built-up  Area,Ready To Move,Sarjapur  Road,3 BHK,Ceiti I,1862,4.0,1.0,110.0,1862.0,3,5907.626208378088,11000000.0
Plot  Area,Ready To Move,Sarjapur  Road,4 Bedroom,Adeatlm,4000,5.0,1.0,578.0,4000.0,4,14450.0,57800000.0
Super built-up  Area,Ready To Move,Sarjapur  Road,3 BHK,Adeatlm,2275,4.0,2.0,175.0,2275.0,3,7692.307692307692,17500000.0
Super built-up  Area,Ready To Move,Sarjapur  Road,2 BHK,Maantr ,1314,2.0,2.0,110.0,1314.0,2,8371.38508371385,11000000.0
Super built-up  Area,Ready To Move,Sarjapur  Road,3 BHK,Klark L,1787,3.0,2.0,116.0,1787.0,3,6491.326245103525,11600000.0
Super built-up  Area,Ready To Move,Sarjapur  Road,3 BHK,Klark L,1691,3.0,2.0,93.01,1691.0,3,5500.295683027794,9301000.0
Super built-up  Area,Ready To Move,Sarjapur  Road,4 BHK,Adeatlm,3005,5.0,,275.0,3005.0,4,9151.414309484193,27500000.0
Super built-up  Area,Ready To Move,Sarjapur  Road,3 BHK,Trurea ,1181,2.0,1.0,65.0,1181.0,3,5503.81033022862,6500000.0
Super built-up  Area,Ready To Move,Sarjapur  Road,3 BHK,Klark L,1691,3.0,2.0,100.0,1691.0,3,5913.660555884092,10000000.0
Super built-up  Area,Ready To Move,Sarjapur  Road,2 BHK,,1026,2.0,1.0,60.55,1026.0,2,5901.559454191033,6055000.0
Super built-up  Area,18-Apr,Sarjapur  Road,2 BHK,PualeSk,1350,2.0,1.0,85.0,1350.0,2,6296.2962962962965,8500000.0
Super built-up  Area,18-May,Sarjapur  Road,3 BHK,AsastDe,1157,2.0,1.0,72.0,1157.0,3,6222.990492653414,7200000.0
Super built-up  Area,Ready To Move,Sarjapur  Road,2 BHK,Ahriaup,1019,2.0,1.0,62.0,1019.0,2,6084.396467124632,6200000.0
Super built-up  Area,Ready To Move,Sarjapur  Road,4 BHK,Saitya ,3418,3.0,,235.0,3418.0,4,6875.365710942071,23500000.0
Super built-up  Area,19-Dec,Sarjapur  Road,1 BHK,AsastDe,691,1.0,1.0,31.1,691.0,1,4500.723589001447,3110000.0
Super built-up  Area,17-May,Sarjapur  Road,3 BHK,Ahriaup,1881,3.0,2.0,145.0,1881.0,3,7708.665603402445,14500000.0
Super built-up  Area,Ready To Move,Sarjapur  Road,3 BHK,Adeatlm,2275,4.0,2.0,182.0,2275.0,3,8000.0,18200000.0
Super built-up  Area,Ready To Move,Sarjapur  Road,3 BHK,Ahriaup,1881,3.0,2.0,145.0,1881.0,3,7708.665603402445,14500000.0
Plot  Area,Ready To Move,Sarjapur  Road,4 Bedroom,NVanat ,2880,3.0,2.0,211.0,2880.0,4,7326.388888888889,21100000.0
Built-up  Area,Ready To Move,Sarjapur  Road,4 Bedroom,AztheBr,3418,2.0,,222.0,3418.0,4,6495.026331187829,22200000.0
Built-up  Area,Ready To Move,Sarjapur  Road,1 BHK,Shthi S,675,1.0,1.0,27.0,675.0,1,4000.0,2700000.0
Super built-up  Area,18-Mar,Sarjapur  Road,3 BHK,PualeSk,1618 - 1929,2.0,,102.92,1773.5,3,5803.213983648154,10292000.0
Plot  Area,Ready To Move,Sarjapur  Road,5 Bedroom,AdlasRe,10000,4.0,2.0,975.0,10000.0,5,9750.0,97500000.0
Super built-up  Area,Ready To Move,Sarjapur  Road,4 BHK,Maana E,3930,5.0,2.0,330.0,3930.0,4,8396.946564885497,33000000.0
Super built-up  Area,Ready To Move,Sarjapur  Road,3 BHK,Klark L,1691,3.0,2.0,119.0,1691.0,3,7037.25606150207,11900000.0
Super built-up  Area,Ready To Move,Sarjapur  Road,2 BHK,DSndsod,1335,2.0,1.0,95.0,1335.0,2,7116.104868913858,9500000.0
Built-up  Area,Ready To Move,Sarjapur  Road,3 BHK,,1680,3.0,2.0,126.0,1680.0,3,7500.0,12600000.0
Super built-up  Area,Ready To Move,Sarjapur  Road,3 BHK,GCiewty,1222,2.0,1.0,68.0,1222.0,3,5564.648117839607,6800000.0
Built-up  Area,Ready To Move,Sarjapur  Road,4 BHK,Saitya ,3420,4.0,2.0,225.0,3420.0,4,6578.9473684210525,22500000.0
Super built-up  Area,Ready To Move,Sarjapur  Road,3 BHK,Mades G,1510,2.0,1.0,110.0,1510.0,3,7284.76821192053,11000000.0
Super built-up  Area,Ready To Move,Sarjapur  Road,2 BHK,SJityaz,1242,2.0,1.0,78.0,1242.0,2,6280.193236714976,7800000.0
Super built-up  Area,Ready To Move,Sarjapur  Road,3 BHK,Puops R,984,3.0,2.0,140.0,984.0,3,14227.642276422765,14000000.0
Super built-up  Area,Ready To Move,Sarjapur  Road,2 BHK,Ahriaup,1129,2.0,1.0,69.0,1129.0,2,6111.603188662533,6900000.0
Super built-up  Area,Ready To Move,Sarjapur  Road,3 BHK,Adeatlm,1850,3.0,2.0,140.0,1850.0,3,7567.5675675675675,14000000.0
Super built-up  Area,Ready To Move,Sarjapur  Road,3 BHK,Adeatlm,1879,3.0,2.0,155.0,1879.0,3,8249.068653539116,15500000.0
Super built-up  Area,19-Oct,Sarjapur  Road,3 BHK,AsastDe,1157,2.0,1.0,75.0,1157.0,3,6482.281763180639,7500000.0
Super built-up  Area,Ready To Move,Sarjapur  Road,4 BHK,Puallhi,2425,5.0,1.0,175.0,2425.0,4,7216.494845360825,17500000.0
Super built-up  Area,Ready To Move,Sarjapur  Road,2 BHK,Maantr ,1323,2.0,2.0,74.0,1323.0,2,5593.348450491308,7400000.0
Super built-up  Area,Ready To Move,Sarjapur  Road,4 BHK,DSndsod,2500,4.0,3.0,225.0,2500.0,4,9000.0,22500000.0
Super built-up  Area,Ready To Move,Sarjapur  Road,3 BHK,SoniaEt,2289,3.0,2.0,178.0,2289.0,3,7776.321537789428,17800000.0
Built-up  Area,Ready To Move,Sarjapur  Road,3 BHK,Esatea ,1314,2.0,2.0,70.44,1314.0,3,5360.730593607306,7044000.0
Super built-up  Area,Ready To Move,Sarjapur  Road,3 BHK,Supleon,2100,3.0,2.0,130.0,2100.0,3,6190.476190476191,13000000.0
Super built-up  Area,Ready To Move,Sarjapur  Road,1 BHK,SJityaz,702,1.0,0.0,35.8,702.0,1,5099.715099715099,3579999.9999999995
Plot  Area,16-Jan,Sarjapur  Road,4 Bedroom,Saacesa,1240,4.0,0.0,110.0,1240.0,4,8870.967741935483,11000000.0
Super built-up  Area,Ready To Move,Sarjapur  Road,2 BHK,Adeatlm,1320,2.0,2.0,110.0,1320.0,2,8333.333333333334,11000000.0
Super built-up  Area,Ready To Move,Sarjapur  Road,3 BHK,Saitya ,1800,3.0,2.0,128.0,1800.0,3,7111.111111111111,12800000.0
Super built-up  Area,Ready To Move,Sarjapur  Road,3 BHK,Adeatlm,2275,4.0,2.0,187.0,2275.0,3,8219.78021978022,18700000.0
Super built-up  Area,Ready To Move,Sarjapur  Road,2 BHK,,1026,2.0,2.0,60.8,1026.0,2,5925.925925925926,6080000.0
Super built-up  Area,Ready To Move,Sarjapur  Road,4 BHK,Adeatlm,3335,4.0,3.0,300.0,3335.0,4,8995.502248875562,30000000.0
Built-up  Area,18-Apr,Sarjapur  Road,2 BHK,,1216,2.0,2.0,70.0,1216.0,2,5756.578947368421,7000000.0
Super built-up  Area,19-Mar,Sarjapur  Road,2 BHK,AsastDe,1112,2.0,1.0,62.0,1112.0,2,5575.5395683453235,6200000.0
Plot  Area,Ready To Move,Sarjapur  Road,4 Bedroom,AdlasRe,4250,4.0,2.0,610.0,4250.0,4,14352.941176470587,61000000.0
Super built-up  Area,18-Nov,Sarjapur  Road,3 BHK,AsastDe,1157,2.0,1.0,69.0,1157.0,3,5963.699222126188,6900000.0
Super built-up  Area,Ready To Move,Sarjapur  Road,2 BHK,Ahriaup,1026,2.0,1.0,60.8,1026.0,2,5925.925925925926,6080000.0
Plot  Area,Ready To Move,Sarjapur  Road,3 Bedroom,Krs A C,1600,3.0,1.0,120.0,1600.0,3,7500.0,12000000.0
Super built-up  Area,20-Aug,Sarjapur  Road,1 BHK,Ahciace,475,1.0,1.0,26.0,475.0,1,5473.684210526316,2600000.0
Built-up  Area,Ready To Move,Sarjapur  Road,3 BHK,Adeatlm,1857,4.0,3.0,155.0,1857.0,3,8346.795907377491,15500000.0
Plot  Area,Ready To Move,Sarjapur  Road,4 Bedroom,NVanat ,1750,3.0,1.0,185.0,1750.0,4,10571.42857142857,18500000.0
Super built-up  Area,Ready To Move,Sarjapur  Road,3 BHK,DSndsod,1660,2.0,2.0,116.0,1660.0,3,6987.951807228916,11600000.0
Plot  Area,Ready To Move,Sarjapur  Road,4 Bedroom,Adeatlm,3150,4.0,2.0,500.0,3150.0,4,15873.015873015873,50000000.0
Built-up  Area,Ready To Move,Sarjapur  Road,4 Bedroom,Adeatlm,6200,4.0,2.0,744.0,6200.0,4,12000.0,74400000.0
Super built-up  Area,Ready To Move,Sarjapur  Road,3 BHK,PraleSi,2089,3.0,2.0,148.0,2089.0,3,7084.729535662997,14800000.0
Super built-up  Area,Ready To Move,Sarjapur  Road,3 BHK,,1612,3.0,1.0,98.38,1612.0,3,6102.977667493797,9838000.0
Super built-up  Area,Ready To Move,Sarjapur  Road,2 BHK,Adeatlm,1290,2.0,2.0,88.0,1290.0,2,6821.705426356589,8800000.0
Super built-up  Area,18-Apr,Sarjapur  Road,2 BHK,PualeSk,1371,2.0,1.0,86.0,1371.0,2,6272.793581327498,8600000.0
Super built-up  Area,Ready To Move,Sarjapur  Road,3 BHK,PraleSi,2140,3.0,2.0,139.0,2140.0,3,6495.327102803738,13900000.0
Super built-up  Area,Ready To Move,Sarjapur  Road,3 BHK,Reciale,1600,3.0,1.0,85.0,1600.0,3,5312.5,8500000.0
Super built-up  Area,Ready To Move,Sarjapur  Road,3 BHK,Adeatlm,2180,4.0,3.0,180.0,2180.0,3,8256.880733944954,18000000.0
Super built-up  Area,Ready To Move,Sarjapur  Road,3 BHK,Klark L,1691,3.0,2.0,119.0,1691.0,3,7037.25606150207,11900000.0
Super built-up  Area,Ready To Move,Sarjapur  Road,3 BHK,SoniaEt,2206,4.0,1.0,180.0,2206.0,3,8159.564823209429,18000000.0
Super built-up  Area,18-Dec,Sarjapur  Road,3 BHK,Klark L,1691,3.0,2.0,100.0,1691.0,3,5913.660555884092,10000000.0
Plot  Area,Ready To Move,Sarjapur  Road,4 Bedroom,Saacesa,1250,4.0,,135.0,1250.0,4,10800.0,13500000.0
Built-up  Area,Ready To Move,Sarjapur  Road,2 BHK,MadinJa,1367,2.0,0.0,80.0,1367.0,2,5852.231163130944,8000000.0
Super built-up  Area,Ready To Move,Sarjapur  Road,3 BHK,Puallhi,1984,4.0,1.0,148.0,1984.0,3,7459.677419354839,14800000.0
Super built-up  Area,Ready To Move,Sarjapur  Road,2 BHK,Tiare S,1340,2.0,,75.0,1340.0,2,5597.014925373134,7500000.0
Plot  Area,Ready To Move,Sarjapur  Road,3 Bedroom,,3500,3.0,2.0,275.0,3500.0,3,7857.142857142857,27500000.0
Built-up  Area,Ready To Move,Sarjapur  Road,4 Bedroom,,2758,4.0,1.0,240.0,2758.0,4,8701.95794053662,24000000.0
Super built-up  Area,18-Apr,Sarjapur  Road,2 BHK,,1132,2.0,1.0,70.0,1132.0,2,6183.745583038869,7000000.0
Super built-up  Area,Ready To Move,Sarjapur  Road,4 BHK,Maana E,4050,2.0,1.0,450.0,4050.0,4,11111.111111111111,45000000.0
Super built-up  Area,Ready To Move,Sarjapur  Road,4 BHK,Puallhi,2425,5.0,1.0,195.0,2425.0,4,8041.237113402062,19500000.0
Built-up  Area,Ready To Move,"Sarjapur Road,",3 BHK,,1929,3.0,2.0,115.0,1929.0,3,5961.638154484189,11500000.0
Built-up  Area,Ready To Move,"Sarjapur Road,",4 BHK,,2425,4.0,3.0,173.0,2425.0,4,7134.020618556701,17300000.0
Built-up  Area,Ready To Move,"Sarjapur Road,",3 BHK,,1636,3.0,2.0,97.0,1636.0,3,5929.095354523228,9700000.0
Built-up  Area,Ready To Move,"Sarjapur Road,",3 BHK,,1936,3.0,2.0,139.0,1936.0,3,7179.752066115702,13900000.0
Built-up  Area,Ready To Move,"Sarjapur Road,",2 BHK,,1275,2.0,1.0,76.0,1275.0,2,5960.78431372549,7600000.0
Super built-up  Area,Ready To Move,Sarjapura - Attibele Road,1 BHK,Soe 2as,740,1.0,1.0,23.65,740.0,1,3195.945945945946,2365000.0
Built-up  Area,Ready To Move,Sarvabhouma Nagar,1 BHK,,500,1.0,0.0,24.0,500.0,1,4800.0,2400000.0
Super built-up  Area,Ready To Move,Sathya Layout,3 BHK,NChtsun,1504,2.0,2.0,100.0,1504.0,3,6648.936170212766,10000000.0
Super built-up  Area,Ready To Move,Sathya Layout,3 BHK,NChtsun,1504,2.0,2.0,102.0,1504.0,3,6781.914893617021,10200000.0
Plot  Area,Ready To Move,Sathya Sai Layout,4 Bedroom,Prowshi,5500,4.0,,600.0,5500.0,4,10909.09090909091,60000000.0
Super built-up  Area,Ready To Move,Sathya Sai Layout,4 BHK,Prowshi,4104,4.0,3.0,360.0,4104.0,4,8771.929824561403,36000000.0
Built-up  Area,Ready To Move,Sathya Sai Layout,4 BHK,Prowshi,4041,4.0,2.0,345.0,4041.0,4,8537.490720118782,34500000.0
Super built-up  Area,Ready To Move,Sathya Sai Layout,4 BHK,Prowshi,6652,6.0,1.0,510.0,6652.0,4,7666.867107636801,51000000.0
Super built-up  Area,Ready To Move,Sathya Sai Layout,4 BHK,Prowshi,6652,6.0,1.0,660.0,6652.0,4,9921.828021647625,66000000.0
Plot  Area,Ready To Move,Sathya Sai Layout,4 Bedroom,Prowshi,6688,6.0,1.0,700.0,6688.0,4,10466.507177033493,70000000.0
Super built-up  Area,Ready To Move,Sector 1 HSR Layout,3 BHK,SodilDa,1840,3.0,2.0,155.0,1840.0,3,8423.91304347826,15500000.0
Super built-up  Area,Ready To Move,Sector 1 HSR Layout,3 BHK,SodilDa,1533,3.0,2.0,150.0,1533.0,3,9784.735812133073,15000000.0
Plot  Area,Ready To Move,Sector 1 HSR Layout,5 Bedroom,,1240,5.0,3.0,300.0,1240.0,5,24193.548387096773,30000000.0
Plot  Area,Ready To Move,Sector 1 HSR Layout,2 Bedroom,,600,2.0,1.0,120.0,600.0,2,20000.0,12000000.0
Super built-up  Area,Ready To Move,Sector 1 HSR Layout,1 BHK,,6000,1.0,1.0,276.0,6000.0,1,4600.0,27600000.0
Super built-up  Area,Ready To Move,Sector 1 HSR Layout,3 BHK,SodilDa,1804,3.0,2.0,150.0,1804.0,3,8314.855875831485,15000000.0
Super built-up  Area,Ready To Move,Sector 2 HSR Layout,2 BHK,Putus L,1296,2.0,1.0,75.0,1296.0,2,5787.037037037037,7500000.0
Super built-up  Area,Ready To Move,Sector 2 HSR Layout,3 BHK,NCdgerj,1450,2.0,2.0,135.0,1450.0,3,9310.344827586207,13500000.0
Super built-up  Area,Ready To Move,Sector 2 HSR Layout,1 BHK,DShtsow,794,1.0,1.0,60.0,794.0,1,7556.675062972292,6000000.0
Super built-up  Area,Ready To Move,Sector 2 HSR Layout,2 BHK,,1143,2.0,2.0,65.0,1143.0,2,5686.789151356081,6500000.0
Super built-up  Area,Ready To Move,Sector 2 HSR Layout,1 BHK,DShtsow,794,1.0,2.0,65.0,794.0,1,8186.39798488665,6500000.0
Super built-up  Area,Ready To Move,Sector 2 HSR Layout,3 BHK,,1665,3.0,,110.0,1665.0,3,6606.606606606607,11000000.0
Super built-up  Area,Ready To Move,Sector 2 HSR Layout,3 BHK,NDpalSe,1512,3.0,,80.0,1512.0,3,5291.005291005291,8000000.0
Built-up  Area,Ready To Move,Sector 2 HSR Layout,2 BHK,DShtsow,1332,2.0,2.0,101.0,1332.0,2,7582.582582582582,10100000.0
Super built-up  Area,Ready To Move,Sector 2 HSR Layout,3 BHK,Putus L,1600,3.0,2.0,90.0,1600.0,3,5625.0,9000000.0
Built-up  Area,Ready To Move,Sector 2 HSR Layout,2 BHK,DShtsow,1095,2.0,1.0,85.41,1095.0,2,7800.0,8541000.0
Super built-up  Area,18-May,Sector 6 HSR Layout,4 BHK,,3000,5.0,2.0,260.0,3000.0,4,8666.666666666666,26000000.0
Plot  Area,Ready To Move,Sector 6 HSR Layout,3 Bedroom,,3800,3.0,0.0,580.0,3800.0,3,15263.157894736842,58000000.0
Super built-up  Area,Ready To Move,Sector 6 HSR Layout,4 BHK,,3000,5.0,,270.0,3000.0,4,9000.0,27000000.0
Plot  Area,Ready To Move,Sector 7 HSR Layout,4 Bedroom,,3000,5.0,1.0,275.0,3000.0,4,9166.666666666666,27500000.0
Plot  Area,Ready To Move,Sector 7 HSR Layout,5 Bedroom,,900,4.0,0.0,90.0,900.0,5,10000.0,9000000.0
Super built-up  Area,Ready To Move,Sector 7 HSR Layout,2 BHK,,1163,2.0,2.0,98.86,1163.0,2,8500.42992261393,9886000.0
Super built-up  Area,Ready To Move,Sector 7 HSR Layout,3 BHK,Saitya ,1760,3.0,2.0,145.0,1760.0,3,8238.636363636364,14500000.0
Built-up  Area,Ready To Move,Sector 7 HSR Layout,3 BHK,,3900,3.0,2.0,300.0,3900.0,3,7692.307692307692,30000000.0
Super built-up  Area,Ready To Move,Sector 7 HSR Layout,2 BHK,,1163,2.0,1.0,98.86,1163.0,2,8500.42992261393,9886000.0
Super built-up  Area,Ready To Move,Sector 7 HSR Layout,2 BHK,Saitya ,1342,2.0,2.0,115.0,1342.0,2,8569.29955290611,11500000.0
Super built-up  Area,Ready To Move,Sector 7 HSR Layout,3 BHK,Saitya ,1760,3.0,2.0,160.0,1760.0,3,9090.90909090909,16000000.0
Super built-up  Area,Ready To Move,Sector 7 HSR Layout,3 BHK,Saitya ,1760,3.0,2.0,142.0,1760.0,3,8068.181818181818,14200000.0
Built-up  Area,Ready To Move,Sector 7 HSR Layout,3 BHK,Saitya ,2400,2.0,3.0,195.0,2400.0,3,8125.0,19500000.0
Super built-up  Area,Ready To Move,Sector 7 HSR Layout,3 BHK,Saitya ,1760,3.0,2.0,185.0,1760.0,3,10511.363636363636,18500000.0
Super built-up  Area,Ready To Move,Sector 7 HSR Layout,2 BHK,,1162,2.0,2.0,98.77,1162.0,2,8500.0,9877000.0
Plot  Area,Ready To Move,Seegehalli,2 Bedroom,,800,1.0,0.0,50.0,800.0,2,6250.0,5000000.0
Plot  Area,Ready To Move,Seegehalli,3 Bedroom,,1200,2.0,0.0,62.0,1200.0,3,5166.666666666667,6200000.0
Plot  Area,Ready To Move,Seegehalli,2 Bedroom,,1155,2.0,0.0,72.0,1155.0,2,6233.766233766234,7200000.0
Plot  Area,Ready To Move,Seegehalli,3 Bedroom,Chorda ,4000,3.0,1.0,235.0,4000.0,3,5875.0,23500000.0
Super built-up  Area,Ready To Move,Seegehalli,3 BHK,Niowshi,1639,3.0,3.0,120.0,1639.0,3,7321.537522879805,12000000.0
Plot  Area,Ready To Move,Seegehalli,3 Bedroom,Stndeil,3000,4.0,2.0,235.0,3000.0,3,7833.333333333333,23500000.0
Plot  Area,Ready To Move,Seegehalli,3 Bedroom,Akone R,3000,4.0,2.0,240.0,3000.0,3,8000.0,24000000.0
Super built-up  Area,Ready To Move,Seetharampalya,3 BHK,,1515,3.0,3.0,88.0,1515.0,3,5808.580858085808,8800000.0
Super built-up  Area,Ready To Move,Seetharampalya,3 BHK,,1500,3.0,3.0,90.0,1500.0,3,6000.0,9000000.0
Super built-up  Area,Ready To Move,Seetharampalya,3 BHK,Dwntsli,1360,2.0,2.0,73.0,1360.0,3,5367.64705882353,7300000.0
Built-up  Area,Ready To Move,Seshadripuram,2 BHK,,600,3.0,2.0,75.0,600.0,2,12500.0,7500000.0
Super built-up  Area,18-Dec,Seshadripuram,2 BHK,,1217,2.0,1.0,164.0,1217.0,2,13475.760065735414,16400000.0
Built-up  Area,Ready To Move,Shampura,1 BHK,,375,2.0,0.0,26.0,375.0,1,6933.333333333333,2600000.0
Built-up  Area,Ready To Move,Shampura,3 BHK,Koillph,1475,3.0,3.0,78.0,1475.0,3,5288.135593220339,7800000.0
Built-up  Area,Ready To Move,Shampura,4 BHK,,672,3.0,1.0,54.0,672.0,4,8035.714285714285,5400000.0
Super built-up  Area,19-Aug,Shankarapuram,4 BHK,,3060,4.0,2.0,350.0,3060.0,4,11437.908496732027,35000000.0
Super built-up  Area,Ready To Move,Shankarapuram,2 BHK,,925,2.0,1.0,100.0,925.0,2,10810.81081081081,10000000.0
Super built-up  Area,Ready To Move,Shanthala Nagar,2 BHK,Malex C,1630,2.0,2.0,200.0,1630.0,2,12269.938650306749,20000000.0
Super built-up  Area,Ready To Move,Shanthala Nagar,2 BHK,Malex C,1450,1.0,0.0,230.0,1450.0,2,15862.068965517241,23000000.0
Built-up  Area,Ready To Move,Shanthala Nagar,3 BHK,Sphts H,1600,3.0,2.0,180.0,1600.0,3,11250.0,18000000.0
Built-up  Area,Ready To Move,Shanthala Nagar,3 BHK,,3290,4.0,,460.0,3290.0,3,13981.76291793313,46000000.0
Plot  Area,Ready To Move,Shanthi Layout,3 Bedroom,,1280,3.0,0.0,87.0,1280.0,3,6796.875,8700000.0
Super built-up  Area,18-May,Shanti Nagar,3 BHK,UbreeAn,1602,2.0,1.0,165.0,1602.0,3,10299.625468164793,16500000.0
Super built-up  Area,18-May,Shanti Nagar,3 BHK,UbreeAn,1602,2.0,1.0,170.0,1602.0,3,10611.735330836455,17000000.0
Super built-up  Area,Ready To Move,Shanti Nagar,4 BHK,HViesar,3000,4.0,,240.0,3000.0,4,8000.0,24000000.0
Super built-up  Area,Ready To Move,Shanti Nagar,2 BHK,SwionMa,1130,2.0,,74.0,1130.0,2,6548.672566371682,7400000.0
Built-up  Area,Ready To Move,Shanti Nagar,2 BHK,SwionMa,1130,2.0,1.0,75.0,1130.0,2,6637.168141592921,7500000.0
Super built-up  Area,Ready To Move,Shanti Nagar,2 BHK,,420,1.0,1.0,25.0,420.0,2,5952.380952380952,2500000.0
Super built-up  Area,Ready To Move,Shanti Nagar,3 BHK,VentsAp,2250,3.0,0.0,180.0,2250.0,3,8000.0,18000000.0
Plot  Area,Ready To Move,Shantiniketan Layout,2 Bedroom,,1500,2.0,1.0,115.0,1500.0,2,7666.666666666667,11500000.0
Super built-up  Area,18-Apr,Shantiniketan Layout,3 BHK,,2072,3.0,2.0,108.0,2072.0,3,5212.355212355213,10800000.0
Super built-up  Area,20-Apr,Shettigere,1 BHK,LendaVi,660,1.0,1.0,35.0,660.0,1,5303.030303030303,3500000.0
Plot  Area,Ready To Move,Shingapura,1 Bedroom,,1350,2.0,0.0,45.0,1350.0,1,3333.3333333333335,4500000.0
Plot  Area,Ready To Move,Shirdi Sai Layout,4 Bedroom,,1200,3.0,,95.0,1200.0,4,7916.666666666667,9500000.0
Built-up  Area,Ready To Move,Shivaji Nagar,2 BHK,,850,2.0,2.0,55.0,850.0,2,6470.588235294118,5500000.0
Super built-up  Area,Ready To Move,Shivaji Nagar,2 BHK,,1554,3.0,3.0,130.0,1554.0,2,8365.508365508365,13000000.0
Plot  Area,Ready To Move,Shivaji Nagar,1 Bedroom,,3820,1.0,1.0,306.0,3820.0,1,8010.471204188481,30600000.0
Super built-up  Area,Ready To Move,Shivaji Nagar,2 BHK,,703,2.0,1.0,49.5,703.0,2,7041.251778093883,4950000.0
Super built-up  Area,Ready To Move,Shivaji Nagar,3 BHK,,1460,2.0,1.0,90.0,1460.0,3,6164.3835616438355,9000000.0
Carpet  Area,Ready To Move,Shivaji Nagar,2 BHK,,600,1.0,1.0,65.0,600.0,2,10833.333333333334,6500000.0
Super built-up  Area,Ready To Move,Siddapura,2 BHK,Vidgema,1275,2.0,1.0,105.0,1275.0,2,8235.29411764706,10500000.0
Super built-up  Area,Ready To Move,Siddapura,2 BHK,Vidgema,1150,2.0,2.0,90.0,1150.0,2,7826.086956521739,9000000.0
Plot  Area,Ready To Move,Siddapura,3 Bedroom,PrstaLa,5480,4.0,2.0,400.0,5480.0,3,7299.270072992701,40000000.0
Plot  Area,Ready To Move,Sidedahalli,3 Bedroom,,1158,2.0,2.0,85.0,1158.0,3,7340.241796200346,8500000.0
Built-up  Area,Ready To Move,Sidedahalli,1 Bedroom,,900,1.0,1.0,52.3,900.0,1,5811.111111111111,5230000.0
Built-up  Area,Ready To Move,Singasandra,2 Bedroom,,600,2.0,1.0,36.5,600.0,2,6083.333333333333,3650000.0
Built-up  Area,Ready To Move,Singasandra,1 Bedroom,,600,1.0,0.0,45.0,600.0,1,7500.0,4500000.0
Built-up  Area,Ready To Move,Singasandra,1 Bedroom,,600,1.0,0.0,45.0,600.0,1,7500.0,4500000.0
Super built-up  Area,Ready To Move,Singasandra,3 BHK,,1653,3.0,2.0,85.0,1653.0,3,5142.165759225651,8500000.0
Plot  Area,Ready To Move,Singena Agrahara,3 Bedroom,CoiewSy,1500,3.0,2.0,115.0,1500.0,3,7666.666666666667,11500000.0
Plot  Area,Ready To Move,Singena Agrahara,3 Bedroom,CoiewSy,1500Sq. Meter,3.0,1.0,95.0,1500.0,3,6333.333333333333,9500000.0
Plot  Area,Ready To Move,Singena Agrahara,3 Bedroom,CoiewSy,1500,3.0,1.0,90.0,1500.0,3,6000.0,9000000.0
Plot  Area,Ready To Move,Sneha Colony,2 Bedroom,MGntsar,1050,2.0,1.0,110.0,1050.0,2,10476.190476190477,11000000.0
Super built-up  Area,Ready To Move,Somasundara Palya,2 BHK,ManceEl,1178,2.0,3.0,73.0,1178.0,2,6196.9439728353145,7300000.0
Built-up  Area,Ready To Move,Somasundara Palya,3 BHK,ManceEl,2372,3.0,,140.0,2372.0,3,5902.192242833053,14000000.0
Super built-up  Area,Ready To Move,Somasundara Palya,2 BHK,ManceEl,1185,2.0,3.0,70.0,1185.0,2,5907.172995780591,7000000.0
Super built-up  Area,Ready To Move,Somasundara Palya,3 BHK,ManceEl,1650,3.0,,95.0,1650.0,3,5757.575757575758,9500000.0
Built-up  Area,Ready To Move,Somasundara Palya,2 BHK,ManceEl,1186,2.0,3.0,72.0,1186.0,2,6070.826306913997,7200000.0
Super built-up  Area,Ready To Move,Someshwara Layout,4 BHK,,1200,4.0,3.0,169.0,1200.0,4,14083.333333333334,16900000.0
Super built-up  Area,Ready To Move,Sonnenahalli,1 BHK,Skacak ,605 - 624,1.0,0.0,30.715,614.5,1,4998.372660699756,3071500.0
Super built-up  Area,18-Dec,Sonnenahalli,1 BHK,Skacak ,605,1.0,1.0,30.24,605.0,1,4998.347107438017,3024000.0
Built-up  Area,Ready To Move,Sri Balaji Krupa Layout,4 Bedroom,KrodsNo,3200,4.0,0.0,270.0,3200.0,4,8437.5,27000000.0
Plot  Area,Ready To Move,Srinagar,3 Bedroom,,1080,3.0,2.0,149.0,1080.0,3,13796.296296296296,14900000.0
Plot  Area,Ready To Move,Srinagar,6 Bedroom,,625,3.0,3.0,78.0,625.0,6,12480.0,7800000.0
Super built-up  Area,Ready To Move,Srinivas Colony,3 BHK,,2750,3.0,2.0,943.0,2750.0,3,34290.90909090909,94300000.0
Super built-up  Area,18-Dec,Srinivasa Nagar,3 BHK,,1180,2.0,2.0,78.34,1180.0,3,6638.983050847458,7834000.0
Super built-up  Area,Ready To Move,Srinivasa Nagar,2 BHK,,900,2.0,1.0,55.0,900.0,2,6111.111111111111,5500000.0
Super built-up  Area,18-Dec,Srinivasa Nagar,3 BHK,,1200,2.0,2.0,75.6,1200.0,3,6299.999999999999,7559999.999999999
Built-up  Area,Ready To Move,Srirampura,3 BHK,NRnoral,1756,3.0,3.0,100.0,1756.0,3,5694.760820045558,10000000.0
Plot  Area,Ready To Move,Srirampuram,2 Bedroom,,432,2.0,1.0,40.0,432.0,2,9259.25925925926,4000000.0
Super built-up  Area,Ready To Move,Srirampuram,3 BHK,,1485,2.0,1.0,156.0,1485.0,3,10505.050505050505,15600000.0
Built-up  Area,Ready To Move,Srirampuram,1 BHK,,650,1.0,3.0,500.0,650.0,1,76923.07692307692,50000000.0
Built-up  Area,Ready To Move,Srirampuram,3 BHK,,1200,2.0,2.0,100.0,1200.0,3,8333.333333333334,10000000.0
Built-up  Area,Ready To Move,St. John's Road,2 BHK,,824,2.0,0.0,60.0,824.0,2,7281.553398058252,6000000.0
Built-up  Area,Ready To Move,St. John's Road,4 BHK,Soy 1Iv,4000,4.0,2.0,630.0,4000.0,4,15750.0,63000000.0
Plot  Area,Ready To Move,Subash Nagar,2 Bedroom,,900,2.0,0.0,55.0,900.0,2,6111.111111111111,5500000.0
Super built-up  Area,Ready To Move,Subramanyapura,2 BHK,Mayne A,975,2.0,1.0,65.0,975.0,2,6666.666666666667,6500000.0
Super built-up  Area,Ready To Move,Subramanyapura,2 BHK,Mayne A,975,2.0,1.0,58.0,975.0,2,5948.717948717948,5800000.0
Super built-up  Area,Ready To Move,Subramanyapura,2 BHK,Mayne A,985,2.0,1.0,58.0,985.0,2,5888.324873096447,5800000.0
Super built-up  Area,Ready To Move,Subramanyapura,3 BHK,Mayne A,1245,2.0,1.0,68.0,1245.0,3,5461.847389558233,6800000.0
Super built-up  Area,Ready To Move,Subramanyapura,2 BHK,Chllsev,1313,2.0,2.0,73.0,1313.0,2,5559.786747905559,7300000.0
Super built-up  Area,Ready To Move,Subramanyapura,3 BHK,Mayne A,1255,2.0,2.0,79.0,1255.0,3,6294.820717131474,7900000.0
Super built-up  Area,Ready To Move,Subramanyapura,3 BHK,Prldsri,1330,3.0,2.0,72.0,1330.0,3,5413.533834586467,7200000.0
Super built-up  Area,Ready To Move,Subramanyapura,2 BHK,Mayne A,975,2.0,1.0,63.0,975.0,2,6461.538461538462,6300000.0
Super built-up  Area,Ready To Move,Subramanyapura,2 BHK,Prldsri,950,2.0,1.0,55.0,950.0,2,5789.473684210527,5500000.0
Super built-up  Area,Ready To Move,Subramanyapura,2 BHK,Prldsri,929,2.0,1.0,56.0,929.0,2,6027.9870828848225,5600000.0
Super built-up  Area,Ready To Move,Subramanyapura,2 BHK,Mayne A,975,2.0,1.0,65.0,975.0,2,6666.666666666667,6500000.0
Built-up  Area,Ready To Move,Subramanyapura,3 BHK,Mayne A,1260,2.0,2.0,76.0,1260.0,3,6031.746031746032,7600000.0
Super built-up  Area,Ready To Move,Subramanyapura,2 BHK,DStik S,960,2.0,1.0,55.0,960.0,2,5729.166666666667,5500000.0
Super built-up  Area,Ready To Move,Subramanyapura,3 BHK,Mayne A,1260,2.0,1.0,73.0,1260.0,3,5793.650793650793,7300000.0
Super built-up  Area,Ready To Move,Subramanyapura,3 BHK,Prldsri,1278,3.0,2.0,70.0,1278.0,3,5477.308294209703,7000000.0
Super built-up  Area,Ready To Move,Subramanyapura,3 BHK,Mayne A,1260,2.0,1.0,75.0,1260.0,3,5952.380952380952,7500000.0
Super built-up  Area,Ready To Move,Subramanyapura,3 BHK,Mayne A,1260,2.0,1.0,80.0,1260.0,3,6349.206349206349,8000000.0
Super built-up  Area,Ready To Move,Subramanyapura,3 BHK,Mayne A,2495,3.0,3.0,130.0,2495.0,3,5210.420841683367,13000000.0
Super built-up  Area,Ready To Move,Subramanyapura,3 BHK,Mayne A,1880,3.0,2.0,110.0,1880.0,3,5851.063829787234,11000000.0
Super built-up  Area,Ready To Move,Subramanyapura,2 BHK,Mayne A,985,2.0,1.0,62.5,985.0,2,6345.177664974619,6250000.0
Carpet  Area,Ready To Move,Sultan Palaya,3 BHK,,1700,3.0,3.0,120.0,1700.0,3,7058.823529411765,12000000.0
Built-up  Area,Ready To Move,Sultan Palaya,2 BHK,,870,2.0,1.0,65.0,870.0,2,7471.264367816092,6500000.0
Super built-up  Area,Ready To Move,Sultan Palaya,3 BHK,Vaaldak,1713,3.0,3.0,125.0,1713.0,3,7297.139521307648,12500000.0
Super built-up  Area,Ready To Move,Sultan Palaya,2 BHK,Vaaldak,1009,2.0,1.0,65.0,1009.0,2,6442.021803766105,6500000.0
Built-up  Area,Ready To Move,Sultan Palaya,4 Bedroom,,5000,5.0,2.0,325.0,5000.0,4,6500.0,32500000.0
Built-up  Area,Ready To Move,Sunkadakatte,3 Bedroom,,1200,3.0,1.0,68.0,1200.0,3,5666.666666666667,6800000.0
Super built-up  Area,Ready To Move,Surabhi Layout,3 BHK,VDdonel,1753,3.0,2.0,120.0,1753.0,3,6845.407872219053,12000000.0
Super built-up  Area,Ready To Move,Surabhi Layout,3 BHK,VDdonel,1750,3.0,1.0,120.0,1750.0,3,6857.142857142857,12000000.0
Plot  Area,18-Dec,Suragajakkanahalli,3 Bedroom,PrhyaK ,11,3.0,2.0,74.0,11.0,3,672727.2727272727,7400000.0
Plot  Area,Ready To Move,Syndicate Bank Colony,4 Bedroom,,1500,4.0,3.0,240.0,1500.0,4,16000.0,24000000.0
Built-up  Area,Ready To Move,T Dasarahalli,3 Bedroom,,1200,3.0,1.0,90.0,1200.0,3,7500.0,9000000.0
Plot  Area,Ready To Move,T Dasarahalli,6 Bedroom,,1200,3.0,,125.0,1200.0,6,10416.666666666666,12500000.0
Plot  Area,18-Mar,T.C PALYA,2 Bedroom,,1230,2.0,0.0,75.0,1230.0,2,6097.5609756097565,7500000.0
Plot  Area,18-Jan,TC Palaya,3 Bedroom,,1475,3.0,1.0,98.0,1475.0,3,6644.067796610169,9800000.0
Plot  Area,Ready To Move,TC Palaya,3 Bedroom,,1200,2.0,0.0,66.0,1200.0,3,5500.0,6600000.0
Plot  Area,Ready To Move,TC Palaya,3 Bedroom,,1200,3.0,0.0,66.0,1200.0,3,5500.0,6600000.0
Plot  Area,Ready To Move,TC Palaya,3 Bedroom,,1350,2.0,1.0,75.0,1350.0,3,5555.555555555556,7500000.0
Plot  Area,Ready To Move,TC Palaya,3 Bedroom,,1500,2.0,1.0,100.0,1500.0,3,6666.666666666667,10000000.0
Plot  Area,Ready To Move,TC Palaya,2 Bedroom,,1200,2.0,0.0,70.0,1200.0,2,5833.333333333333,7000000.0
Plot  Area,Ready To Move,TC Palaya,2 Bedroom,,900,2.0,0.0,55.0,900.0,2,6111.111111111111,5500000.0
Plot  Area,Ready To Move,TC Palaya,3 Bedroom,,1200,2.0,0.0,66.0,1200.0,3,5500.0,6600000.0
Plot  Area,Ready To Move,TC Palaya,3 Bedroom,,1200,2.0,0.0,66.5,1200.0,3,5541.666666666667,6650000.0
Plot  Area,Ready To Move,TC Palaya,4 Bedroom,,4800,3.0,3.0,302.0,4800.0,4,6291.666666666667,30200000.0
Built-up  Area,Ready To Move,TC Palaya,2 Bedroom,,1000,2.0,0.0,64.0,1000.0,2,6400.0,6400000.0
Plot  Area,Ready To Move,TC Palaya,2 Bedroom,,900,2.0,0.0,55.0,900.0,2,6111.111111111111,5500000.0
Plot  Area,Ready To Move,TC Palaya,3 Bedroom,,1200,2.0,0.0,66.0,1200.0,3,5500.0,6600000.0
Super built-up  Area,18-May,TC Palaya,3 BHK,,1200,2.0,0.0,66.5,1200.0,3,5541.666666666667,6650000.0
Plot  Area,Ready To Move,TC Palaya,2 Bedroom,,900,2.0,0.0,55.0,900.0,2,6111.111111111111,5500000.0
Plot  Area,18-May,TC Palaya,3 Bedroom,,1200,2.0,0.0,66.0,1200.0,3,5500.0,6600000.0
Plot  Area,Ready To Move,TC Palaya,2 Bedroom,,900,2.0,0.0,55.0,900.0,2,6111.111111111111,5500000.0
Plot  Area,18-May,TC Palaya,3 Bedroom,,1500,3.0,0.0,83.0,1500.0,3,5533.333333333333,8300000.0
Super built-up  Area,18-Apr,TC Palaya,3 BHK,,1200,2.0,0.0,66.0,1200.0,3,5500.0,6600000.0
Built-up  Area,Ready To Move,TC Palaya,2 Bedroom,,1000,2.0,0.0,70.0,1000.0,2,7000.0,7000000.0
Built-up  Area,Ready To Move,TC Palaya,2 Bedroom,,1100,2.0,0.0,65.0,1100.0,2,5909.090909090909,6500000.0
Plot  Area,Ready To Move,TC Palaya,3 Bedroom,,1200,3.0,0.0,66.0,1200.0,3,5500.0,6600000.0
Plot  Area,18-May,TC Palaya,3 Bedroom,,1200,2.0,0.0,66.0,1200.0,3,5500.0,6600000.0
Plot  Area,Ready To Move,TC Palaya,3 Bedroom,,1200,2.0,0.0,66.0,1200.0,3,5500.0,6600000.0
Plot  Area,Ready To Move,TC Palaya,3 Bedroom,,1200,2.0,0.0,66.0,1200.0,3,5500.0,6600000.0
Plot  Area,Ready To Move,TC Palaya,2 Bedroom,,1200,2.0,1.0,70.0,1200.0,2,5833.333333333333,7000000.0
Plot  Area,Ready To Move,TC Palaya,1 Bedroom,,1350,1.0,0.0,55.0,1350.0,1,4074.074074074074,5500000.0
Plot  Area,Ready To Move,TC Palaya,2 Bedroom,,900,2.0,0.0,55.0,900.0,2,6111.111111111111,5500000.0
Plot  Area,Ready To Move,TC Palaya,2 Bedroom,,900,2.0,0.0,55.0,900.0,2,6111.111111111111,5500000.0
Built-up  Area,Ready To Move,TC Palaya,2 BHK,,1082,2.0,2.0,64.0,1082.0,2,5914.972273567468,6400000.0
Plot  Area,18-Apr,TC Palaya,3 Bedroom,,1200,2.0,0.0,66.0,1200.0,3,5500.0,6600000.0
Plot  Area,Ready To Move,TC Palaya,3 Bedroom,,1200,2.0,0.0,66.0,1200.0,3,5500.0,6600000.0
Plot  Area,Ready To Move,TC Palaya,3 Bedroom,,1200,2.0,0.0,66.0,1200.0,3,5500.0,6600000.0
Plot  Area,Ready To Move,TC Palaya,3 Bedroom,,1200,2.0,0.0,66.0,1200.0,3,5500.0,6600000.0
Plot  Area,Ready To Move,TC Palaya,3 Bedroom,,1200,2.0,0.0,66.0,1200.0,3,5500.0,6600000.0
Super built-up  Area,Ready To Move,Tala Cauvery Layout,3 BHK,HodhiSa,1580,3.0,3.0,100.0,1580.0,3,6329.113924050633,10000000.0
Built-up  Area,Ready To Move,Tala Cauvery Layout,2 BHK,Skarkev,1030,2.0,3.0,61.0,1030.0,2,5922.330097087379,6100000.0
Built-up  Area,Ready To Move,Tala Cauvery Layout,2 BHK,Skarkev,1340,2.0,3.0,77.0,1340.0,2,5746.268656716418,7700000.0
Super built-up  Area,21-Dec,Talaghattapura,3 BHK,Sodgere,1868,3.0,2.0,131.0,1868.0,3,7012.847965738758,13100000.0
Super built-up  Area,18-May,Talaghattapura,3 BHK,Sodgere,1804 - 2273,3.0,0.0,120.0,2038.5,3,5886.681383370125,12000000.0
Super built-up  Area,Ready To Move,Talaghattapura,3 BHK,Sodgere,2106,3.0,2.0,126.0,2106.0,3,5982.9059829059825,12600000.0
Super built-up  Area,21-Mar,Talaghattapura,3 BHK,Sodgere,1868,3.0,1.0,121.0,1868.0,3,6477.516059957174,12100000.0
Super built-up  Area,Ready To Move,Talaghattapura,3 BHK,Sodgere,2106,3.0,2.0,126.0,2106.0,3,5982.9059829059825,12600000.0
Super built-up  Area,21-Feb,Talaghattapura,3 BHK,Sodgere,1868,3.0,1.0,135.0,1868.0,3,7226.980728051391,13500000.0
Super built-up  Area,18-Aug,Talaghattapura,3 BHK,Sodgere,1856,3.0,2.0,135.0,1856.0,3,7273.706896551724,13500000.0
Super built-up  Area,21-Mar,Talaghattapura,3 BHK,Sodgere,1868,3.0,1.0,120.0,1868.0,3,6423.982869379015,12000000.0
Super built-up  Area,21-Dec,Talaghattapura,3 BHK,Sodgere,1804,3.0,1.0,115.0,1804.0,3,6374.7228381374725,11500000.0
Super built-up  Area,18-Aug,Talaghattapura,3 BHK,Sodgere,1856,3.0,2.0,135.0,1856.0,3,7273.706896551724,13500000.0
Super built-up  Area,21-Feb,Talaghattapura,3 BHK,Sodgere,2254,3.0,2.0,153.0,2254.0,3,6787.93256433008,15300000.0
Super built-up  Area,21-Dec,Talaghattapura,3 BHK,Sodgere,2106,3.0,3.0,148.0,2106.0,3,7027.540360873694,14800000.0
Super built-up  Area,18-Aug,Talaghattapura,3 BHK,Sodgere,1856,3.0,2.0,135.0,1856.0,3,7273.706896551724,13500000.0
Super built-up  Area,21-Dec,Talaghattapura,3 BHK,Sodgere,2273,3.0,3.0,159.0,2273.0,3,6995.160580730312,15900000.0
Super built-up  Area,21-Dec,Talaghattapura,3 BHK,Sodgere,2099,3.0,3.0,147.0,2099.0,3,7003.334921391139,14700000.0
Super built-up  Area,21-Dec,Talaghattapura,3 BHK,Sodgere,2273,3.0,2.0,145.0,2273.0,3,6379.234491860977,14500000.0
Super built-up  Area,21-Dec,Talaghattapura,3 BHK,Sodgere,1804,3.0,2.0,127.0,1804.0,3,7039.911308203991,12700000.0
Super built-up  Area,18-May,Talaghattapura,3 BHK,Sodgere,1804 - 2273,3.0,0.0,122.0,2038.5,3,5984.792739759627,12200000.0
Super built-up  Area,21-Dec,Talaghattapura,3 BHK,Sodgere,2265,3.0,3.0,159.0,2265.0,3,7019.867549668874,15900000.0
Super built-up  Area,21-Dec,Talaghattapura,3 BHK,Sodgere,2099,3.0,2.0,134.0,2099.0,3,6383.992377322535,13400000.0
Super built-up  Area,Ready To Move,Tasker Town,2 BHK,,950,2.0,1.0,60.0,950.0,2,6315.789473684211,6000000.0
Super built-up  Area,Ready To Move,Tasker Town,2 BHK,,930,1.0,1.0,55.0,930.0,2,5913.978494623656,5500000.0
Built-up  Area,Ready To Move,Teachers Colony,4 BHK,,3000,4.0,2.0,240.0,3000.0,4,8000.0,24000000.0
Super built-up  Area,Ready To Move,Tejaswini Nagar,3 BHK,Naods W,1425,2.0,2.0,75.0,1425.0,3,5263.1578947368425,7500000.0
Super built-up  Area,Ready To Move,Tejaswini Nagar,1 BHK,Raood R,720,1.0,2.0,28.0,720.0,1,3888.8888888888887,2800000.0
Super built-up  Area,18-Nov,Thanisandra,1 RK,Bhe 2ko,510,1.0,0.0,25.25,510.0,1,4950.980392156863,2525000.0
Super built-up  Area,17-Aug,Thanisandra,2 BHK,Bhmesy ,1296,2.0,3.0,80.0,1296.0,2,6172.83950617284,8000000.0
Super built-up  Area,18-Dec,Thanisandra,3 BHK,,1436,3.0,1.0,74.75,1436.0,3,5205.431754874652,7475000.0
Super built-up  Area,Ready To Move,Thanisandra,3 BHK,Moity S,1427,3.0,2.0,120.0,1427.0,3,8409.250175192712,12000000.0
Super built-up  Area,Ready To Move,Thanisandra,3 BHK,Soitya ,1735,3.0,3.0,135.0,1735.0,3,7780.979827089337,13500000.0
Super built-up  Area,Ready To Move,Thanisandra,3 BHK,G conTh,2050,3.0,1.0,145.0,2050.0,3,7073.170731707317,14500000.0
Super built-up  Area,Ready To Move,Thanisandra,3 BHK,Soitya ,2144,3.0,2.0,145.0,2144.0,3,6763.059701492537,14500000.0
Built-up  Area,Ready To Move,Thanisandra,3 BHK,Soitya ,1702,3.0,2.0,130.0,1702.0,3,7638.07285546416,13000000.0
Super built-up  Area,Ready To Move,Thanisandra,1 RK,Bhmesy ,445,1.0,0.0,28.0,445.0,1,6292.134831460674,2800000.0
Super built-up  Area,Ready To Move,Thanisandra,2 BHK,Bhmesy ,1296,2.0,2.0,83.0,1296.0,2,6404.320987654321,8300000.0
Super built-up  Area,Ready To Move,Thanisandra,3 BHK,,1825,3.0,2.0,100.0,1825.0,3,5479.45205479452,10000000.0
Super built-up  Area,Ready To Move,Thanisandra,3 BHK,Soitya ,2144,3.0,2.0,135.0,2144.0,3,6296.641791044776,13500000.0
Super built-up  Area,Ready To Move,Thanisandra,2 BHK,Bhmesy ,1093,2.0,2.0,70.0,1093.0,2,6404.391582799634,7000000.0
Super built-up  Area,Ready To Move,Thanisandra,3 BHK,Bhmesy ,1265,2.0,1.0,79.0,1265.0,3,6245.059288537549,7900000.0
Super built-up  Area,Ready To Move,Thanisandra,3 BHK,,1651,3.0,3.0,97.38,1651.0,3,5898.24348879467,9738000.0
Super built-up  Area,Ready To Move,Thanisandra,2 BHK,Bhmesy ,1265,2.0,2.0,85.0,1265.0,2,6719.367588932806,8500000.0
Super built-up  Area,21-Nov,Thanisandra,1 RK,Bhe 2ko,510,1.0,1.0,25.25,510.0,1,4950.980392156863,2525000.0
Super built-up  Area,Ready To Move,Thanisandra,1 BHK,Bhmesy ,620 - 933,2.0,,48.145,776.5,1,6200.257566001288,4814500.0
Super built-up  Area,Ready To Move,Thanisandra,3 BHK,Soitya ,1564,3.0,1.0,101.0,1564.0,3,6457.800511508952,10100000.0
Super built-up  Area,Ready To Move,Thanisandra,3 BHK,Soitya ,1847,3.0,2.0,123.0,1847.0,3,6659.447753113156,12300000.0
Super built-up  Area,Ready To Move,Thanisandra,3 BHK,Soitya ,1697,3.0,2.0,114.0,1697.0,3,6717.737183264585,11400000.0
Super built-up  Area,Ready To Move,Thanisandra,4 BHK,G conTh,2650,4.0,2.0,240.0,2650.0,4,9056.603773584906,24000000.0
Super built-up  Area,17-Jul,Thanisandra,3 BHK,Bhmesy ,1573,3.0,2.0,95.0,1573.0,3,6039.4151303242215,9500000.0
Super built-up  Area,Ready To Move,Thanisandra,3 BHK,Bhmesy ,1917,3.0,3.0,122.0,1917.0,3,6364.110589462703,12200000.0
Super built-up  Area,21-Dec,Thanisandra,1 BHK,Bhe 2ko,693,1.0,1.0,34.3,693.0,1,4949.494949494949,3429999.9999999995
Super built-up  Area,Ready To Move,Thanisandra,2 BHK,Bhmesy ,1098,2.0,1.0,68.0,1098.0,2,6193.078324225865,6800000.0
Super built-up  Area,Ready To Move,Thanisandra,1 BHK,Bhmesy ,760,1.0,2.0,50.3,760.0,1,6618.421052631579,5030000.0
Super built-up  Area,Ready To Move,Thanisandra,3 BHK,Soitya ,2002,3.0,2.0,112.0,2002.0,3,5594.4055944055945,11200000.0
Super built-up  Area,Ready To Move,Thanisandra,3 BHK,Soitya ,1697,3.0,2.0,115.0,1697.0,3,6776.664702416028,11500000.0
Plot  Area,Ready To Move,Thanisandra,1 Bedroom,,1380,1.0,1.0,62.1,1380.0,1,4500.0,6210000.0
Super built-up  Area,19-Mar,Thanisandra,1 BHK,Bhe 2ko,923,1.0,1.0,60.84,923.0,1,6591.549295774648,6084000.0
Super built-up  Area,Ready To Move,Thanisandra,3 BHK,Moity S,1743,3.0,2.0,93.25,1743.0,3,5349.971313826735,9325000.0
Built-up  Area,21-Dec,Thanisandra,1 BHK,Bhe 2ko,923,1.0,1.0,45.69,923.0,1,4950.162513542795,4569000.0
Super built-up  Area,Ready To Move,Thanisandra,4 BHK,Soitya ,3216,4.0,1.0,226.0,3216.0,4,7027.363184079602,22600000.0
Super built-up  Area,18-Feb,Thanisandra,2 BHK,Bhmesy ,1296,2.0,2.0,72.0,1296.0,2,5555.555555555556,7200000.0
Built-up  Area,Ready To Move,Thanisandra,3 BHK,G conTh,1874,4.0,1.0,130.0,1874.0,3,6937.033084311633,13000000.0
Super built-up  Area,Ready To Move,Thanisandra,3 BHK,Soitya ,1698,3.0,2.0,102.0,1698.0,3,6007.067137809187,10200000.0
Super built-up  Area,19-Mar,Thanisandra,3 BHK,Bhe 2ko,1411,3.0,1.0,93.04,1411.0,3,6593.905031892275,9304000.0
Super built-up  Area,Ready To Move,Thanisandra,3 BHK,G conTh,1996,3.0,2.0,135.0,1996.0,3,6763.527054108216,13500000.0
Super built-up  Area,Ready To Move,Thanisandra,3 BHK,Soitya ,1801,3.0,1.0,115.0,1801.0,3,6385.341476957246,11500000.0
Built-up  Area,Ready To Move,Thanisandra,3 BHK,Soitya ,1678,3.0,2.0,125.0,1678.0,3,7449.344457687724,12500000.0
Super built-up  Area,Ready To Move,Thanisandra,2 BHK,Bhmesy ,1265,2.0,2.0,82.0,1265.0,2,6482.213438735178,8200000.0
Super built-up  Area,18-Apr,Thanisandra,3 BHK,Bhmesy ,1917,4.0,2.0,113.0,1917.0,3,5894.627021387585,11300000.0
Super built-up  Area,Ready To Move,Thanisandra,1 BHK,Pronyt ,662,1.0,1.0,42.0,662.0,1,6344.410876132931,4200000.0
Super built-up  Area,18-May,Thanisandra,3 BHK,Bhmesy ,1948,3.0,2.0,130.0,1948.0,3,6673.511293634497,13000000.0
Built-up  Area,Ready To Move,Thanisandra,3 BHK,Soitya ,1690,3.0,2.0,125.0,1690.0,3,7396.449704142012,12500000.0
Super built-up  Area,Ready To Move,Thanisandra,3 BHK,R ra  R,1922,3.0,3.0,106.0,1922.0,3,5515.088449531738,10600000.0
Super built-up  Area,Ready To Move,Thanisandra,2 BHK,Bhmesy ,965,2.0,1.0,67.0,965.0,2,6943.00518134715,6700000.0
Super built-up  Area,17-Oct,Thanisandra,2 BHK,Bhmesy ,1098,2.0,1.0,74.0,1098.0,2,6739.526411657559,7400000.0
Super built-up  Area,19-May,Thanisandra,3 BHK,G conTh,1795,3.0,2.0,140.0,1795.0,3,7799.442896935933,14000000.0
Super built-up  Area,Ready To Move,Thanisandra,3 BHK,Soitya ,1564,3.0,1.0,104.0,1564.0,3,6649.616368286445,10400000.0
Super built-up  Area,Ready To Move,Thanisandra,3 BHK,,1200,2.0,1.0,65.0,1200.0,3,5416.666666666667,6500000.0
Super built-up  Area,Ready To Move,Thanisandra,3 BHK,Bhmesy ,1917,4.0,2.0,100.0,1917.0,3,5216.484089723526,10000000.0
Super built-up  Area,Ready To Move,Thanisandra,3 BHK,NRncyrk,2127,3.0,2.0,135.0,2127.0,3,6346.967559943582,13500000.0
Super built-up  Area,Ready To Move,Thanisandra,2 BHK,Bhmesy ,1276,2.0,2.0,75.0,1276.0,2,5877.742946708464,7500000.0
Built-up  Area,21-Dec,Thanisandra,1 BHK,Bhe 2ko,693,1.0,1.0,34.3,693.0,1,4949.494949494949,3429999.9999999995
Super built-up  Area,Ready To Move,Thanisandra,2 BHK,,1265,2.0,1.0,78.0,1265.0,2,6166.00790513834,7800000.0
Super built-up  Area,Ready To Move,Thanisandra,2 BHK,Bhmesy ,934,2.0,2.0,55.0,934.0,2,5888.650963597431,5500000.0
Super built-up  Area,Ready To Move,Thanisandra,2 BHK,Bhmesy ,1056,2.0,2.0,68.0,1056.0,2,6439.393939393939,6800000.0
Built-up  Area,18-Aug,Thanisandra,3 BHK,Bhmesy ,1595,3.0,1.0,110.0,1595.0,3,6896.551724137931,11000000.0
Super built-up  Area,19-Mar,Thanisandra,3 BHK,Bhe 2ko,1411,3.0,1.0,93.15,1411.0,3,6601.700921332388,9315000.0
Super built-up  Area,18-Feb,Thanisandra,2 BHK,Bhmesy ,1093,2.0,1.0,68.1,1093.0,2,6230.558096980786,6809999.999999999
Super built-up  Area,Ready To Move,Thanisandra,2 BHK,Bhmesy ,1093,2.0,2.0,72.0,1093.0,2,6587.374199451052,7200000.0
Super built-up  Area,Ready To Move,Thanisandra,3 BHK,Soitya ,1698,3.0,2.0,107.0,1698.0,3,6301.531213191991,10700000.0
Super built-up  Area,Ready To Move,Thanisandra,3 BHK,Soitya ,1564,3.0,1.0,105.0,1564.0,3,6713.5549872122765,10500000.0
Super built-up  Area,18-Apr,Thanisandra,2 BHK,Bhmesy ,1265,2.0,1.0,83.0,1265.0,2,6561.264822134387,8300000.0
Super built-up  Area,Ready To Move,Thanisandra,3 BHK,G conTh,2280,4.0,2.0,184.0,2280.0,3,8070.175438596491,18400000.0
Super built-up  Area,Ready To Move,Thanisandra,1 BHK,Gontsoo,763 - 805,1.0,0.0,35.285,784.0,1,4500.6377551020405,3528499.9999999995
Super built-up  Area,Ready To Move,Thanisandra,2 BHK,Bhmesy ,965,2.0,1.0,56.0,965.0,2,5803.108808290155,5600000.0
Super built-up  Area,19-Dec,Thanisandra,3 BHK,Bhe 2ko,1546,3.0,1.0,95.0,1546.0,3,6144.890038809832,9500000.0
Super built-up  Area,Ready To Move,Thanisandra,3 BHK,Soitya ,1795,3.0,2.0,150.0,1795.0,3,8356.545961002785,15000000.0
Super built-up  Area,18-Nov,Thanisandra,1 BHK,Bhe 2ko,620 - 934,1.0,0.0,38.535,777.0,1,4959.459459459459,3853499.9999999995
Super built-up  Area,Ready To Move,Thanisandra,3 BHK,Soitya ,1697,3.0,2.0,110.0,1697.0,3,6482.027106658809,11000000.0
Built-up  Area,Ready To Move,Thanisandra,3 BHK,Bhmesy ,1492,3.0,1.0,88.0,1492.0,3,5898.123324396783,8800000.0
Built-up  Area,Ready To Move,Thanisandra,3 BHK,MSureRR,2072,3.0,2.0,122.0,2072.0,3,5888.030888030888,12200000.0
Super built-up  Area,18-May,Thanisandra,3 BHK,Bhmesy ,1595,3.0,2.0,120.0,1595.0,3,7523.510971786834,12000000.0
Super built-up  Area,Ready To Move,Thanisandra,3 BHK,R ra  R,1880,3.0,3.0,120.0,1880.0,3,6382.978723404255,12000000.0
Super built-up  Area,Ready To Move,Thanisandra,1 BHK,Bhmesy ,760,1.0,2.0,50.0,760.0,1,6578.9473684210525,5000000.0
Built-up  Area,Ready To Move,Thanisandra,3 BHK,G conTh,1800,4.0,1.0,125.0,1800.0,3,6944.444444444444,12500000.0
Super built-up  Area,Ready To Move,Thanisandra,1 BHK,Bhmesy ,933,2.0,1.0,58.0,933.0,1,6216.505894962486,5800000.0
Super built-up  Area,Ready To Move,Thanisandra,3 BHK,Bhmesy ,1917,3.0,2.0,110.0,1917.0,3,5738.132498695879,11000000.0
Super built-up  Area,19-May,Thanisandra,3 BHK,G conTh,1996,4.0,1.0,123.0,1996.0,3,6162.324649298597,12300000.0
Super built-up  Area,19-Mar,Thanisandra,2 BHK,Bhe 2ko,1183,2.0,1.0,77.25,1183.0,2,6530.0084530853765,7725000.0
Built-up  Area,Ready To Move,Thanisandra,3 BHK,Bhmesy ,1491,3.0,1.0,88.0,1491.0,3,5902.079141515761,8800000.0
Super built-up  Area,Ready To Move,Thanisandra,1 BHK,Pronyt ,662,1.0,1.0,29.0,662.0,1,4380.664652567976,2900000.0
Super built-up  Area,Ready To Move,Thanisandra,3 BHK,Soitya ,1564,3.0,2.0,100.0,1564.0,3,6393.861892583121,10000000.0
Super built-up  Area,19-Mar,Thanisandra,1 BHK,Bhe 2ko,663,1.0,0.0,46.1,663.0,1,6953.242835595776,4610000.0
Built-up  Area,Ready To Move,Thanisandra,1 BHK,Pronyt ,662,1.0,0.0,45.0,662.0,1,6797.583081570997,4500000.0
Super built-up  Area,Ready To Move,Thanisandra,3 BHK,Bhmesy ,1573,3.0,2.0,98.0,1573.0,3,6230.1335028607755,9800000.0
Super built-up  Area,Ready To Move,Thanisandra,3 BHK,Pronyt ,1262,2.0,1.0,83.0,1262.0,3,6576.862123613312,8300000.0
Super built-up  Area,Ready To Move,Thanisandra,2 BHK,Bhmesy ,1056,2.0,2.0,65.0,1056.0,2,6155.30303030303,6500000.0
Super built-up  Area,Ready To Move,Thanisandra,3 BHK,Soitya ,1702,3.0,2.0,115.0,1702.0,3,6756.756756756757,11500000.0
Super built-up  Area,Ready To Move,Thanisandra,2 BHK,Inntss ,1343,2.0,2.0,75.0,1343.0,2,5584.512285927029,7500000.0
Super built-up  Area,Ready To Move,Thanisandra,3 BHK,Soitya ,1935,4.0,2.0,122.0,1935.0,3,6304.909560723514,12200000.0
Super built-up  Area,18-Feb,Thanisandra,2 BHK,Bhmesy ,933,2.0,1.0,55.0,933.0,2,5894.962486602358,5500000.0
Super built-up  Area,19-Mar,Thanisandra,2 BHK,Bhe 2ko,1183,2.0,1.0,77.3,1183.0,2,6534.234995773458,7730000.0
Super built-up  Area,Ready To Move,Thanisandra,1 BHK,Pronyt ,662,1.0,0.0,38.0,662.0,1,5740.181268882176,3800000.0
Super built-up  Area,18-Jan,Thanisandra,2 BHK,Bhmesy ,1265,2.0,1.0,72.0,1265.0,2,5691.699604743083,7200000.0
Super built-up  Area,Ready To Move,Thanisandra,3 BHK,Bhmesy ,1595,3.0,1.0,105.0,1595.0,3,6583.0721003134795,10500000.0
Built-up  Area,Ready To Move,Thanisandra,3 BHK,Pronyt ,1241,2.0,1.0,65.0,1241.0,3,5237.711522965351,6500000.0
Super built-up  Area,18-May,Thanisandra,1 BHK,SaSkyBl,580,1.0,1.0,27.5,580.0,1,4741.379310344828,2750000.0
Super built-up  Area,17-Jan,Thanisandra,3 BHK,Soitya ,2087,4.0,2.0,139.0,2087.0,3,6660.277910876856,13900000.0
Super built-up  Area,19-May,Thanisandra,3 BHK,G conTh,2050,3.0,2.0,150.0,2050.0,3,7317.073170731707,15000000.0
Super built-up  Area,Ready To Move,Thanisandra,2 BHK,Bhmesy ,1098,2.0,1.0,71.0,1098.0,2,6466.302367941712,7100000.0
Super built-up  Area,18-Dec,Thanisandra,3 BHK,Bhe 2ko,1411,3.0,1.0,93.25,1411.0,3,6608.788093550674,9325000.0
Super built-up  Area,Ready To Move,Thanisandra,3 BHK,Pronyt ,1262,2.0,1.0,65.0,1262.0,3,5150.5546751188585,6500000.0
Super built-up  Area,18-Dec,Thanisandra,3 BHK,Bhe 2ko,1732,3.0,1.0,112.0,1732.0,3,6466.512702078522,11200000.0
Super built-up  Area,Ready To Move,Thanisandra,2 BHK,Bhmesy ,933,2.0,1.0,66.0,933.0,2,7073.954983922829,6600000.0
Super built-up  Area,18-May,Thanisandra,1 BHK,Bhmesy ,933,1.0,1.0,61.0,933.0,1,6538.049303322615,6100000.0
Super built-up  Area,Ready To Move,Thanisandra,3 BHK,Soitya ,1702,3.0,2.0,107.0,1702.0,3,6286.721504112808,10700000.0
Super built-up  Area,19-Dec,Thanisandra,1 BHK,Cotaror,684 - 810,1.0,0.0,34.355,747.0,1,4599.062918340026,3435499.9999999995
Super built-up  Area,19-May,Thanisandra,3 BHK,G conTh,2030,4.0,1.0,125.0,2030.0,3,6157.635467980295,12500000.0
Super built-up  Area,19-Mar,Thanisandra,1 BHK,Bhe 2ko,663,1.0,1.0,46.0,663.0,1,6938.15987933635,4600000.0
Super built-up  Area,18-Apr,Thanisandra,3 BHK,Bhe 2ko,1411,3.0,2.0,100.0,1411.0,3,7087.172218284904,10000000.0
Super built-up  Area,Ready To Move,Thanisandra,3 BHK,Soitya ,1702,3.0,2.0,120.0,1702.0,3,7050.5287896592245,12000000.0
Built-up  Area,Ready To Move,Thanisandra,4 BHK,Bhmesy ,1948,4.0,2.0,129.0,1948.0,4,6622.17659137577,12900000.0
Built-up  Area,18-Apr,Thanisandra,3 BHK,Bhmesy ,1573,3.0,1.0,90.0,1573.0,3,5721.551176096631,9000000.0
Super built-up  Area,Ready To Move,Thanisandra,2 BHK,Bhmesy ,1056,2.0,2.0,70.0,1056.0,2,6628.787878787879,7000000.0
Super built-up  Area,Ready To Move,Thanisandra,3 BHK,Soitya ,1719,3.0,2.0,135.0,1719.0,3,7853.4031413612565,13500000.0
Super built-up  Area,18-May,Thanisandra,3 BHK,Bhmesy ,1595,3.0,2.0,96.0,1595.0,3,6018.808777429467,9600000.0
Built-up  Area,Ready To Move,Thanisandra,3 BHK,Soitya ,1698,3.0,2.0,125.0,1698.0,3,7361.601884570083,12500000.0
Super built-up  Area,18-Apr,Thanisandra,2 BHK,Bhmesy ,1056,2.0,1.0,75.0,1056.0,2,7102.272727272727,7500000.0
Super built-up  Area,19-Mar,Thanisandra,2 BHK,Bhe 2ko,1245,2.0,1.0,83.05,1245.0,2,6670.682730923695,8305000.0
Built-up  Area,19-May,Thanisandra,4 BHK,G conTh,2695,4.0,3.0,188.0,2695.0,4,6975.881261595548,18800000.0
Super built-up  Area,Ready To Move,Thanisandra,3 BHK,Pronyt ,1261,2.0,1.0,80.0,1261.0,3,6344.171292624901,8000000.0
Super built-up  Area,Ready To Move,Thanisandra,3 BHK,Soitya ,1884,4.0,2.0,117.0,1884.0,3,6210.1910828025475,11700000.0
Super built-up  Area,Ready To Move,Thanisandra,2 BHK,Bhmesy ,965,2.0,1.0,54.0,965.0,2,5595.854922279793,5400000.0
Super built-up  Area,Ready To Move,Thanisandra,3 BHK,Soitya ,1930,4.0,2.0,122.0,1930.0,3,6321.243523316062,12200000.0
Super built-up  Area,18-Nov,Thanisandra,1 BHK,Bhe 2ko,620 - 934,1.0,0.0,38.46,777.0,1,4949.80694980695,3846000.0
Super built-up  Area,Ready To Move,Thanisandra,3 BHK,Pronyt ,1241,2.0,1.0,68.0,1241.0,3,5479.45205479452,6800000.0
Super built-up  Area,Ready To Move,Thanisandra,3 BHK,Soitya ,1930,4.0,2.0,120.0,1930.0,3,6217.616580310881,12000000.0
Super built-up  Area,Ready To Move,Thanisandra,1 BHK,Bhmesy ,760,1.0,2.0,50.4,760.0,1,6631.578947368421,5040000.0
Super built-up  Area,21-Dec,Thanisandra,1 BHK,Bhe 2ko,663,1.0,0.0,32.82,663.0,1,4950.226244343891,3282000.0
Super built-up  Area,Ready To Move,Thanisandra,3 BHK,Soitya ,1801,3.0,2.0,115.0,1801.0,3,6385.341476957246,11500000.0
Super built-up  Area,Ready To Move,Thanisandra,3 BHK,Soitya ,1806,6.0,2.0,116.0,1806.0,3,6423.034330011074,11600000.0
Super built-up  Area,Ready To Move,Thanisandra,3 BHK,Bhmesy ,1573,3.0,2.0,115.0,1573.0,3,7310.870947234584,11500000.0
Super built-up  Area,Ready To Move,Thanisandra,2 BHK,G conTh,1305,2.0,2.0,90.0,1305.0,2,6896.551724137931,9000000.0
Super built-up  Area,Ready To Move,Thanisandra,3 BHK,Soitya ,1965,4.0,2.0,125.0,1965.0,3,6361.323155216285,12500000.0
Built-up  Area,Ready To Move,Thanisandra,3 BHK,Soitya ,1694,3.0,1.0,125.0,1694.0,3,7378.984651711924,12500000.0
Super built-up  Area,17-Dec,Thanisandra,3 BHK,Bhmesy ,1573,3.0,2.0,100.0,1573.0,3,6357.279084551812,10000000.0
Built-up  Area,18-Mar,Thanisandra,4 BHK,Bhmesy ,1917,4.0,2.0,130.0,1917.0,4,6781.429316640584,13000000.0
Built-up  Area,Ready To Move,"Thanisandra Main Road,",3 BHK,,2357,3.0,2.0,151.0,2357.0,3,6406.448875689436,15100000.0
Built-up  Area,Ready To Move,"Thanisandra Main Road,",4 BHK,,2872,4.0,3.0,183.0,2872.0,4,6371.866295264624,18300000.0
Super built-up  Area,19-Dec,Thanisandra main road,3 BHK,,3144,3.0,1.0,455.0,3144.0,3,14472.010178117049,45500000.0
Super built-up  Area,19-Dec,Thanisandra main road,4 BHK,,4110,4.0,2.0,590.0,4110.0,4,14355.231143552312,59000000.0
Super built-up  Area,19-Dec,Thanisandra main road,4 BHK,,4209,4.0,2.0,602.0,4209.0,4,14302.684723212164,60200000.0
Super built-up  Area,Ready To Move,Thigalarapalya,4 BHK,Prtanha,3122,6.0,2.0,230.0,3122.0,4,7367.072389493914,23000000.0
Super built-up  Area,Ready To Move,Thigalarapalya,3 BHK,Prtanha,2072,4.0,2.0,142.0,2072.0,3,6853.281853281854,14200000.0
Super built-up  Area,Ready To Move,Thigalarapalya,2 BHK,Prtanha,1297,2.0,2.0,103.0,1297.0,2,7941.403238242097,10300000.0
Super built-up  Area,Ready To Move,Thigalarapalya,2 BHK,,1418,2.0,2.0,95.0,1418.0,2,6699.576868829337,9500000.0
Super built-up  Area,Ready To Move,Thigalarapalya,4 BHK,Prtanha,3122,6.0,2.0,235.0,3122.0,4,7527.226137091608,23500000.0
Super built-up  Area,Ready To Move,Thigalarapalya,4 BHK,Prtanha,3122,6.0,2.0,245.0,3122.0,4,7847.533632286995,24500000.0
Super built-up  Area,Ready To Move,Thigalarapalya,3 BHK,Prtanha,2072,4.0,2.0,150.0,2072.0,3,7239.382239382239,15000000.0
Super built-up  Area,Ready To Move,Thigalarapalya,2 BHK,,1418,2.0,2.0,103.0,1418.0,2,7263.7517630465445,10300000.0
Super built-up  Area,Ready To Move,Thigalarapalya,2 BHK,Prtanha,1418,2.0,2.0,101.0,1418.0,2,7122.708039492242,10100000.0
Super built-up  Area,Ready To Move,Thigalarapalya,2 BHK,Prtanha,1418,2.0,2.0,104.0,1418.0,2,7334.273624823695,10400000.0
Super built-up  Area,Ready To Move,Thigalarapalya,3 BHK,Prtanha,2072,4.0,2.0,139.0,2072.0,3,6708.494208494209,13900000.0
Super built-up  Area,Ready To Move,Thigalarapalya,4 BHK,Prtanha,3122,5.0,2.0,225.0,3122.0,4,7206.91864189622,22500000.0
Super built-up  Area,Ready To Move,Thigalarapalya,4 BHK,Prtanha,2912,6.0,2.0,210.0,2912.0,4,7211.538461538462,21000000.0
Super built-up  Area,Ready To Move,Thigalarapalya,2 BHK,,1418,2.0,2.0,103.0,1418.0,2,7263.7517630465445,10300000.0
Super built-up  Area,Ready To Move,Thigalarapalya,3 BHK,Prtanha,2072,4.0,2.0,159.0,2072.0,3,7673.745173745174,15900000.0
Super built-up  Area,Ready To Move,Thigalarapalya,3 BHK,Prtanha,2072,4.0,2.0,147.0,2072.0,3,7094.594594594595,14700000.0
Super built-up  Area,Ready To Move,Thigalarapalya,2 BHK,,1418,2.0,2.0,106.0,1418.0,2,7475.317348377997,10600000.0
Super built-up  Area,Ready To Move,Thigalarapalya,3 BHK,Prtanha,2215,4.0,2.0,156.0,2215.0,3,7042.889390519187,15600000.0
Super built-up  Area,Ready To Move,Thigalarapalya,2 BHK,Prtanha,1418,2.0,2.0,104.0,1418.0,2,7334.273624823695,10400000.0
Super built-up  Area,Ready To Move,Thigalarapalya,4 BHK,Prtanha,3122,6.0,2.0,237.0,3122.0,4,7591.287636130685,23700000.0
Super built-up  Area,Ready To Move,Thigalarapalya,2 BHK,Prtanha,1418,2.0,2.0,105.0,1418.0,2,7404.795486600846,10500000.0
Super built-up  Area,Ready To Move,Thigalarapalya,2 BHK,Prtanha,1418,2.0,2.0,104.0,1418.0,2,7334.273624823695,10400000.0
Super built-up  Area,Ready To Move,Thigalarapalya,3 BHK,Prtanha,2072,4.0,2.0,139.0,2072.0,3,6708.494208494209,13900000.0
Super built-up  Area,Ready To Move,Thigalarapalya,3 BHK,Prtanha,2215,4.0,2.0,160.0,2215.0,3,7223.476297968397,16000000.0
Super built-up  Area,Ready To Move,Thigalarapalya,2 BHK,,1418,2.0,2.0,106.0,1418.0,2,7475.317348377997,10600000.0
Super built-up  Area,Ready To Move,Thigalarapalya,3 BHK,Prtanha,2072,4.0,2.0,155.0,2072.0,3,7480.694980694981,15500000.0
Super built-up  Area,Ready To Move,Thigalarapalya,3 BHK,Prtanha,1830,4.0,2.0,135.0,1830.0,3,7377.049180327869,13500000.0
Super built-up  Area,Ready To Move,Thigalarapalya,2 BHK,Prtanha,1418,2.0,2.0,105.0,1418.0,2,7404.795486600846,10500000.0
Super built-up  Area,Ready To Move,Thigalarapalya,3 BHK,Prtanha,2072,4.0,2.0,160.0,2072.0,3,7722.007722007722,16000000.0
Super built-up  Area,Ready To Move,Thigalarapalya,3 BHK,Prtanha,2215,4.0,2.0,150.0,2215.0,3,6772.009029345372,15000000.0
Super built-up  Area,Ready To Move,Thigalarapalya,3 BHK,Prtanha,2215,4.0,2.0,154.0,2215.0,3,6952.5959367945825,15400000.0
Super built-up  Area,Ready To Move,Thigalarapalya,3 BHK,Prtanha,2072,4.0,2.0,152.0,2072.0,3,7335.907335907336,15200000.0
Super built-up  Area,Ready To Move,Thigalarapalya,3 BHK,Prtanha,2072,4.0,2.0,160.0,2072.0,3,7722.007722007722,16000000.0
Super built-up  Area,Ready To Move,Thigalarapalya,3 BHK,Prtanha,2072,4.0,2.0,155.0,2072.0,3,7480.694980694981,15500000.0
Super built-up  Area,Ready To Move,Thigalarapalya,4 BHK,Prtanha,3122,6.0,2.0,235.0,3122.0,4,7527.226137091608,23500000.0
Super built-up  Area,Ready To Move,Thigalarapalya,3 BHK,Prtanha,2072,4.0,2.0,153.0,2072.0,3,7384.169884169884,15300000.0
Super built-up  Area,Ready To Move,Thigalarapalya,3 BHK,Prtanha,2215,4.0,2.0,150.0,2215.0,3,6772.009029345372,15000000.0
Super built-up  Area,Ready To Move,Thigalarapalya,3 BHK,Prtanha,2072,4.0,2.0,157.0,2072.0,3,7577.220077220078,15700000.0
Super built-up  Area,Ready To Move,Thigalarapalya,2 BHK,,1418,2.0,2.0,105.0,1418.0,2,7404.795486600846,10500000.0
Built-up  Area,Ready To Move,Thigalarapalya,4 BHK,Prtanha,3362,5.0,2.0,249.0,3362.0,4,7406.305770374777,24900000.0
Super built-up  Area,Ready To Move,Thigalarapalya,4 BHK,Prtanha,3122,6.0,2.0,245.0,3122.0,4,7847.533632286995,24500000.0
Super built-up  Area,Ready To Move,Thigalarapalya,3 BHK,Prtanha,1830,3.0,2.0,133.0,1830.0,3,7267.75956284153,13300000.0
Super built-up  Area,Ready To Move,Thigalarapalya,3 BHK,Prtanha,2215,4.0,2.0,154.0,2215.0,3,6952.5959367945825,15400000.0
Super built-up  Area,Ready To Move,Thigalarapalya,4 BHK,Prtanha,4190,4.0,,325.0,4190.0,4,7756.563245823389,32500000.0
Super built-up  Area,Ready To Move,Thigalarapalya,3 BHK,Prtanha,2215,4.0,2.0,157.0,2215.0,3,7088.03611738149,15700000.0
Super built-up  Area,Ready To Move,Thigalarapalya,3 BHK,Prtanha,2072,4.0,2.0,151.0,2072.0,3,7287.644787644787,15100000.0
Super built-up  Area,Ready To Move,Thigalarapalya,4 BHK,Prtanha,4303,5.0,,300.0,4303.0,4,6971.880083662561,30000000.0
Super built-up  Area,Ready To Move,Thigalarapalya,2 BHK,Prtanha,1400,2.0,2.0,105.0,1400.0,2,7500.0,10500000.0
Super built-up  Area,Ready To Move,Thigalarapalya,3 BHK,Prtanha,2215,4.0,2.0,162.0,2215.0,3,7313.769751693002,16200000.0
Super built-up  Area,Ready To Move,Thigalarapalya,2 BHK,,1297,2.0,2.0,98.0,1297.0,2,7555.898226676947,9800000.0
Super built-up  Area,Ready To Move,Thigalarapalya,3 BHK,Prtanha,2215,4.0,2.0,152.0,2215.0,3,6862.302483069978,15200000.0
Super built-up  Area,Ready To Move,Thippasandra,1 BHK,,650,1.0,0.0,30.0,650.0,1,4615.384615384615,3000000.0
Super built-up  Area,Ready To Move,Thippasandra,1 BHK,,660,1.0,0.0,30.0,660.0,1,4545.454545454545,3000000.0
Carpet  Area,Ready To Move,Thirumenahalli,2 BHK,,1100,2.0,2.0,70.0,1100.0,2,6363.636363636364,7000000.0
Built-up  Area,Ready To Move,Thubarahalli,4 Bedroom,,3800,4.0,3.0,239.0,3800.0,4,6289.473684210527,23900000.0
Super built-up  Area,Ready To Move,Thubarahalli,2 BHK,,1200,2.0,2.0,78.0,1200.0,2,6500.0,7800000.0
Super built-up  Area,Ready To Move,Thubarahalli,2 BHK,Adity S,1128,2.0,2.0,75.0,1128.0,2,6648.936170212766,7500000.0
Built-up  Area,Ready To Move,Thubarahalli,2 BHK,Soowsa ,975,2.0,1.0,55.0,975.0,2,5641.025641025641,5500000.0
Super built-up  Area,Ready To Move,Thubarahalli,2 BHK,Kenia G,1330,2.0,1.0,75.0,1330.0,2,5639.097744360903,7500000.0
Super built-up  Area,Ready To Move,Thubarahalli,2 BHK,Adity S,1085,2.0,1.0,70.0,1085.0,2,6451.612903225807,7000000.0
Built-up  Area,Ready To Move,Thubarahalli,2 BHK,ShdhiSa,1216,2.0,1.0,80.0,1216.0,2,6578.9473684210525,8000000.0
Super built-up  Area,Ready To Move,Thubarahalli,2 BHK,,1200,2.0,2.0,79.0,1200.0,2,6583.333333333333,7900000.0
Super built-up  Area,Ready To Move,Thubarahalli,2 BHK,ShdhiSa,1200,2.0,2.0,80.0,1200.0,2,6666.666666666667,8000000.0
Super built-up  Area,Ready To Move,Thubarahalli,2 BHK,ShdhiSa,1200,2.0,2.0,79.55,1200.0,2,6629.166666666667,7955000.0
Built-up  Area,Ready To Move,Thubarahalli,3 BHK,Asnts a,1540,3.0,3.0,90.0,1540.0,3,5844.1558441558445,9000000.0
Built-up  Area,Ready To Move,Thubarahalli,3 BHK,ShdhiSa,2625,3.0,3.0,175.0,2625.0,3,6666.666666666667,17500000.0
Super built-up  Area,Ready To Move,Thubarahalli,3 BHK,Asnts a,1540,3.0,,90.0,1540.0,3,5844.1558441558445,9000000.0
Super built-up  Area,Ready To Move,Thubarahalli,3 BHK,ShdhiSa,1584,3.0,2.0,101.0,1584.0,3,6376.262626262626,10100000.0
Plot  Area,Ready To Move,Thurahalli,4 Bedroom,,600,3.0,2.0,65.0,600.0,4,10833.333333333334,6500000.0
Plot  Area,Ready To Move,Thurahalli,4 Bedroom,,600,3.0,2.0,65.0,600.0,4,10833.333333333334,6500000.0
Plot  Area,Ready To Move,Thyagaraja Nagar,1 Bedroom,,800,1.0,1.0,100.0,800.0,1,12500.0,10000000.0
Built-up  Area,Ready To Move,Thyagaraja Nagar,1 Bedroom,,660,1.0,0.0,95.0,660.0,1,14393.939393939394,9500000.0
Plot  Area,Ready To Move,Thyagaraja Nagar,5 Bedroom,,570,5.0,0.0,80.0,570.0,5,14035.087719298246,8000000.0
Super built-up  Area,Ready To Move,Thyagaraja Nagar,3 BHK,,1270,2.0,2.0,95.25,1270.0,3,7500.0,9525000.0
Super built-up  Area,Ready To Move,Thyagaraja Nagar,2 BHK,,1040,2.0,1.0,68.0,1040.0,2,6538.461538461538,6800000.0
Plot  Area,Ready To Move,Thyagaraja Nagar,1 Bedroom,,1675,1.0,0.0,241.0,1675.0,1,14388.059701492537,24100000.0
Super built-up  Area,Ready To Move,Tigalarpalya,3 BHK,Spess C,1998,3.0,2.0,117.0,1998.0,3,5855.855855855856,11700000.0
Plot  Area,Ready To Move,Tindlu,3 Bedroom,Hentye ,1500,2.0,1.0,87.0,1500.0,3,5800.0,8700000.0
Plot  Area,Ready To Move,Tindlu,2 Bedroom,,1350,2.0,1.0,100.0,1350.0,2,7407.407407407408,10000000.0
Plot  Area,Ready To Move,Tindlu,3 Bedroom,Hentye ,1500,3.0,1.0,87.0,1500.0,3,5800.0,8700000.0
Super built-up  Area,Ready To Move,Tumkur Road,3 BHK,SosonGa,1500,3.0,3.0,95.0,1500.0,3,6333.333333333333,9500000.0
Super built-up  Area,Ready To Move,Tumkur Road,3 BHK,Soite E,1779,3.0,2.0,112.0,1779.0,3,6295.6717256885895,11200000.0
Super built-up  Area,21-Jan,Tumkur Road,3 BHK,Sapus S,1586,3.0,1.0,100.0,1586.0,3,6305.170239596469,10000000.0
Super built-up  Area,Ready To Move,Tumkur Road,2 BHK,,1098,2.0,1.0,72.0,1098.0,2,6557.377049180328,7200000.0
Super built-up  Area,Ready To Move,Tumkur Road,3 BHK,Sahtsva,1354,3.0,1.0,90.0,1354.0,3,6646.971935007386,9000000.0
Super built-up  Area,Ready To Move,Tumkur Road,3 BHK,Sahtsva,1240,2.0,1.0,84.0,1240.0,3,6774.193548387097,8400000.0
Super built-up  Area,21-Jan,Tumkur Road,2 BHK,Sapus S,1239,2.0,1.0,82.0,1239.0,2,6618.240516545601,8200000.0
Super built-up  Area,21-Jan,Tumkur Road,2 BHK,Sapus S,1246,2.0,1.0,82.0,1246.0,2,6581.0593900481545,8200000.0
Super built-up  Area,Ready To Move,Tumkur Road,3 BHK,SosonGa,1500,3.0,3.0,100.0,1500.0,3,6666.666666666667,10000000.0
Super built-up  Area,Ready To Move,Tumkur Road,3 BHK,Soubya ,1789,3.0,2.0,98.0,1789.0,3,5477.920626048071,9800000.0
Super built-up  Area,Ready To Move,Tumkur Road,3 BHK,Sahtsva,1416,3.0,1.0,94.0,1416.0,3,6638.418079096045,9400000.0
Super built-up  Area,17-Dec,Tumkur Road,2 BHK,Sahtsva,1027,2.0,1.0,60.0,1027.0,2,5842.259006815969,6000000.0
Super built-up  Area,Ready To Move,Tumkur Road,2 BHK,Sahtsva,1027,2.0,1.0,68.62,1027.0,2,6681.596884128529,6862000.0
Super built-up  Area,Ready To Move,Tumkur Road,3 BHK,Soubya ,1459,2.0,1.0,95.0,1459.0,3,6511.3091158327625,9500000.0
Super built-up  Area,Ready To Move,Tumkur Road,2 BHK,Sahtsva,992,2.0,1.0,60.0,992.0,2,6048.387096774193,6000000.0
Super built-up  Area,Ready To Move,Tumkur Road,3 BHK,Sahtsva,1240,2.0,1.0,79.0,1240.0,3,6370.967741935484,7900000.0
Super built-up  Area,21-Jan,Tumkur Road,3 BHK,Sapus S,1441,2.0,1.0,95.0,1441.0,3,6592.64399722415,9500000.0
Super built-up  Area,18-Apr,Tumkur Road,3 BHK,Sahtsva,1240,2.0,1.0,83.0,1240.0,3,6693.548387096775,8300000.0
Super built-up  Area,18-May,Tumkur Road,2 BHK,Sahtsva,1027,2.0,1.0,67.0,1027.0,2,6523.855890944498,6700000.0
Built-up  Area,Ready To Move,Tumkur Road,3 BHK,Mairer ,1060,2.0,2.0,58.3,1060.0,3,5500.0,5830000.0
Super built-up  Area,Ready To Move,Tumkur Road,3 BHK,Sahtsva,1354,3.0,1.0,85.86,1354.0,3,6341.211225997045,8586000.0
Plot  Area,Ready To Move,Udaya Nagar,2 Bedroom,,1000,1.0,1.0,75.0,1000.0,2,7500.0,7500000.0
Plot  Area,Ready To Move,Ullal Road,5 Bedroom,,1200,5.0,1.0,130.0,1200.0,5,10833.333333333334,13000000.0
Plot  Area,Ready To Move,Ullal Uppanagar,2 Bedroom,,1200,2.0,0.0,82.0,1200.0,2,6833.333333333333,8200000.0
Super built-up  Area,Ready To Move,Ulsoor,3 BHK,K borja,2135,3.0,2.0,215.0,2135.0,3,10070.257611241217,21500000.0
Built-up  Area,Ready To Move,Ulsoor,2 BHK,,1275,2.0,,120.0,1275.0,2,9411.764705882353,12000000.0
Built-up  Area,Ready To Move,Ulsoor,3 BHK,,1020,3.0,2.0,110.0,1020.0,3,10784.313725490196,11000000.0
Built-up  Area,Ready To Move,Ulsoor,2 BHK,Rilor C,1180,2.0,2.0,100.0,1180.0,2,8474.57627118644,10000000.0
Built-up  Area,Ready To Move,Ulsoor,3 BHK,,1340,3.0,0.0,90.0,1340.0,3,6716.417910447762,9000000.0
Super built-up  Area,Ready To Move,Ulsoor,3 BHK,,1500,2.0,2.0,125.0,1500.0,3,8333.333333333334,12500000.0
Super built-up  Area,Ready To Move,Ulsoor,3 BHK,,2000,3.0,3.0,185.0,2000.0,3,9250.0,18500000.0
Super built-up  Area,Ready To Move,Ulsoor,2 BHK,Rilor C,1255,2.0,3.0,120.0,1255.0,2,9561.752988047809,12000000.0
Plot  Area,Ready To Move,Ulsoor,5 Bedroom,,1200,4.0,3.0,150.0,1200.0,5,12500.0,15000000.0
Super built-up  Area,Ready To Move,Ulsoor,3 BHK,,1685,4.0,2.0,185.0,1685.0,3,10979.228486646884,18500000.0
Built-up  Area,Ready To Move,Ulsoor,4 Bedroom,,2500,4.0,0.0,170.0,2500.0,4,6800.0,17000000.0
Super built-up  Area,Ready To Move,Ulsoor,3 BHK,K borja,2135,3.0,2.0,170.0,2135.0,3,7962.529274004683,17000000.0
Plot  Area,Ready To Move,Ulsoor,2 Bedroom,,1160,2.0,1.0,130.0,1160.0,2,11206.896551724138,13000000.0
Built-up  Area,Ready To Move,Upadhyaya Layout,3 BHK,,1300,2.0,1.0,67.0,1300.0,3,5153.846153846154,6700000.0
Built-up  Area,Ready To Move,Upkar Layout,1 Bedroom,,1050,1.0,1.0,70.0,1050.0,1,6666.666666666667,7000000.0
Plot  Area,Ready To Move,Upkar Layout,6 Bedroom,,1200,6.0,2.0,160.0,1200.0,6,13333.333333333334,16000000.0
Super built-up  Area,Ready To Move,Uttarahalli,3 BHK,Baveles,1788,3.0,2.0,98.34,1788.0,3,5500.0,9834000.0
Carpet  Area,Ready To Move,Uttarahalli,3 BHK,Baveles,1700,3.0,2.0,88.0,1700.0,3,5176.470588235294,8800000.0
Super built-up  Area,Ready To Move,Uttarahalli,3 BHK,Baveles,1689.28,3.0,2.0,91.2,1689.28,3,5398.74976321273,9120000.0
Super built-up  Area,Ready To Move,Uttarahalli,3 BHK,Ihnueut,1310,2.0,1.0,85.0,1310.0,3,6488.5496183206105,8500000.0
Super built-up  Area,20-Dec,Uttarahalli,2 BHK,PrdgeLa,1137,2.0,1.0,63.0,1137.0,2,5540.8970976253295,6300000.0
Super built-up  Area,Ready To Move,Uttarahalli,3 BHK,Omy 2es,1315,2.0,2.0,74.0,1315.0,3,5627.376425855513,7400000.0
Super built-up  Area,Ready To Move,Uttarahalli,3 BHK,Baveles,1627.86,3.0,2.0,88.0,1627.86,3,5405.87028368533,8800000.0
Super built-up  Area,Ready To Move,Uttarahalli,2 BHK,Revane ,1280,2.0,2.0,75.0,1280.0,2,5859.375,7500000.0
Super built-up  Area,20-Dec,Uttarahalli,1 BHK,PrdgeLa,661,1.0,1.0,36.0,661.0,1,5446.293494704993,3600000.0
Super built-up  Area,Ready To Move,Uttarahalli,2 BHK,Ihnueut,1235,2.0,3.0,90.0,1235.0,2,7287.44939271255,9000000.0
Super built-up  Area,Ready To Move,Uttarahalli,3 BHK,,1737,2.0,3.0,95.0,1737.0,3,5469.199769717904,9500000.0
Super built-up  Area,Ready To Move,Uttarahalli,2 BHK,RaontWa,1163,2.0,2.0,68.0,1163.0,2,5846.947549441101,6800000.0
Super built-up  Area,Ready To Move,Uttarahalli,2 BHK,Revane ,1150,2.0,2.0,70.0,1150.0,2,6086.95652173913,7000000.0
Built-up  Area,Ready To Move,Uttarahalli,2 BHK,RaontWa,1099,2.0,2.0,65.0,1099.0,2,5914.467697907188,6500000.0
Super built-up  Area,Ready To Move,Uttarahalli,3 BHK,Omy 2es,1265,2.0,2.0,65.0,1265.0,3,5138.339920948617,6500000.0
Super built-up  Area,Ready To Move,Uttarahalli,3 BHK,,1460,3.0,3.0,76.0,1460.0,3,5205.479452054795,7600000.0
Built-up  Area,Ready To Move,Uttarahalli,3 Bedroom,,1650,2.0,1.0,130.0,1650.0,3,7878.787878787879,13000000.0
Super built-up  Area,Ready To Move,V.V Puram,2 BHK,,775,2.0,1.0,55.0,775.0,2,7096.774193548387,5500000.0
Built-up  Area,Ready To Move,V.V Puram,3 BHK,,151.11Sq. Yards,2.0,0.0,150.0,151.11,3,99265.43577526305,15000000.0
Plot  Area,Ready To Move,Vaderahalli,4 Bedroom,,2300,4.0,,200.0,2300.0,4,8695.652173913044,20000000.0
Plot  Area,Ready To Move,Vaishnavi Layout,4 Bedroom,Prsisge,4800,5.0,2.0,420.0,4800.0,4,8750.0,42000000.0
Plot  Area,Ready To Move,Vaishnavi Layout,4 Bedroom,Prsisge,4800,6.0,2.0,420.0,4800.0,4,8750.0,42000000.0
Built-up  Area,Ready To Move,Vaishnavi Layout,4 Bedroom,Prsisge,4800,4.0,3.0,420.0,4800.0,4,8750.0,42000000.0
Super built-up  Area,22-Jan,Vajarahalli,2 BHK,,945,2.0,1.0,54.0,945.0,2,5714.285714285715,5400000.0
Super built-up  Area,22-Jan,Vajarahalli,1 BHK,,551,1.0,1.0,30.0,551.0,1,5444.64609800363,3000000.0
Super built-up  Area,22-Jan,Vajarahalli,3 BHK,,1475,3.0,1.0,80.0,1475.0,3,5423.728813559322,8000000.0
Super built-up  Area,22-Jan,Vajarahalli,3 BHK,,1254,2.0,1.0,70.0,1254.0,3,5582.13716108453,7000000.0
Super built-up  Area,22-Jan,Vajarahalli,3 BHK,,1432,3.0,2.0,79.0,1432.0,3,5516.7597765363125,7900000.0
Super built-up  Area,17-Mar,Varthur,2 BHK,Uptusol,1385,2.0,3.0,80.0,1385.0,2,5776.173285198556,8000000.0
Super built-up  Area,Ready To Move,Varthur,2 BHK,Soamsay,1012,2.0,1.0,66.5,1012.0,2,6571.146245059289,6650000.0
Super built-up  Area,Ready To Move,Varthur,3 BHK,,1250,3.0,,71.0,1250.0,3,5680.0,7100000.0
Plot  Area,18-Jul,Varthur,3 Bedroom,,1200,3.0,1.0,67.75,1200.0,3,5645.833333333333,6775000.0
Plot  Area,17-Nov,Varthur,4 Bedroom,,4500,5.0,2.0,300.0,4500.0,4,6666.666666666667,30000000.0
Super built-up  Area,18-May,Varthur,2 BHK,Soamsay,1012,2.0,1.0,59.0,1012.0,2,5830.0395256917,5900000.0
Super built-up  Area,Ready To Move,Varthur,3 BHK,Vaensia,1360,2.0,3.0,85.0,1360.0,3,6250.0,8500000.0
Super built-up  Area,Ready To Move,Varthur,3 BHK,Vaensia,1395,2.0,3.0,79.0,1395.0,3,5663.082437275985,7900000.0
Plot  Area,18-Jul,Varthur,3 Bedroom,,1200,3.0,1.0,68.38,1200.0,3,5698.333333333333,6838000.0
Super built-up  Area,Ready To Move,Varthur,2 BHK,DSingSt,1035,2.0,1.0,60.0,1035.0,2,5797.101449275362,6000000.0
Super built-up  Area,Ready To Move,Varthur,2 BHK,Unris E,1100,2.0,2.0,72.0,1100.0,2,6545.454545454545,7200000.0
Super built-up  Area,17-Dec,Varthur,2 BHK,Unris E,1402,2.0,2.0,95.0,1402.0,2,6776.034236804565,9500000.0
Super built-up  Area,Ready To Move,Varthur,3 BHK,Caiseur,1560,3.0,2.0,90.0,1560.0,3,5769.2307692307695,9000000.0
Super built-up  Area,18-May,Varthur,2 BHK,,1000,1.0,1.0,65.0,1000.0,2,6500.0,6500000.0
Super built-up  Area,Ready To Move,Vasanth nagar,3 BHK,Pricae ,3025,3.0,0.0,500.0,3025.0,3,16528.92561983471,50000000.0
Super built-up  Area,18-May,Vasanth nagar,4 BHK,Dheusag,2328,4.0,1.0,528.0,2328.0,4,22680.41237113402,52800000.0
Super built-up  Area,18-Jan,Vasanth nagar,4 BHK,Prian E,4750,6.0,1.0,1102.0,4750.0,4,23200.0,110200000.0
Plot  Area,Ready To Move,Vasanth nagar,4 Bedroom,,875,4.0,0.0,150.0,875.0,4,17142.85714285714,15000000.0
Plot  Area,Ready To Move,Vasanth nagar,6 Bedroom,,2295,3.0,0.0,650.0,2295.0,6,28322.44008714597,65000000.0
Super built-up  Area,18-Mar,Vasanth nagar,4 BHK,Prian E,4750,6.0,1.0,948.0,4750.0,4,19957.894736842107,94800000.0
Built-up  Area,Ready To Move,Vasantha Vallabha Nagar,3 Bedroom,,1500,2.0,2.0,95.0,1500.0,3,6333.333333333333,9500000.0
Plot  Area,Ready To Move,Vasanthpura,6 Bedroom,,600,6.0,2.0,65.0,600.0,6,10833.333333333334,6500000.0
Plot  Area,18-Aug,Veer Sandra,4 Bedroom,Thessie,3000,4.0,3.0,264.0,3000.0,4,8800.0,26400000.0
Built-up  Area,Ready To Move,Venkatadri Layout,1 BHK,Raiyai ,595,1.0,1.0,42.0,595.0,1,7058.823529411765,4200000.0
Built-up  Area,Ready To Move,Venkatadri Layout,1 BHK,Raiyai ,596,1.0,1.0,42.0,596.0,1,7046.979865771812,4200000.0
Built-up  Area,Ready To Move,Venkatapura,4 BHK,ThBayah,3080,2.0,1.0,285.0,3080.0,4,9253.246753246753,28500000.0
Built-up  Area,Ready To Move,Venkatapura,3 Bedroom,,5720,3.0,0.0,350.0,5720.0,3,6118.881118881119,35000000.0
Built-up  Area,Ready To Move,Venkatapura,3 BHK,ThBayah,2700,2.0,1.0,260.0,2700.0,3,9629.62962962963,26000000.0
Super built-up  Area,Ready To Move,Venugopal Reddy Layout,3 BHK,Patust ,1545,3.0,3.0,85.0,1545.0,3,5501.6181229773465,8500000.0
Built-up  Area,Ready To Move,Versova Layout,3 Bedroom,,2020,3.0,3.0,270.0,2020.0,3,13366.336633663366,27000000.0
Built-up  Area,Ready To Move,Vibuthipura,3 BHK,Tantsod,1603,2.0,0.0,125.0,1603.0,3,7797.878976918279,12500000.0
Super built-up  Area,Ready To Move,Victoria Layout,3 BHK,,1650,3.0,1.0,165.0,1650.0,3,10000.0,16500000.0
Super built-up  Area,16-Jul,Victoria Layout,2 BHK,,1300,2.0,1.0,129.0,1300.0,2,9923.076923076924,12900000.0
Built-up  Area,Ready To Move,Victoria Layout,2 BHK,,850,2.0,1.0,72.0,850.0,2,8470.588235294117,7200000.0
Super built-up  Area,Ready To Move,Victoria Layout,2 BHK,,1276,2.0,0.0,146.0,1276.0,2,11442.006269592477,14600000.0
Built-up  Area,Ready To Move,Victoria Layout,2 BHK,,1115,2.0,1.0,115.0,1115.0,2,10313.90134529148,11500000.0
Plot  Area,Ready To Move,Vidyaranyapura,2 Bedroom,,1440,2.0,0.0,95.0,1440.0,2,6597.222222222223,9500000.0
Plot  Area,Ready To Move,Vidyaranyapura,4 Bedroom,,1200,4.0,0.0,90.0,1200.0,4,7500.0,9000000.0
Plot  Area,Ready To Move,Vidyaranyapura,6 Bedroom,,1060,6.0,3.0,110.0,1060.0,6,10377.358490566037,11000000.0
Plot  Area,Ready To Move,Vidyaranyapura,8 Bedroom,,1200,7.0,3.0,130.0,1200.0,8,10833.333333333334,13000000.0
Plot  Area,Ready To Move,Vidyaranyapura,3 Bedroom,,462,3.0,,38.0,462.0,3,8225.108225108224,3800000.0
Built-up  Area,Ready To Move,Vidyaranyapura,2 BHK,,1120,2.0,1.0,70.0,1120.0,2,6250.0,7000000.0
Super built-up  Area,Ready To Move,Vidyaranyapura,3 BHK,,1200,2.0,2.0,65.0,1200.0,3,5416.666666666667,6500000.0
Super built-up  Area,Ready To Move,Vidyaranyapura,3 BHK,,1100,2.0,1.0,75.0,1100.0,3,6818.181818181818,7500000.0
Super built-up  Area,Ready To Move,Vidyaranyapura,3 BHK,,1100,2.0,2.0,72.0,1100.0,3,6545.454545454545,7200000.0
Plot  Area,Ready To Move,Vidyaranyapura,4 Bedroom,,770,3.0,2.0,65.25,770.0,4,8474.025974025973,6525000.0
Plot  Area,Ready To Move,Vidyaranyapura,5 Bedroom,,774,5.0,3.0,70.0,774.0,5,9043.92764857881,7000000.0
Super built-up  Area,Ready To Move,Vignana Nagar,4 BHK,,1050,4.0,2.0,90.0,1050.0,4,8571.42857142857,9000000.0
Super built-up  Area,Ready To Move,Vignana Nagar,2 BHK,,1350,2.0,2.0,89.5,1350.0,2,6629.62962962963,8950000.0
Super built-up  Area,Ready To Move,Vijaya Bank Layout,3 BHK,,2400,2.0,1.0,150.0,2400.0,3,6250.0,15000000.0
Built-up  Area,Ready To Move,Vijaya Bank Layout,3 BHK,Dhise P,1605,2.0,3.0,85.0,1605.0,3,5295.95015576324,8500000.0
Super built-up  Area,Ready To Move,Vijaya Bank Layout,3 BHK,,1200,2.0,1.0,68.0,1200.0,3,5666.666666666667,6800000.0
Plot  Area,Ready To Move,Vijaya Bank Layout,6 Bedroom,,4000,6.0,2.0,460.0,4000.0,6,11500.0,46000000.0
Super built-up  Area,21-Jun,Vijayanagar,3 BHK,Saahaat,1704,3.0,2.0,110.0,1704.0,3,6455.399061032864,11000000.0
Super built-up  Area,21-Jun,Vijayanagar,3 BHK,Saityat,1933,3.0,1.0,129.0,1933.0,3,6673.564407656492,12900000.0
Super built-up  Area,Ready To Move,Vijayanagar,3 BHK,Swadeh ,1450,3.0,0.0,100.0,1450.0,3,6896.551724137931,10000000.0
Built-up  Area,Ready To Move,Vijayanagar,3 BHK,,1580,2.0,0.0,134.0,1580.0,3,8481.012658227848,13400000.0
Super built-up  Area,21-Jun,Vijayanagar,3 BHK,Saityat,1826,3.0,2.0,121.0,1826.0,3,6626.506024096386,12100000.0
Plot  Area,Ready To Move,Vijayanagar,8 Bedroom,,600,4.0,1.0,72.0,600.0,8,12000.0,7200000.0
Super built-up  Area,21-Jun,Vijayanagar,3 BHK,Saityat,1739,3.0,1.0,116.0,1739.0,3,6670.500287521564,11600000.0
Super built-up  Area,21-Jun,Vijayanagar,3 BHK,Saahaat,1490,3.0,2.0,100.0,1490.0,3,6711.4093959731545,10000000.0
Super built-up  Area,21-Jun,Vijayanagar,1 BHK,Saityat,606,1.0,0.0,34.78,606.0,1,5739.273927392739,3478000.0
Super built-up  Area,Ready To Move,Vijayanagar,3 BHK,Rancy R,1527,3.0,2.0,115.0,1527.0,3,7531.106745252128,11500000.0
Built-up  Area,Ready To Move,Vijayanagar,2 BHK,,989,2.0,0.0,60.0,989.0,2,6066.734074823054,6000000.0
Super built-up  Area,21-Jun,Vijayanagar,3 BHK,Saityat,1520,2.0,1.0,103.0,1520.0,3,6776.315789473684,10300000.0
Super built-up  Area,21-Jun,Vijayanagar,3 BHK,Saityat,1749,3.0,1.0,117.0,1749.0,3,6689.536878216123,11700000.0
Super built-up  Area,21-Jun,Vijayanagar,2 BHK,Saahaat,1046,2.0,1.0,75.0,1046.0,2,7170.172084130019,7500000.0
Super built-up  Area,19-Dec,Vijayanagar,1 BHK,Saityat,606,1.0,1.0,40.0,606.0,1,6600.660066006601,4000000.0
Super built-up  Area,Ready To Move,Vijayanagar,3 BHK,J axyGa,1300,2.0,2.0,75.0,1300.0,3,5769.2307692307695,7500000.0
Super built-up  Area,20-Feb,Vijayanagar,3 BHK,Saahaat,1484,3.0,2.0,79.19,1484.0,3,5336.253369272237,7919000.0
Super built-up  Area,Ready To Move,Vijayanagar,3 BHK,GoncyRe,1760,3.0,,140.0,1760.0,3,7954.545454545455,14000000.0
Super built-up  Area,21-Jun,Vijayanagar,3 BHK,Saityat,2047,3.0,2.0,136.0,2047.0,3,6643.869076697606,13600000.0
Super built-up  Area,Ready To Move,Vijayanagar,3 BHK,,1200,2.0,1.0,75.0,1200.0,3,6250.0,7500000.0
Super built-up  Area,Ready To Move,Vijayanagar,2 BHK,Rancy R,1178,2.0,3.0,82.0,1178.0,2,6960.950764006791,8200000.0
Plot  Area,Ready To Move,Vijayanagar,4 Bedroom,,2100,6.0,1.0,252.0,2100.0,4,12000.0,25200000.0
Super built-up  Area,Ready To Move,Vijayanagar,2 BHK,,920,2.0,2.0,60.0,920.0,2,6521.739130434783,6000000.0
Super built-up  Area,Ready To Move,Vijayanagar,2 BHK,Smentha,1019,2.0,1.0,58.0,1019.0,2,5691.854759568204,5800000.0
Super built-up  Area,21-Jun,Vijayanagar,2 BHK,Saityat,1180,2.0,1.0,86.0,1180.0,2,7288.135593220339,8600000.0
Plot  Area,Ready To Move,Vijayanagar,5 Bedroom,,750,4.0,3.0,95.0,750.0,5,12666.666666666666,9500000.0
Built-up  Area,Ready To Move,Vijayanagar,1 Bedroom,,2400,2.0,0.0,230.0,2400.0,1,9583.333333333334,23000000.0
Super built-up  Area,21-Jun,Vijayanagar,1 BHK,Saahaat,492,1.0,1.0,40.0,492.0,1,8130.081300813008,4000000.0
Super built-up  Area,Ready To Move,Vijayanagar,3 BHK,GontsAp,1375,2.0,0.0,75.0,1375.0,3,5454.545454545455,7500000.0
Super built-up  Area,Ready To Move,Vijinapura,2 BHK,Vadidpl,1290,2.0,2.0,71.95,1290.0,2,5577.519379844961,7195000.0
Built-up  Area,Ready To Move,Vinayak Nagar,1 BHK,,705,1.0,2.0,36.5,705.0,1,5177.304964539007,3650000.0
Built-up  Area,Ready To Move,Vinayak Nagar,3 BHK,Niarknt,1758,3.0,2.0,95.0,1758.0,3,5403.86803185438,9500000.0
Plot  Area,Ready To Move,Vishveshwarya Layout,1 Bedroom,,750,1.0,1.0,30.0,750.0,1,4000.0,3000000.0
Plot  Area,Ready To Move,Vishveshwarya Layout,4 Bedroom,,600,4.0,2.0,85.0,600.0,4,14166.666666666666,8500000.0
Plot  Area,Ready To Move,Vishveshwarya Layout,6 Bedroom,,1400,6.0,3.0,160.0,1400.0,6,11428.57142857143,16000000.0
Plot  Area,Ready To Move,Vishwanatha Nagenahalli,5 Bedroom,,900,3.0,2.0,80.0,900.0,5,8888.888888888889,8000000.0
Built-up  Area,Ready To Move,Vishwanatha Nagenahalli,3 BHK,PrBayGa,2159,3.0,2.0,120.0,2159.0,3,5558.12876331635,12000000.0
Super built-up  Area,Ready To Move,Vishwanatha Nagenahalli,3 BHK,PrBayGa,2159,3.0,2.0,120.0,2159.0,3,5558.12876331635,12000000.0
Built-up  Area,Ready To Move,Vishwapriya Nagar,4 Bedroom,,2800,4.0,1.0,200.0,2800.0,4,7142.857142857143,20000000.0
Plot  Area,Ready To Move,Vishwapriya Nagar,3 Bedroom,,1200,3.0,1.0,80.0,1200.0,3,6666.666666666667,8000000.0
Super built-up  Area,Ready To Move,Vittasandra,3 BHK,Prlla C,1650,3.0,2.0,85.0,1650.0,3,5151.515151515152,8500000.0
Super built-up  Area,Ready To Move,Vittasandra,3 BHK,Prlla C,1650,3.0,2.0,85.5,1650.0,3,5181.818181818182,8550000.0
Super built-up  Area,Ready To Move,Vittasandra,2 BHK,Prlla C,1246,2.0,1.0,69.0,1246.0,2,5537.720706260032,6900000.0
Super built-up  Area,Ready To Move,Vittasandra,3 BHK,Prlla C,1650,3.0,1.0,85.0,1650.0,3,5151.515151515152,8500000.0
Super built-up  Area,Ready To Move,Vittasandra,3 BHK,Prlla C,1650,3.0,2.0,85.5,1650.0,3,5181.818181818182,8550000.0
Super built-up  Area,Ready To Move,Vittasandra,3 BHK,,1648,3.0,2.0,85.0,1648.0,3,5157.766990291262,8500000.0
Plot  Area,Ready To Move,Vivek Nagar,2 Bedroom,,1600,2.0,1.0,160.0,1600.0,2,10000.0,16000000.0
Built-up  Area,Ready To Move,Vyalikaval,2 BHK,,1100,2.0,1.0,75.0,1100.0,2,6818.181818181818,7500000.0
Plot  Area,Ready To Move,Vyalikaval,7 Bedroom,,1000,7.0,3.0,160.0,1000.0,7,16000.0,16000000.0
Plot  Area,Ready To Move,Weavers Colony,1 Bedroom,,812,1.0,1.0,26.0,812.0,1,3201.9704433497536,2600000.0
Plot  Area,18-Jan,Weavers Colony,1 Bedroom,,812,1.0,0.0,26.0,812.0,1,3201.9704433497536,2600000.0
Plot  Area,Ready To Move,Whitefield,4 Bedroom,Prrry M,2785,5.0,3.0,295.0,2785.0,4,10592.45960502693,29500000.0
Super built-up  Area,20-Sep,Whitefield,2 BHK,Goted U,1459,2.0,1.0,94.82,1459.0,2,6498.971898560658,9482000.0
Plot  Area,Ready To Move,Whitefield,4 Bedroom,Chranya,5700,5.0,3.0,650.0,5700.0,4,11403.508771929824,65000000.0
Built-up  Area,Ready To Move,Whitefield,4 Bedroom,,4200,4.0,2.0,420.0,4200.0,4,10000.0,42000000.0
Super built-up  Area,Ready To Move,Whitefield,2 BHK,Gotis A,1280,2.0,2.0,75.0,1280.0,2,5859.375,7500000.0
Super built-up  Area,Ready To Move,Whitefield,3 BHK,BrlisCo,1910,3.0,2.0,161.0,1910.0,3,8429.319371727748,16100000.0
Super built-up  Area,Ready To Move,Whitefield,4 BHK,Haestt ,3252,4.0,1.0,230.0,3252.0,4,7072.570725707257,23000000.0
Super built-up  Area,Ready To Move,Whitefield,2 BHK,SuMTBPr,1150,2.0,1.0,70.0,1150.0,2,6086.95652173913,7000000.0
Built-up  Area,20-Dec,Whitefield,3 BHK,,1768,3.0,2.0,101.0,1768.0,3,5712.669683257918,10100000.0
Super built-up  Area,Ready To Move,Whitefield,3 BHK,Grare S,1600,3.0,2.0,86.0,1600.0,3,5375.0,8600000.0
Built-up  Area,Ready To Move,Whitefield,4 Bedroom,PrOakSi,4144,4.0,3.0,315.0,4144.0,4,7601.351351351352,31500000.0
Super built-up  Area,Ready To Move,Whitefield,3 BHK,Toindls,2500,3.0,2.0,313.0,2500.0,3,12520.0,31300000.0
Super built-up  Area,Ready To Move,Whitefield,4 BHK,,4104,4.0,2.0,360.0,4104.0,4,8771.929824561403,36000000.0
Super built-up  Area,Ready To Move,Whitefield,3 BHK,,1790,3.0,,100.0,1790.0,3,5586.592178770949,10000000.0
Super built-up  Area,Ready To Move,Whitefield,3 BHK,Gotis A,1720,3.0,3.0,100.0,1720.0,3,5813.953488372093,10000000.0
Super built-up  Area,18-Sep,Whitefield,3 BHK,Umods W,1640,4.0,2.0,91.0,1640.0,3,5548.780487804878,9100000.0
Super built-up  Area,18-Dec,Whitefield,3 BHK,Prtates,2280,4.0,2.0,126.0,2280.0,3,5526.315789473684,12600000.0
Built-up  Area,20-Dec,Whitefield,2 BHK,,1447,2.0,1.0,83.0,1447.0,2,5736.005528680028,8300000.0
Built-up  Area,18-Feb,Whitefield,3 BHK,,1897,3.0,2.0,130.0,1897.0,3,6852.925672113864,13000000.0
Super built-up  Area,Ready To Move,Whitefield,3 BHK,UKe 2nz,2225,2.0,1.0,125.0,2225.0,3,5617.9775280898875,12500000.0
Super built-up  Area,Ready To Move,Whitefield,4 Bedroom,PrOakSi,3606 - 5091,2.0,,304.0,4348.5,4,6990.916407956766,30400000.0
Built-up  Area,Ready To Move,Whitefield,2 BHK,,1113,2.0,1.0,62.0,1113.0,2,5570.530098831986,6200000.0
Super built-up  Area,Ready To Move,Whitefield,4 BHK,ArsiaEx,2268,3.0,2.0,163.0,2268.0,4,7186.94885361552,16300000.0
Plot  Area,Ready To Move,Whitefield,4 Bedroom,Saark H,2400,4.0,3.0,200.0,2400.0,4,8333.333333333334,20000000.0
Super built-up  Area,Ready To Move,Whitefield,2 BHK,BrlisCo,1360,2.0,1.0,95.0,1360.0,2,6985.294117647059,9500000.0
Super built-up  Area,18-Dec,Whitefield,3 BHK,Prtates,1697,3.0,2.0,94.79,1697.0,3,5585.739540365351,9479000.0
Plot  Area,Ready To Move,Whitefield,4 Bedroom,Skensk ,5000,4.0,3.0,400.0,5000.0,4,8000.0,40000000.0
Plot  Area,Ready To Move,Whitefield,4 Bedroom,Pronege,4800,4.0,3.0,525.0,4800.0,4,10937.5,52500000.0
Plot  Area,Ready To Move,Whitefield,4 Bedroom,VDe 1Du,3000,5.0,3.0,250.0,3000.0,4,8333.333333333334,25000000.0
Built-up  Area,Ready To Move,Whitefield,3 BHK,Mithmn ,1700,3.0,2.0,115.0,1700.0,3,6764.705882352941,11500000.0
Built-up  Area,18-Jan,Whitefield,3 Bedroom,,2842,3.0,2.0,162.0,2842.0,3,5700.2111189303305,16200000.0
Plot  Area,Ready To Move,Whitefield,4 Bedroom,Adowslm,3100,4.0,2.0,465.0,3100.0,4,15000.0,46500000.0
Plot  Area,18-May,Whitefield,3 Bedroom,WoarkEm,1500,3.0,1.0,130.0,1500.0,3,8666.666666666666,13000000.0
Super built-up  Area,18-Oct,Whitefield,2 BHK,Umods W,1280,2.0,1.0,75.0,1280.0,2,5859.375,7500000.0
Super built-up  Area,Ready To Move,Whitefield,3 BHK,AdndeBe,1405,2.0,1.0,78.0,1405.0,3,5551.601423487545,7800000.0
Super built-up  Area,Ready To Move,Whitefield,3 BHK,UKe 2nz,2225,3.0,3.0,115.0,2225.0,3,5168.539325842697,11500000.0
Super built-up  Area,21-Mar,Whitefield,2 BHK,PritaDo,1272,2.0,1.0,95.05,1272.0,2,7472.4842767295595,9505000.0
Built-up  Area,18-Dec,Whitefield,2 BHK,,1192,2.0,1.0,71.0,1192.0,2,5956.375838926175,7100000.0
Super built-up  Area,Ready To Move,Whitefield,3 BHK,Nillsre,1626,3.0,3.0,89.0,1626.0,3,5473.554735547355,8900000.0
Super built-up  Area,Ready To Move,Whitefield,3 BHK,Sudama ,1585,3.0,2.0,88.0,1585.0,3,5552.05047318612,8800000.0
Super built-up  Area,21-Dec,Whitefield,1 BHK,SudenEd,660 - 670,2.0,,28.585,665.0,1,4298.496240601504,2858500.0
Built-up  Area,Ready To Move,Whitefield,2 BHK,Gotis A,1280,2.0,0.0,85.0,1280.0,2,6640.625,8500000.0
Plot  Area,18-Dec,Whitefield,3 Bedroom,,1200,3.0,2.0,68.5,1200.0,3,5708.333333333333,6850000.0
Plot  Area,Ready To Move,Whitefield,4 Bedroom,,4000,4.0,2.0,330.0,4000.0,4,8250.0,33000000.0
Super built-up  Area,Ready To Move,Whitefield,2 BHK,BruntPa,1420,2.0,2.0,136.0,1420.0,2,9577.464788732394,13600000.0
Super built-up  Area,Ready To Move,Whitefield,3 BHK,Prtates,1697,3.0,2.0,108.0,1697.0,3,6364.172068355922,10800000.0
Super built-up  Area,Ready To Move,Whitefield,4 BHK,PrOakSi,3606,4.0,2.0,312.0,3606.0,4,8652.246256239601,31200000.0
Plot  Area,Ready To Move,Whitefield,4 Bedroom,,1204,4.0,1.0,125.0,1204.0,4,10382.059800664452,12500000.0
Super built-up  Area,19-Dec,Whitefield,2 BHK,Goted U,1485,2.0,1.0,90.0,1485.0,2,6060.606060606061,9000000.0
Super built-up  Area,18-Apr,Whitefield,1 BHK,Prtates,950,1.0,1.0,50.0,950.0,1,5263.1578947368425,5000000.0
Plot  Area,Ready To Move,Whitefield,4 Bedroom,PrOakSi,2400,5.0,,329.0,2400.0,4,13708.333333333334,32900000.0
Super built-up  Area,Ready To Move,Whitefield,1 BHK,UKe 2nz,825,1.0,1.0,45.0,825.0,1,5454.545454545455,4500000.0
Super built-up  Area,Ready To Move,Whitefield,3 BHK,Lallere,1635,2.0,2.0,85.0,1635.0,3,5198.7767584097855,8500000.0
Super built-up  Area,18-May,Whitefield,2 BHK,Prtates,1216,2.0,1.0,79.0,1216.0,2,6496.710526315789,7900000.0
Super built-up  Area,Ready To Move,Whitefield,2 BHK,SrireSo,920,2.0,1.0,63.0,920.0,2,6847.826086956522,6300000.0
Super built-up  Area,Ready To Move,Whitefield,2 BHK,Veitaus,1170,2.0,1.0,71.0,1170.0,2,6068.376068376068,7100000.0
Super built-up  Area,18-Apr,Whitefield,2 BHK,Prtates,1118,2.0,1.0,75.0,1118.0,2,6708.4078711985685,7500000.0
Super built-up  Area,Ready To Move,Whitefield,3 BHK,Brony H,1800,3.0,,110.0,1800.0,3,6111.111111111111,11000000.0
Super built-up  Area,20-Dec,Whitefield,3 BHK,Oreldhi,1562,3.0,2.0,103.0,1562.0,3,6594.110115236876,10300000.0
Super built-up  Area,Ready To Move,Whitefield,2 BHK,BainePr,1190,2.0,2.0,67.0,1190.0,2,5630.252100840336,6700000.0
Super built-up  Area,18-Dec,Whitefield,3 BHK,Prtates,2321,4.0,1.0,128.0,2321.0,3,5514.864282636794,12800000.0
Super built-up  Area,Ready To Move,Whitefield,2 BHK,BrlisCo,1320,2.0,1.0,95.0,1320.0,2,7196.969696969697,9500000.0
Plot  Area,Ready To Move,Whitefield,3 Bedroom,Chpana ,3010,3.0,2.0,200.0,3010.0,3,6644.518272425249,20000000.0
Super built-up  Area,18-Apr,Whitefield,2 BHK,Prtates,1346,2.0,1.0,96.17,1346.0,2,7144.873699851411,9617000.0
Super built-up  Area,18-Feb,Whitefield,3 BHK,BrlisCo,3850,5.0,,316.0,3850.0,3,8207.792207792209,31600000.0
Built-up  Area,18-Jun,Whitefield,1 BHK,,905,1.0,1.0,55.0,905.0,1,6077.348066298343,5500000.0
Super built-up  Area,Ready To Move,Whitefield,4 BHK,ArsiaEx,2268,3.0,0.0,146.0,2268.0,4,6437.389770723104,14600000.0
Super built-up  Area,19-Dec,Whitefield,1 BHK,Goted U,613 - 648,1.0,0.0,32.79,630.5,1,5200.634417129262,3279000.0
Super built-up  Area,18-Dec,Whitefield,3 BHK,Prtates,1697,3.0,2.0,115.0,1697.0,3,6776.664702416028,11500000.0
Super built-up  Area,Ready To Move,Whitefield,3 BHK,Skstark,1520,2.0,2.0,150.0,1520.0,3,9868.421052631578,15000000.0
Built-up  Area,Ready To Move,Whitefield,5 Bedroom,,3250,5.0,0.0,290.0,3250.0,5,8923.076923076924,29000000.0
Super built-up  Area,20-Dec,Whitefield,2 BHK,VaarkMe,1269,2.0,1.0,75.0,1269.0,2,5910.16548463357,7500000.0
Super built-up  Area,Ready To Move,Whitefield,4 BHK,,3262,4.0,2.0,260.0,3262.0,4,7970.570202329859,26000000.0
Super built-up  Area,21-Dec,Whitefield,2 BHK,Preaunt,1132,2.0,1.0,79.28,1132.0,2,7003.533568904593,7928000.0
Plot  Area,Ready To Move,Whitefield,4 Bedroom,,3000,4.0,0.0,330.0,3000.0,4,11000.0,33000000.0
Super built-up  Area,Ready To Move,Whitefield,2 BHK,Pae 1ov,1195,2.0,1.0,70.0,1195.0,2,5857.740585774059,7000000.0
Super built-up  Area,18-Feb,Whitefield,3 BHK,BrlisCo,3480,4.0,,284.0,3480.0,3,8160.919540229885,28400000.0
Plot  Area,Ready To Move,Whitefield,4 Bedroom,Vastael,1500,4.0,3.0,200.0,1500.0,4,13333.333333333334,20000000.0
Plot  Area,Ready To Move,Whitefield,4 Bedroom,Prrry M,3004,4.0,2.0,285.0,3004.0,4,9487.350199733688,28500000.0
Super built-up  Area,Ready To Move,Whitefield,2 BHK,Veales ,1250,2.0,2.0,72.0,1250.0,2,5760.0,7200000.0
Super built-up  Area,19-Dec,Whitefield,1 BHK,Oreldhi,524 - 894,1.0,0.0,34.385,709.0,1,4849.788434414669,3438500.0
Super built-up  Area,Ready To Move,Whitefield,2 BHK,,1340,2.0,1.0,77.0,1340.0,2,5746.268656716418,7700000.0
Super built-up  Area,Ready To Move,Whitefield,2 BHK,Veales ,1320,2.0,3.0,79.5,1320.0,2,6022.727272727273,7950000.0
Super built-up  Area,20-Dec,Whitefield,2 BHK,Oreldhi,750,2.0,1.0,52.7,750.0,2,7026.666666666667,5270000.0
Plot  Area,18-Jul,Whitefield,3 Bedroom,,1200,3.0,1.0,61.96,1200.0,3,5163.333333333333,6196000.0
Plot  Area,Ready To Move,Whitefield,4 Bedroom,Prrry M,3000,4.0,3.0,306.0,3000.0,4,10200.0,30600000.0
Super built-up  Area,18-Dec,Whitefield,3 BHK,Prtates,1650 - 2538,2.0,,113.19,2094.0,3,5405.444126074499,11319000.0
Plot  Area,Ready To Move,Whitefield,4 Bedroom,VDe 1Du,3445,5.0,3.0,270.0,3445.0,4,7837.44557329463,27000000.0
Super built-up  Area,Ready To Move,Whitefield,3 BHK,Mithmn ,1700,3.0,1.0,140.0,1700.0,3,8235.29411764706,14000000.0
Built-up  Area,18-Jun,Whitefield,4 Bedroom,,4827,4.0,3.0,400.0,4827.0,4,8286.720530350114,40000000.0
Super built-up  Area,Ready To Move,Whitefield,2 BHK,SBoneuc,1405,2.0,2.0,84.5,1405.0,2,6014.234875444839,8450000.0
Super built-up  Area,Ready To Move,Whitefield,4 BHK,,3252,4.0,3.0,280.0,3252.0,4,8610.086100861008,28000000.0
Super built-up  Area,Ready To Move,Whitefield,2 BHK,Viisear,1150,2.0,2.0,90.0,1150.0,2,7826.086956521739,9000000.0
Built-up  Area,18-Dec,Whitefield,1 BHK,,624,1.0,1.0,35.0,624.0,1,5608.974358974359,3500000.0
Plot  Area,Ready To Move,Whitefield,4 Bedroom,Chllea ,4356,5.0,1.0,850.0,4356.0,4,19513.314967860424,85000000.0
Super built-up  Area,Ready To Move,Whitefield,3 BHK,Brony H,1700,3.0,2.0,95.0,1700.0,3,5588.235294117647,9500000.0
Plot  Area,Ready To Move,Whitefield,4 Bedroom,Skensk ,4960,4.0,3.0,400.0,4960.0,4,8064.5161290322585,40000000.0
Built-up  Area,18-Feb,Whitefield,4 BHK,,2928,4.0,3.0,198.0,2928.0,4,6762.295081967213,19800000.0
Super built-up  Area,20-Sep,Whitefield,3 BHK,Goted U,2700,5.0,2.0,175.0,2700.0,3,6481.481481481482,17500000.0
Super built-up  Area,Ready To Move,Whitefield,2 BHK,Prtates,1216,2.0,1.0,84.0,1216.0,2,6907.894736842105,8400000.0
Super built-up  Area,19-Sep,Whitefield,4 BHK,Prtates,2882,5.0,1.0,204.0,2882.0,4,7078.417765440666,20400000.0
Super built-up  Area,Ready To Move,Whitefield,3 BHK,Brony H,1840,3.0,2.0,140.0,1840.0,3,7608.695652173913,14000000.0
Super built-up  Area,20-Nov,Whitefield,3 BHK,PritaDo,1778,3.0,2.0,122.0,1778.0,3,6861.6422947131605,12200000.0
Built-up  Area,Ready To Move,Whitefield,2 BHK,Vastael,1400,2.0,1.0,80.0,1400.0,2,5714.285714285715,8000000.0
Plot  Area,Ready To Move,Whitefield,4 Bedroom,Adowslm,3100,4.0,2.0,350.0,3100.0,4,11290.322580645161,35000000.0
Super built-up  Area,Ready To Move,Whitefield,1 BHK,Pranthi,650,1.0,1.0,25.0,650.0,1,3846.153846153846,2500000.0
Built-up  Area,17-Jun,Whitefield,1 RK,Prtates,905,1.0,1.0,52.0,905.0,1,5745.85635359116,5200000.0
Built-up  Area,Ready To Move,Whitefield,1 BHK,SatraNa,810,1.0,0.0,21.0,810.0,1,2592.5925925925926,2100000.0
Super built-up  Area,18-Dec,Whitefield,2 BHK,Prtates,1216,2.0,1.0,69.06,1216.0,2,5679.276315789473,6906000.0
Super built-up  Area,18-Dec,Whitefield,2 BHK,Prtates,1216,2.0,1.0,75.0,1216.0,2,6167.763157894737,7500000.0
Super built-up  Area,Ready To Move,Whitefield,2 BHK,Veale R,1355,2.0,3.0,78.0,1355.0,2,5756.457564575646,7800000.0
Super built-up  Area,Ready To Move,Whitefield,2 BHK,Vixirri,1255,2.0,3.0,77.0,1255.0,2,6135.4581673306775,7700000.0
Super built-up  Area,18-May,Whitefield,2 BHK,Prtates,1216,2.0,1.0,73.0,1216.0,2,6003.289473684211,7300000.0
Super built-up  Area,19-Dec,Whitefield,1 BHK,Oreldhi,524 - 894,1.0,0.0,34.735,709.0,1,4899.153737658674,3473500.0
Super built-up  Area,Ready To Move,Whitefield,3 BHK,Gotis A,1745,3.0,3.0,100.0,1745.0,3,5730.659025787965,10000000.0
Built-up  Area,18-Apr,Whitefield,4 BHK,,3200,4.0,3.0,224.0,3200.0,4,7000.0,22400000.0
Super built-up  Area,Ready To Move,Whitefield,1 BHK,UKe 2nz,825,1.0,1.0,44.9,825.0,1,5442.424242424242,4490000.0
Super built-up  Area,19-Jun,Whitefield,3 BHK,VaiteEx,1870,3.0,2.0,138.0,1870.0,3,7379.679144385027,13800000.0
Plot  Area,Ready To Move,Whitefield,4 Bedroom,Chllea ,4400,5.0,3.0,525.0,4400.0,4,11931.818181818182,52500000.0
Super built-up  Area,Ready To Move,Whitefield,3 BHK,,1862,3.0,2.0,125.0,1862.0,3,6713.211600429646,12500000.0
Plot  Area,Ready To Move,Whitefield,4 Bedroom,Prrry M,2403,5.0,,360.0,2403.0,4,14981.2734082397,36000000.0
Super built-up  Area,18-Dec,Whitefield,3 BHK,Prtates,1655,3.0,1.0,113.0,1655.0,3,6827.794561933535,11300000.0
Super built-up  Area,Ready To Move,Whitefield,1 BHK,UKe 2nz,530,1.0,1.0,29.44,530.0,1,5554.7169811320755,2944000.0
Super built-up  Area,18-Apr,Whitefield,1 BHK,Prtates,905,1.0,1.0,50.0,905.0,1,5524.861878453039,5000000.0
Super built-up  Area,18-Dec,Whitefield,3 BHK,BSlasin,1600,3.0,2.0,82.0,1600.0,3,5125.0,8200000.0
Plot  Area,18-Aug,Whitefield,4 Bedroom,,1230,4.0,2.0,80.0,1230.0,4,6504.065040650406,8000000.0
Super built-up  Area,19-Dec,Whitefield,1 BHK,Goted U,613 - 648,1.0,0.0,32.15,630.5,1,5099.127676447264,3215000.0
Built-up  Area,18-Mar,Whitefield,1 BHK,Prtates,905,1.0,1.0,52.0,905.0,1,5745.85635359116,5200000.0
Super built-up  Area,Ready To Move,Whitefield,2 BHK,Prtates,1216,2.0,1.0,83.0,1216.0,2,6825.6578947368425,8300000.0
Super built-up  Area,Ready To Move,Whitefield,3 BHK,Toindls,2500,3.0,2.0,280.0,2500.0,3,11200.0,28000000.0
Super built-up  Area,Ready To Move,Whitefield,2 BHK,Veale R,1355,3.0,3.0,76.0,1355.0,2,5608.856088560886,7600000.0
Super built-up  Area,Ready To Move,Whitefield,2 BHK,Prtates,1216,2.0,1.0,75.0,1216.0,2,6167.763157894737,7500000.0
Built-up  Area,Ready To Move,Whitefield,4 Bedroom,Prtates,4000,4.0,3.0,380.0,4000.0,4,9500.0,38000000.0
Super built-up  Area,19-Dec,Whitefield,1 BHK,Oreldhi,750,1.0,1.0,51.0,750.0,1,6800.0,5100000.0
Super built-up  Area,19-Dec,Whitefield,2 BHK,Oreldhi,1173,2.0,1.0,77.0,1173.0,2,6564.364876385337,7700000.0
Plot  Area,18-Dec,Whitefield,3 Bedroom,,1200,3.0,1.0,68.4,1200.0,3,5700.000000000001,6840000.000000001
Super built-up  Area,18-Aug,Whitefield,2 BHK,Prtates,1216,2.0,1.0,69.0,1216.0,2,5674.3421052631575,6900000.0
Built-up  Area,Ready To Move,Whitefield,4 Bedroom,,3425,5.0,2.0,250.0,3425.0,4,7299.270072992701,25000000.0
Built-up  Area,Ready To Move,Whitefield,3 Bedroom,,3000,3.0,2.0,400.0,3000.0,3,13333.333333333334,40000000.0
Plot  Area,Ready To Move,Whitefield,4 Bedroom,Chllea ,4003,6.0,1.0,525.0,4003.0,4,13115.16362727954,52500000.0
Plot  Area,Ready To Move,Whitefield,4 Bedroom,Adowslm,4100,4.0,,550.0,4100.0,4,13414.634146341463,55000000.0
Super built-up  Area,19-Dec,Whitefield,3 BHK,Goted U,2173,3.0,2.0,128.0,2173.0,3,5890.473999079613,12800000.0
Super built-up  Area,18-Dec,Whitefield,1 BHK,Prtates,905,1.0,1.0,62.0,905.0,1,6850.828729281768,6200000.0
Super built-up  Area,19-Jun,Whitefield,3 BHK,VaiteEx,1870,3.0,2.0,138.0,1870.0,3,7379.679144385027,13800000.0
Super built-up  Area,18-Feb,Whitefield,2 BHK,BrlisCo,1320,2.0,1.0,99.26,1320.0,2,7519.69696969697,9926000.0
Super built-up  Area,Ready To Move,Whitefield,3 BHK,Haestt ,2901,4.0,2.0,190.0,2901.0,3,6549.465701482248,19000000.0
Plot  Area,Ready To Move,Whitefield,4 Bedroom,Prrry M,2403,4.0,2.0,270.0,2403.0,4,11235.955056179775,27000000.0
Super built-up  Area,20-Sep,Whitefield,2 BHK,Goted U,1485,2.0,1.0,96.51,1485.0,2,6498.989898989899,9651000.0
Super built-up  Area,Ready To Move,Whitefield,3 BHK,Gotis A,1755,3.0,3.0,101.0,1755.0,3,5754.985754985755,10100000.0
Plot  Area,Ready To Move,Whitefield,4 Bedroom,Pronege,4800,5.0,2.0,550.0,4800.0,4,11458.333333333334,55000000.0
Super built-up  Area,Ready To Move,Whitefield,3 BHK,UKe 2nz,2225,3.0,1.0,149.0,2225.0,3,6696.6292134831465,14900000.0
Super built-up  Area,Ready To Move,Whitefield,2 BHK,Gotis A,1250,2.0,2.0,82.0,1250.0,2,6560.0,8200000.0
Plot  Area,Ready To Move,Whitefield,4 Bedroom,,1800,4.0,3.0,178.0,1800.0,4,9888.888888888889,17800000.0
Super built-up  Area,Ready To Move,Whitefield,1 BHK,,605,1.0,1.0,40.0,605.0,1,6611.570247933884,4000000.0
Built-up  Area,18-Apr,Whitefield,3 BHK,,2210,3.0,2.0,156.0,2210.0,3,7058.823529411765,15600000.0
Super built-up  Area,20-Dec,Whitefield,2 BHK,Oreldhi,1173,2.0,1.0,78.2,1173.0,2,6666.666666666667,7820000.0
Super built-up  Area,18-Feb,Whitefield,3 BHK,BrlisCo,1740,4.0,3.0,130.0,1740.0,3,7471.264367816092,13000000.0
Super built-up  Area,Ready To Move,Whitefield,4 BHK,Toindls,5924,4.0,3.0,625.0,5924.0,4,10550.303848750844,62500000.0
Super built-up  Area,18-Dec,Whitefield,2 BHK,Prtates,1216,2.0,1.0,75.0,1216.0,2,6167.763157894737,7500000.0
Super built-up  Area,18-Mar,Whitefield,3 BHK,Prtates,1655,3.0,3.0,120.0,1655.0,3,7250.755287009063,12000000.0
Super built-up  Area,18-Apr,Whitefield,4 BHK,Prtates,4003,6.0,3.0,300.0,4003.0,4,7494.379215588308,30000000.0
Plot  Area,Ready To Move,Whitefield,4 Bedroom,Pronege,4400,5.0,2.0,500.0,4400.0,4,11363.636363636364,50000000.0
Super built-up  Area,Ready To Move,Whitefield,2 BHK,Suram S,1180,2.0,2.0,70.0,1180.0,2,5932.203389830508,7000000.0
Super built-up  Area,Ready To Move,Whitefield,3 BHK,Priew P,2023,4.0,2.0,130.0,2023.0,3,6426.099851705388,13000000.0
Built-up  Area,Ready To Move,Whitefield,4 Bedroom,Prrry M,3589,5.0,0.0,400.0,3589.0,4,11145.165784341041,40000000.0
Super built-up  Area,18-Dec,Whitefield,3 BHK,Prtates,2134,4.0,2.0,118.0,2134.0,3,5529.522024367385,11800000.0
Super built-up  Area,18-Jul,Whitefield,1 BHK,Prtates,905,1.0,1.0,60.0,905.0,1,6629.834254143647,6000000.0
Super built-up  Area,Ready To Move,Whitefield,3 BHK,Nillsre,1452,3.0,,90.0,1452.0,3,6198.347107438017,9000000.0
Built-up  Area,Ready To Move,Whitefield,4 Bedroom,,2850,5.0,0.0,240.0,2850.0,4,8421.052631578947,24000000.0
Super built-up  Area,18-Dec,Whitefield,4 BHK,Prtates,2830,5.0,3.0,190.0,2830.0,4,6713.780918727915,19000000.0
Super built-up  Area,Ready To Move,Whitefield,2 BHK,Veales ,1295,2.0,3.0,78.5,1295.0,2,6061.776061776061,7850000.0
Super built-up  Area,20-Dec,Whitefield,1 BHK,Oreldhi,840,1.0,1.0,57.6,840.0,1,6857.142857142857,5760000.0
Super built-up  Area,20-Dec,Whitefield,1 BHK,Somns T,540 - 740,1.0,0.0,19.83,640.0,1,3098.4374999999995,1982999.9999999998
Built-up  Area,18-Dec,Whitefield,3 BHK,,1991,3.0,2.0,104.0,1991.0,3,5223.505775991964,10400000.0
Plot  Area,Ready To Move,Whitefield,4 Bedroom,Adowslm,10200,4.0,1.0,1250.0,10200.0,4,12254.901960784313,125000000.0
Built-up  Area,18-Jun,Whitefield,3 BHK,,1655,3.0,2.0,97.0,1655.0,3,5861.027190332326,9700000.0
Super built-up  Area,Ready To Move,Whitefield,3 BHK,BrlisCo,1850,3.0,2.0,150.0,1850.0,3,8108.108108108108,15000000.0
Plot  Area,18-Sep,Whitefield,3 Bedroom,,1200,3.0,1.0,67.77,1200.0,3,5647.5,6777000.0
Built-up  Area,Ready To Move,Whitefield,2 BHK,,1290,2.0,0.0,90.0,1290.0,2,6976.7441860465115,9000000.0
Super built-up  Area,18-Apr,Whitefield,2 BHK,Prtates,1216,2.0,1.0,75.0,1216.0,2,6167.763157894737,7500000.0
Super built-up  Area,21-Dec,Whitefield,2 BHK,Preaunt,1356,2.0,1.0,94.84,1356.0,2,6994.100294985251,9484000.0
Super built-up  Area,20-Dec,Whitefield,2 BHK,Goted U,1338,2.0,1.0,103.0,1338.0,2,7698.056801195815,10300000.0
Super built-up  Area,Ready To Move,Whitefield,3 BHK,VDarmlo,4097,3.0,,400.0,4097.0,3,9763.24139614352,40000000.0
Plot  Area,Ready To Move,Whitefield,3 Bedroom,StodsWa,3450,4.0,2.0,208.0,3450.0,3,6028.985507246377,20800000.0
Super built-up  Area,Ready To Move,Whitefield,2 BHK,PritaDo,1267,2.0,1.0,90.33,1267.0,2,7129.439621152328,9033000.0
Built-up  Area,Ready To Move,Whitefield,4 Bedroom,Chllea ,5000,5.0,2.0,550.0,5000.0,4,11000.0,55000000.0
Super built-up  Area,Ready To Move,Whitefield,3 BHK,Priew P,1836,3.0,2.0,125.0,1836.0,3,6808.278867102396,12500000.0
Plot  Area,Ready To Move,Whitefield,5 Bedroom,PrOakSi,2297,5.0,2.0,269.0,2297.0,5,11710.927296473661,26900000.0
Super built-up  Area,19-Dec,Whitefield,3 BHK,Eznuee ,3596,3.0,1.0,200.0,3596.0,3,5561.735261401557,20000000.0
Super built-up  Area,19-Mar,Whitefield,2 BHK,Prtates,1216,2.0,1.0,82.0,1216.0,2,6743.421052631579,8200000.0
Super built-up  Area,Ready To Move,Whitefield,2 BHK,UKe 2nz,1495,3.0,3.0,88.0,1495.0,2,5886.28762541806,8800000.0
Super built-up  Area,20-Dec,Whitefield,3 BHK,Oreldhi,1564,3.0,1.0,103.0,1564.0,3,6585.677749360614,10300000.0
Super built-up  Area,Ready To Move,Whitefield,3 BHK,Sulesil,1585,3.0,1.0,84.0,1585.0,3,5299.6845425867505,8400000.0
Built-up  Area,18-Dec,Whitefield,3 BHK,,1558,3.0,2.0,90.0,1558.0,3,5776.636713735558,9000000.0
Super built-up  Area,18-Dec,Whitefield,2 BHK,Prtates,1216,2.0,1.0,75.0,1216.0,2,6167.763157894737,7500000.0
Plot  Area,Ready To Move,Whitefield,3 Bedroom,Adowslm,1500,3.0,1.0,250.0,1500.0,3,16666.666666666668,25000000.0
Super built-up  Area,Ready To Move,Whitefield,2 BHK,Iseenst,1227,2.0,2.0,70.0,1227.0,2,5704.9714751426245,7000000.0
Super built-up  Area,Ready To Move,Whitefield,3 BHK,Priew P,1704,3.0,1.0,120.0,1704.0,3,7042.2535211267605,12000000.0
Super built-up  Area,19-Oct,Whitefield,2 BHK,SVacyeg,1256,2.0,,73.0,1256.0,2,5812.101910828025,7300000.0
Super built-up  Area,Ready To Move,Whitefield,2 BHK,,1300,2.0,2.0,78.0,1300.0,2,6000.0,7800000.0
Super built-up  Area,Ready To Move,Whitefield,3 BHK,FoityIn,1570,3.0,3.0,88.0,1570.0,3,5605.095541401274,8800000.0
Plot  Area,Ready To Move,Whitefield,4 Bedroom,,4290,5.0,3.0,625.0,4290.0,4,14568.764568764569,62500000.0
Super built-up  Area,18-Dec,Whitefield,2 BHK,Prtates,1216,2.0,1.0,84.03,1216.0,2,6910.361842105263,8403000.0
Built-up  Area,Ready To Move,Whitefield,2 BHK,,1240,2.0,2.0,70.0,1240.0,2,5645.1612903225805,7000000.0
Super built-up  Area,18-Mar,Whitefield,2 BHK,Prtates,1216,2.0,1.0,72.5,1216.0,2,5962.171052631579,7250000.0
Super built-up  Area,Ready To Move,Whitefield,3 BHK,UKe 2nz,2025,4.0,2.0,115.0,2025.0,3,5679.0123456790125,11500000.0
Plot  Area,Ready To Move,Whitefield,4 Bedroom,,1920,5.0,2.0,250.0,1920.0,4,13020.833333333334,25000000.0
Built-up  Area,Ready To Move,Whitefield,5 Bedroom,Chpana ,7200,5.0,2.0,900.0,7200.0,5,12500.0,90000000.0
Super built-up  Area,18-Dec,Whitefield,3 BHK,Prtates,1346,2.0,1.0,100.0,1346.0,3,7429.420505200595,10000000.0
Plot  Area,Ready To Move,Whitefield,4 Bedroom,Sahidri,2990,3.0,2.0,198.0,2990.0,4,6622.0735785953175,19800000.0
Built-up  Area,Ready To Move,Whitefield,4 Bedroom,Adowslm,2500,4.0,1.0,420.0,2500.0,4,16800.0,42000000.0
Super built-up  Area,Ready To Move,Whitefield,3 BHK,Gotis A,1720,3.0,3.0,98.97,1720.0,3,5754.069767441861,9897000.0
Super built-up  Area,Ready To Move,Whitefield,3 BHK,Aangsur,1600,3.0,2.0,95.0,1600.0,3,5937.5,9500000.0
Super built-up  Area,Ready To Move,Whitefield,3 BHK,Prtates,1655,3.0,1.0,108.0,1655.0,3,6525.679758308157,10800000.0
Super built-up  Area,Ready To Move,Whitefield,3 BHK,Veales ,1740,3.0,2.0,95.0,1740.0,3,5459.770114942528,9500000.0
Super built-up  Area,19-Dec,Whitefield,2 BHK,Oreldhi,1350,2.0,1.0,88.0,1350.0,2,6518.518518518518,8800000.0
Super built-up  Area,19-Mar,Whitefield,2 BHK,Prtates,1216,2.0,1.0,80.0,1216.0,2,6578.9473684210525,8000000.0
Plot  Area,Ready To Move,Whitefield,4 Bedroom,MIntare,2900,4.0,3.0,225.0,2900.0,4,7758.620689655172,22500000.0
Super built-up  Area,18-Feb,Whitefield,2 BHK,BrlisCo,1340,2.0,1.0,101.0,1340.0,2,7537.313432835821,10100000.0
Plot  Area,Ready To Move,Whitefield,4 Bedroom,PrOakSi,2000,4.0,1.0,312.0,2000.0,4,15600.0,31200000.0
Plot  Area,18-Aug,Whitefield,3 Bedroom,,1500,3.0,1.0,78.57,1500.0,3,5237.999999999999,7856999.999999999
Super built-up  Area,Ready To Move,Whitefield,3 BHK,Nillsre,1626,3.0,3.0,85.0,1626.0,3,5227.552275522755,8500000.0
Super built-up  Area,Ready To Move,Whitefield,2 BHK,DSe 2ie,1100,2.0,2.0,65.0,1100.0,2,5909.090909090909,6500000.0
Built-up  Area,18-Jun,Whitefield,3 Bedroom,,3117,3.0,2.0,261.0,3117.0,3,8373.435996150145,26100000.0
Super built-up  Area,18-May,Whitefield,2 BHK,Prtates,1216,2.0,1.0,73.0,1216.0,2,6003.289473684211,7300000.0
Built-up  Area,18-Apr,Whitefield,3 Bedroom,Prtates,3150,3.0,1.0,290.0,3150.0,3,9206.349206349207,29000000.0
Super built-up  Area,18-Dec,Whitefield,4 BHK,Goted U,2956,5.0,,234.0,2956.0,4,7916.102841677944,23400000.0
Super built-up  Area,Ready To Move,Whitefield,3 BHK,Santste,2247,3.0,,145.0,2247.0,3,6453.048509123276,14500000.0
Plot  Area,Ready To Move,Whitefield,4 Bedroom,PrOakSi,3940,5.0,3.0,265.0,3940.0,4,6725.888324873096,26500000.0
Super built-up  Area,Ready To Move,Whitefield,2 BHK,Maoma P,1160,2.0,1.0,67.0,1160.0,2,5775.862068965517,6700000.0
Plot  Area,Ready To Move,Whitefield,4 Bedroom,Ieuseut,1600,4.0,2.0,300.0,1600.0,4,18750.0,30000000.0
Super built-up  Area,19-Dec,Whitefield,2 BHK,Oreldhi,1180,2.0,1.0,77.0,1180.0,2,6525.423728813559,7700000.0
Super built-up  Area,20-Sep,Whitefield,3 BHK,Goted U,2140,3.0,2.0,139.0,2140.0,3,6495.327102803738,13900000.0
Super built-up  Area,18-Aug,Whitefield,2 BHK,,1314,2.0,1.0,84.0,1314.0,2,6392.6940639269405,8400000.0
Super built-up  Area,18-Feb,Whitefield,2 BHK,Alsta F,1012,2.0,1.0,58.0,1012.0,2,5731.225296442688,5800000.0
Plot  Area,Ready To Move,Whitefield,5 Bedroom,,1500,6.0,3.0,155.0,1500.0,5,10333.333333333334,15500000.0
Super built-up  Area,Ready To Move,Whitefield,3 BHK,SLiand ,1431,3.0,2.0,85.0,1431.0,3,5939.902166317261,8500000.0
Super built-up  Area,19-Dec,Whitefield,1 BHK,Oreldhi,524,1.0,1.0,29.0,524.0,1,5534.3511450381675,2900000.0
Super built-up  Area,Ready To Move,Whitefield,4 BHK,ArsiaEx,2135,3.0,2.0,149.0,2135.0,4,6978.922716627635,14900000.0
Super built-up  Area,Ready To Move,Whitefield,3 BHK,BrlisCo,1760,3.0,2.0,160.0,1760.0,3,9090.90909090909,16000000.0
Super built-up  Area,18-Jul,Whitefield,3 BHK,Prtates,1655,3.0,2.0,110.0,1655.0,3,6646.525679758308,11000000.0
Super built-up  Area,19-Dec,Whitefield,1 BHK,Oreldhi,840,1.0,1.0,57.0,840.0,1,6785.714285714285,5700000.0
Super built-up  Area,Ready To Move,Whitefield,3 BHK,AjhalNa,1725,3.0,2.0,106.0,1725.0,3,6144.927536231884,10600000.0
Plot  Area,Ready To Move,Whitefield,4 Bedroom,MIntare,2064,5.0,2.0,225.0,2064.0,4,10901.162790697674,22500000.0
Plot  Area,Ready To Move,Whitefield,3 Bedroom,Toindls,4800,4.0,2.0,600.0,4800.0,3,12500.0,60000000.0
Super built-up  Area,Ready To Move,Whitefield,1 BHK,,516,1.0,1.0,39.0,516.0,1,7558.139534883721,3900000.0
Built-up  Area,Ready To Move,Whitefield,4 Bedroom,,6000,4.0,,410.0,6000.0,4,6833.333333333333,41000000.0
Super built-up  Area,18-Dec,Whitefield,3 BHK,Asarqz ,1639,3.0,2.0,107.0,1639.0,3,6528.370957901159,10700000.0
Built-up  Area,20-Dec,Whitefield,3 BHK,,1820,3.0,2.0,113.0,1820.0,3,6208.791208791209,11300000.0
Super built-up  Area,18-Feb,Whitefield,4 BHK,BrlisCo,3410,5.0,3.0,253.0,3410.0,4,7419.354838709677,25300000.0
Super built-up  Area,Ready To Move,Whitefield,4 BHK,Toindls,6000,6.0,,700.0,6000.0,4,11666.666666666666,70000000.0
Plot  Area,Ready To Move,Whitefield,4 Bedroom,StodsWa,4500,4.0,,330.0,4500.0,4,7333.333333333333,33000000.0
Super built-up  Area,Ready To Move,Whitefield,2 BHK,Veales ,1250,2.0,2.0,85.0,1250.0,2,6800.0,8500000.0
Super built-up  Area,18-Jun,Whitefield,2 BHK,Asarqz ,1277,2.0,1.0,77.0,1277.0,2,6029.757243539546,7700000.0
Super built-up  Area,Ready To Move,Whitefield,3 BHK,Brony H,1820,3.0,2.0,140.0,1820.0,3,7692.307692307692,14000000.0
Built-up  Area,Ready To Move,Whitefield,4 Bedroom,ArsiaEx,3453,4.0,2.0,247.0,3453.0,4,7153.200115841298,24700000.0
Super built-up  Area,18-Oct,Whitefield,3 BHK,Prtates,2280,4.0,2.0,125.0,2280.0,3,5482.456140350877,12500000.0
Super built-up  Area,18-Dec,Whitefield,4 BHK,Prtates,2882,5.0,1.0,200.0,2882.0,4,6939.625260235947,20000000.0
Super built-up  Area,19-Sep,Whitefield,3 BHK,DSersus,1520 - 1759,3.0,0.0,92.63,1639.5,3,5649.893260140287,9263000.0
Super built-up  Area,Ready To Move,Whitefield,2 BHK,Pae 1ov,1190,2.0,1.0,70.0,1190.0,2,5882.35294117647,7000000.0
Plot  Area,Ready To Move,Whitefield,4 Bedroom,Pronege,4800,4.0,3.0,550.0,4800.0,4,11458.333333333334,55000000.0
Super built-up  Area,Ready To Move,Whitefield,2 BHK,BrlisCo,1270,2.0,1.0,94.0,1270.0,2,7401.574803149606,9400000.0
Super built-up  Area,Ready To Move,Whitefield,2 BHK,Priew P,1220,2.0,1.0,89.0,1220.0,2,7295.081967213115,8900000.0
Super built-up  Area,19-Jan,Whitefield,3 BHK,,3758,3.0,1.0,300.0,3758.0,3,7982.969664715274,30000000.0
Plot  Area,Ready To Move,Whitefield,4 Bedroom,Leuseut,1575,4.0,3.0,250.0,1575.0,4,15873.015873015873,25000000.0
Built-up  Area,18-Jun,Whitefield,2 BHK,,1216,2.0,1.0,72.0,1216.0,2,5921.0526315789475,7200000.0
Plot  Area,Ready To Move,Whitefield,4 Bedroom,Prrry M,5400,5.0,3.0,475.0,5400.0,4,8796.296296296296,47500000.0
Super built-up  Area,18-Apr,Whitefield,3 BHK,Alsta F,1396,3.0,1.0,74.0,1396.0,3,5300.859598853868,7400000.0
Super built-up  Area,18-Dec,Whitefield,2 BHK,Prtates,1346,2.0,1.0,76.01,1346.0,2,5647.102526002973,7601000.000000001
Built-up  Area,Ready To Move,Whitefield,3 BHK,Sudama ,1615,3.0,0.0,96.9,1615.0,3,6000.0,9690000.0
Super built-up  Area,Ready To Move,Whitefield,2 BHK,DNlleks,1200,2.0,3.0,70.0,1200.0,2,5833.333333333333,7000000.0
Super built-up  Area,Ready To Move,Whitefield,2 BHK,AHodsWo,1015,2.0,3.0,56.0,1015.0,2,5517.241379310345,5600000.0
Super built-up  Area,18-Dec,Whitefield,2 BHK,Prtates,1216,2.0,1.0,75.0,1216.0,2,6167.763157894737,7500000.0
Super built-up  Area,18-Dec,Whitefield,3 BHK,Prtates,2321,4.0,1.0,157.0,2321.0,3,6764.325721671693,15700000.0
Plot  Area,Ready To Move,Whitefield,4 Bedroom,Chllea ,4007,4.0,3.0,530.0,4007.0,4,13226.853007237334,53000000.0
Super built-up  Area,Ready To Move,Whitefield,2 BHK,Veitaus,1224,2.0,2.0,75.0,1224.0,2,6127.450980392156,7500000.0
Super built-up  Area,19-Mar,Whitefield,3 BHK,Prtates,1655,3.0,2.0,113.0,1655.0,3,6827.794561933535,11300000.0
Plot  Area,Ready To Move,Whitefield,6 Bedroom,Adowslm,4000,5.0,1.0,540.0,4000.0,6,13500.0,54000000.0
Plot  Area,18-Dec,Whitefield,3 Bedroom,,1200,3.0,2.0,67.75,1200.0,3,5645.833333333333,6775000.0
Built-up  Area,Ready To Move,Whitefield,2 BHK,Mithmn ,1270,2.0,1.0,110.0,1270.0,2,8661.417322834646,11000000.0
Super built-up  Area,Ready To Move,Whitefield,3 BHK,SuezeLa,1660,3.0,1.0,110.0,1660.0,3,6626.506024096386,11000000.0
Super built-up  Area,Ready To Move,Whitefield,2 BHK,BrlisCo,1270,2.0,1.0,105.0,1270.0,2,8267.71653543307,10500000.0
Plot  Area,Ready To Move,Whitefield,4 Bedroom,Enodsed,1344,3.0,1.0,130.0,1344.0,4,9672.619047619048,13000000.0
Super built-up  Area,20-Dec,Whitefield,2 BHK,Oreldhi,1173,2.0,1.0,78.2,1173.0,2,6666.666666666667,7820000.0
Super built-up  Area,Ready To Move,Whitefield,2 BHK,,1362,2.0,3.0,85.0,1362.0,2,6240.822320117474,8500000.0
Super built-up  Area,Ready To Move,Whitefield,3 BHK,Asarqz ,1457,2.0,2.0,105.0,1457.0,3,7206.588881262869,10500000.0
Super built-up  Area,18-Feb,Whitefield,3 BHK,BrlisCo,1720,3.0,2.0,128.0,1720.0,3,7441.860465116279,12800000.0
Super built-up  Area,19-Dec,Whitefield,3 BHK,Oreldhi,1564,3.0,1.0,103.0,1564.0,3,6585.677749360614,10300000.0
Super built-up  Area,18-Dec,Whitefield,3 BHK,Asarqz ,1639,3.0,2.0,107.0,1639.0,3,6528.370957901159,10700000.0
Super built-up  Area,Ready To Move,Whitefield,3 BHK,BrlisCo,1760,3.0,2.0,139.0,1760.0,3,7897.727272727273,13900000.0
Super built-up  Area,18-Dec,Whitefield,1 BHK,Goted U,613,1.0,1.0,48.0,613.0,1,7830.342577487765,4800000.0
Super built-up  Area,Ready To Move,Whitefield,3 BHK,SJces R,1730,3.0,2.0,125.0,1730.0,3,7225.43352601156,12500000.0
Super built-up  Area,19-Dec,Whitefield,1 BHK,Oreldhi,877,1.0,1.0,59.0,877.0,1,6727.480045610034,5900000.0
Super built-up  Area,Ready To Move,Wilson Garden,1 BHK,,735,1.0,1.0,75.0,735.0,1,10204.081632653062,7500000.0
Super built-up  Area,Ready To Move,Wilson Garden,3 BHK,Gonoril,1655,3.0,2.0,155.0,1655.0,3,9365.558912386707,15500000.0
Built-up  Area,Ready To Move,Wilson Garden,3 BHK,SaageWi,1680,3.0,3.0,135.0,1680.0,3,8035.714285714285,13500000.0
Plot  Area,Ready To Move,Wilson Garden,8 Bedroom,,1850,12.0,,300.0,1850.0,8,16216.216216216217,30000000.0
Plot  Area,Ready To Move,Wilson Garden,9 Bedroom,,960,5.0,2.0,130.0,960.0,9,13541.666666666666,13000000.0
Super built-up  Area,Ready To Move,Yelachenahalli,3 BHK,PuontBe,1464,2.0,3.0,105.0,1464.0,3,7172.131147540984,10500000.0
Super built-up  Area,16-Dec,Yelachenahalli,2 BHK,,2400,1.0,1.0,150.0,2400.0,2,6250.0,15000000.0
Super built-up  Area,Ready To Move,Yelachenahalli,3 BHK,PuontBe,1700,3.0,2.0,130.0,1700.0,3,7647.058823529412,13000000.0
Plot  Area,Ready To Move,Yelachenahalli,5 Bedroom,,897,2.0,1.0,85.0,897.0,5,9476.03121516165,8500000.0
Super built-up  Area,Ready To Move,Yelachenahalli,2 BHK,Coona A,1400,2.0,3.0,78.0,1400.0,2,5571.428571428572,7800000.0
Super built-up  Area,Ready To Move,Yelachenahalli,3 BHK,,1330,3.0,3.0,73.5,1330.0,3,5526.315789473684,7350000.0
Super built-up  Area,Ready To Move,Yelachenahalli,3 BHK,BaiseBa,1365,2.0,1.0,72.0,1365.0,3,5274.725274725275,7200000.0
Built-up  Area,Ready To Move,Yelachenahalli,2 BHK,PuontBe,1110,2.0,2.0,110.0,1110.0,2,9909.90990990991,11000000.0
Plot  Area,Ready To Move,Yelahanka,1 Bedroom,,660,1.0,0.0,48.0,660.0,1,7272.727272727273,4800000.0
Super built-up  Area,19-Mar,Yelahanka,2 BHK,Niareum,1326,2.0,2.0,78.0,1326.0,2,5882.35294117647,7800000.0
Super built-up  Area,Ready To Move,Yelahanka,2 BHK,PuziaVe,1327,2.0,2.0,98.0,1327.0,2,7385.079125847777,9800000.0
Super built-up  Area,Ready To Move,Yelahanka,3 BHK,Shana S,1705,3.0,2.0,95.0,1705.0,3,5571.847507331378,9500000.0
Super built-up  Area,Ready To Move,Yelahanka,2 BHK,NCowsar,1234,2.0,2.0,80.0,1234.0,2,6482.982171799027,8000000.0
Super built-up  Area,Ready To Move,Yelahanka,2 BHK,Velas V,1315,2.0,2.0,85.0,1315.0,2,6463.878326996198,8500000.0
Super built-up  Area,17-Nov,Yelahanka,1 BHK,Prensya,697,1.0,0.0,45.0,697.0,1,6456.241032998565,4500000.0
Built-up  Area,Ready To Move,Yelahanka,3 BHK,Leilo E,2195,4.0,2.0,127.0,2195.0,3,5785.876993166287,12700000.0
Super built-up  Area,Ready To Move,Yelahanka,3 BHK,PuziaVe,1614,3.0,2.0,95.0,1614.0,3,5885.9975216852545,9500000.0
Super built-up  Area,Ready To Move,Yelahanka,1 BHK,Ardanru,628,1.0,1.0,24.0,628.0,1,3821.6560509554142,2400000.0
Super built-up  Area,Ready To Move,Yelahanka,1 BHK,Prensya,654,1.0,1.0,38.4,654.0,1,5871.559633027523,3840000.0
Super built-up  Area,18-Mar,Yelahanka,3 BHK,Miitat ,1825,3.0,1.0,105.0,1825.0,3,5753.424657534247,10500000.0
Super built-up  Area,Ready To Move,Yelahanka,3 BHK,Niareum,1603,3.0,2.0,96.0,1603.0,3,5988.7710542732375,9600000.0
Super built-up  Area,18-May,Yelahanka,2 BHK,Prensya,1304,2.0,1.0,79.0,1304.0,2,6058.2822085889575,7900000.0
Super built-up  Area,Ready To Move,Yelahanka,3 BHK,,1610,3.0,1.0,115.0,1610.0,3,7142.857142857143,11500000.0
Super built-up  Area,Ready To Move,Yelahanka,2 BHK,PuziaVe,1327,2.0,3.0,85.0,1327.0,2,6405.42577241899,8500000.0
Super built-up  Area,Ready To Move,Yelahanka,3 BHK,PuziaVe,1566,3.0,2.0,97.0,1566.0,3,6194.125159642401,9700000.0
Built-up  Area,Ready To Move,Yelahanka,3 BHK,Niareum,1653,3.0,2.0,120.0,1653.0,3,7259.528130671506,12000000.0
Built-up  Area,Ready To Move,Yelahanka,3 BHK,,1275,2.0,2.0,95.0,1275.0,3,7450.980392156863,9500000.0
Super built-up  Area,Ready To Move,Yelahanka,2 BHK,Shana S,1270,2.0,2.0,78.0,1270.0,2,6141.7322834645665,7800000.0
Super built-up  Area,19-Dec,Yelahanka,3 BHK,Masser ,1400,2.0,2.0,80.54,1400.0,3,5752.857142857143,8054000.000000001
Super built-up  Area,Ready To Move,Yelahanka,2 BHK,PuziaVe,1322,2.0,2.0,86.0,1322.0,2,6505.295007564297,8600000.0
Super built-up  Area,Ready To Move,Yelahanka,2 BHK,,1100,2.0,1.0,70.0,1100.0,2,6363.636363636364,7000000.0
Plot  Area,Ready To Move,Yelahanka,2 Bedroom,,1200,2.0,1.0,70.0,1200.0,2,5833.333333333333,7000000.0
Super built-up  Area,18-Apr,Yelahanka,1 BHK,Prensya,654,1.0,1.0,37.0,654.0,1,5657.492354740061,3700000.0
Built-up  Area,Ready To Move,Yelahanka,3 BHK,NCowsar,1465,3.0,2.0,80.01,1465.0,3,5461.433447098977,8001000.000000001
Super built-up  Area,18-Mar,Yelahanka,3 BHK,Miitat ,2145,3.0,3.0,125.0,2145.0,3,5827.505827505827,12500000.0
Super built-up  Area,Ready To Move,Yelahanka,2 BHK,PuziaVe,1322,2.0,2.0,75.0,1322.0,2,5673.2223903177,7500000.0
Super built-up  Area,18-May,Yelahanka,1 BHK,Prensya,602,1.0,1.0,26.0,602.0,1,4318.936877076412,2600000.0
Super built-up  Area,Ready To Move,Yelahanka,3 BHK,PuziaVe,1614,2.0,1.0,100.0,1614.0,3,6195.786864931846,10000000.0
Super built-up  Area,18-May,Yelahanka,3 BHK,Miitat ,1890,3.0,2.0,108.0,1890.0,3,5714.285714285715,10800000.0
Super built-up  Area,Ready To Move,Yelahanka,3 BHK,PuziaVe,1556,3.0,2.0,86.0,1556.0,3,5526.9922879177375,8600000.0
Super built-up  Area,Ready To Move,Yelahanka,3 BHK,PrrloMo,1610,4.0,2.0,85.0,1610.0,3,5279.503105590062,8500000.0
Super built-up  Area,18-Mar,Yelahanka,3 BHK,Miitat ,1859,3.0,1.0,108.0,1859.0,3,5809.575040344271,10800000.0
Super built-up  Area,Ready To Move,Yelahanka,2 BHK,PuziaVe,1322,2.0,2.0,80.0,1322.0,2,6051.437216338881,8000000.0
Super built-up  Area,Ready To Move,Yelahanka,4 BHK,NCs 2rj,2600,4.0,3.0,175.0,2600.0,4,6730.7692307692305,17500000.0
Super built-up  Area,Ready To Move,Yelahanka,2 BHK,Shana S,1305,2.0,1.0,78.0,1305.0,2,5977.0114942528735,7800000.0
Built-up  Area,Ready To Move,Yelahanka,2 BHK,Velas V,1315,2.0,3.0,75.0,1315.0,2,5703.42205323194,7500000.0
Super built-up  Area,Ready To Move,Yelahanka,3 BHK,PuziaVe,1614,3.0,2.0,95.0,1614.0,3,5885.9975216852545,9500000.0
Built-up  Area,Ready To Move,Yelahanka,3 BHK,BKideor,1650,3.0,3.0,105.0,1650.0,3,6363.636363636364,10500000.0
Built-up  Area,Ready To Move,Yelahanka,4 Bedroom,,3990,4.0,1.0,260.0,3990.0,4,6516.290726817043,26000000.0
Built-up  Area,Ready To Move,Yelahanka,3 BHK,NCarkna,1620,3.0,2.0,90.0,1620.0,3,5555.555555555556,9000000.0
Super built-up  Area,18-Feb,Yelahanka,1 BHK,Prensya,654,1.0,1.0,36.25,654.0,1,5542.813455657492,3625000.0
Super built-up  Area,Ready To Move,Yelahanka,3 BHK,NCarkna,1614,3.0,2.0,93.0,1614.0,3,5762.081784386617,9300000.0
Super built-up  Area,Ready To Move,Yelahanka,1 BHK,Neite T,694,1.0,0.0,30.84,694.0,1,4443.804034582133,3084000.0
Super built-up  Area,Ready To Move,Yelahanka,3 BHK,Niareum,2317,4.0,3.0,140.0,2317.0,3,6042.296072507553,14000000.0
Super built-up  Area,Ready To Move,Yelahanka,3 BHK,Niareum,1653,3.0,3.0,93.0,1653.0,3,5626.134301270417,9300000.0
Super built-up  Area,Ready To Move,Yelahanka,1 BHK,Prensya,654,1.0,1.0,38.0,654.0,1,5810.397553516819,3800000.0
Super built-up  Area,Ready To Move,Yelahanka,2 BHK,Shana S,1445,2.0,2.0,82.0,1445.0,2,5674.740484429066,8200000.0
Super built-up  Area,Ready To Move,Yelahanka,1 BHK,Prensya,602,1.0,1.0,38.0,602.0,1,6312.292358803987,3800000.0
Super built-up  Area,Ready To Move,Yelahanka,1 BHK,Prensya,697,1.0,1.0,35.0,697.0,1,5021.520803443329,3500000.0
Super built-up  Area,21-Mar,Yelahanka,1 BHK,Goues A,682,1.0,1.0,36.23,682.0,1,5312.316715542522,3622999.9999999995
Built-up  Area,Ready To Move,Yelahanka,3 BHK,PuziaVe,1560,2.0,2.0,98.0,1560.0,3,6282.051282051282,9800000.0
Super built-up  Area,Ready To Move,Yelahanka,3 BHK,PuziaVe,1780,3.0,2.0,107.0,1780.0,3,6011.23595505618,10700000.0
Super built-up  Area,Ready To Move,Yelahanka,2 BHK,NCarkna,1076,2.0,1.0,78.0,1076.0,2,7249.07063197026,7800000.0
Built-up  Area,Ready To Move,Yelahanka,3 BHK,NCs 2rj,1342,2.0,2.0,75.0,1342.0,3,5588.673621460507,7500000.0
Super built-up  Area,20-Jan,Yelahanka,3 BHK,Aduil T,1823,3.0,2.0,103.0,1823.0,3,5650.027427317608,10300000.0
Super built-up  Area,18-Mar,Yelahanka,3 BHK,Miitat ,1792,3.0,1.0,104.0,1792.0,3,5803.571428571428,10400000.0
Super built-up  Area,Ready To Move,Yelahanka,3 BHK,Prensya,1705,3.0,1.0,91.0,1705.0,3,5337.243401759531,9100000.0
Super built-up  Area,18-Mar,Yelahanka,3 BHK,Miitat ,1835,3.0,1.0,108.0,1835.0,3,5885.558583106267,10800000.0
Super built-up  Area,18-Jul,Yelahanka,3 BHK,Miitat ,1890,3.0,2.0,109.0,1890.0,3,5767.195767195767,10900000.0
Super built-up  Area,Ready To Move,Yelahanka,1 BHK,BCivell,700,1.0,1.0,38.0,700.0,1,5428.571428571428,3800000.0
Super built-up  Area,Ready To Move,Yelahanka,3 BHK,Niareum,1491,3.0,2.0,85.0,1491.0,3,5700.871898054997,8500000.0
Super built-up  Area,19-Apr,Yelahanka,2 BHK,LedorSa,1330,2.0,1.0,93.65,1330.0,2,7041.353383458647,9365000.0
Super built-up  Area,Ready To Move,Yelahanka,4 BHK,Niareum,3019,6.0,,190.0,3019.0,4,6293.474660483604,19000000.0
Super built-up  Area,Ready To Move,Yelahanka,3 BHK,PuziaVe,1600,3.0,3.0,100.0,1600.0,3,6250.0,10000000.0
Built-up  Area,Ready To Move,Yelahanka,3 BHK,NCs 2rj,1350,2.0,3.0,85.0,1350.0,3,6296.2962962962965,8500000.0
Built-up  Area,Ready To Move,Yelahanka,3 BHK,NCarkna,1633,3.0,2.0,110.0,1633.0,3,6736.068585425597,11000000.0
Super built-up  Area,19-Dec,Yelahanka,1 BHK,Goues A,629 - 1026,1.0,0.0,42.535,827.5,1,5140.181268882176,4253500.0
Super built-up  Area,Ready To Move,Yelahanka,3 BHK,Rarthne,1355,2.0,3.0,75.0,1355.0,3,5535.055350553505,7500000.0
Super built-up  Area,Ready To Move,Yelahanka,3 BHK,Pyikad ,1756,3.0,2.0,125.0,1756.0,3,7118.451025056947,12500000.0
Super built-up  Area,19-Mar,Yelahanka,2 BHK,Masser ,1175,2.0,1.0,67.77,1175.0,2,5767.659574468085,6777000.0
Super built-up  Area,Ready To Move,Yelahanka,2 BHK,,1322,2.0,1.0,77.9,1322.0,2,5892.586989409986,7790000.000000001
Built-up  Area,18-Apr,Yelahanka,1 BHK,Prensya,602,1.0,1.0,33.0,602.0,1,5481.72757475083,3300000.0
Super built-up  Area,Ready To Move,Yelahanka,2 BHK,Velas V,1315,2.0,3.0,77.0,1315.0,2,5855.513307984791,7700000.0
Built-up  Area,Ready To Move,Yelahanka,1 BHK,Ardanru,567,1.0,1.0,25.0,567.0,1,4409.171075837742,2500000.0
Super built-up  Area,18-Jan,Yelahanka,1 BHK,Prensya,602,2.0,1.0,30.0,602.0,1,4983.388704318937,3000000.0
Super built-up  Area,Ready To Move,Yelahanka,2 BHK,NCowsar,1234,2.0,2.0,80.0,1234.0,2,6482.982171799027,8000000.0
Super built-up  Area,Ready To Move,Yelahanka,2 BHK,PuziaVe,1267,3.0,1.0,78.0,1267.0,2,6156.274664561957,7800000.0
Super built-up  Area,20-Jan,Yelahanka,2 BHK,Aduil T,1360,2.0,1.0,78.19,1360.0,2,5749.264705882353,7819000.0
Built-up  Area,Ready To Move,Yelahanka New Town,1 BHK,KHatsFl,650,1.0,2.0,33.0,650.0,1,5076.923076923077,3300000.0
Super built-up  Area,Ready To Move,Yelahanka New Town,1 BHK,KHatsFl,500,1.0,1.0,20.0,500.0,1,4000.0,2000000.0
Super built-up  Area,Ready To Move,Yelahanka New Town,1 BHK,,440,1.0,1.0,16.5,440.0,1,3750.0,1650000.0
Super built-up  Area,Ready To Move,Yelahanka New Town,1 BHK,,960,2.0,1.0,18.0,960.0,1,1875.0,1800000.0
Super built-up  Area,Ready To Move,Yelahanka New Town,3 BHK,,1610,3.0,2.0,92.0,1610.0,3,5714.285714285715,9200000.0
Super built-up  Area,Ready To Move,Yelahanka New Town,3 BHK,Cerasy ,1700,3.0,2.0,90.0,1700.0,3,5294.117647058823,9000000.0
Super built-up  Area,Ready To Move,Yelahanka New Town,1 BHK,KHatsFl,650,1.0,1.0,20.0,650.0,1,3076.923076923077,2000000.0
Plot  Area,Ready To Move,Yelahanka New Town,2 Bedroom,KHatsFl,1200,2.0,1.0,130.0,1200.0,2,10833.333333333334,13000000.0
Built-up  Area,Ready To Move,Yelahanka New Town,1 BHK,KHatsFl,350,1.0,1.0,13.5,350.0,1,3857.1428571428573,1350000.0
Super built-up  Area,Ready To Move,Yelahanka New Town,3 BHK,SPllain,1541,3.0,3.0,80.0,1541.0,3,5191.434133679429,8000000.0
Built-up  Area,Ready To Move,Yelahanka New Town,2 Bedroom,,680,1.0,1.0,80.0,680.0,2,11764.70588235294,8000000.0
Super built-up  Area,Ready To Move,Yelahanka New Town,1 BHK,KHatsFl,500,2.0,1.0,24.0,500.0,1,4800.0,2400000.0
Built-up  Area,Ready To Move,Yelahanka New Town,1 BHK,,650,1.0,1.0,17.0,650.0,1,2615.3846153846152,1700000.0
Built-up  Area,Ready To Move,Yelahanka New Town,1 BHK,KHatsFl,450,1.0,0.0,16.0,450.0,1,3555.5555555555557,1600000.0
Plot  Area,Ready To Move,Yelahanka New Town,3 Bedroom,,2700,3.0,0.0,350.0,2700.0,3,12962.962962962964,35000000.0
Built-up  Area,Ready To Move,Yelahanka New Town,3 BHK,KHatsFl,1209,2.0,3.0,65.0,1209.0,3,5376.344086021505,6500000.0
Super built-up  Area,Ready To Move,Yelahanka New Town,3 BHK,KHatsFl,1400,2.0,2.0,80.0,1400.0,3,5714.285714285715,8000000.0
Super built-up  Area,Ready To Move,Yelahanka New Town,1 BHK,,450,1.0,1.0,15.0,450.0,1,3333.3333333333335,1500000.0
Super built-up  Area,Ready To Move,Yelahanka New Town,1 BHK,KHatsFl,500,1.0,1.0,18.0,500.0,1,3600.0,1800000.0
Super built-up  Area,19-Sep,Yelahanka New Town,3 BHK,,1420,2.0,1.0,75.0,1420.0,3,5281.69014084507,7500000.0
Super built-up  Area,Ready To Move,Yelahanka New Town,3 BHK,,2437,3.0,2.0,125.0,2437.0,3,5129.257283545343,12500000.0
Super built-up  Area,Ready To Move,Yelahanka New Town,1 BHK,KHatsFl,284,1.0,1.0,8.0,284.0,1,2816.9014084507044,800000.0
Plot  Area,Ready To Move,Yelahanka New Town,2 Bedroom,,2200,2.0,0.0,180.0,2200.0,2,8181.818181818182,18000000.0
Built-up  Area,Ready To Move,Yelahanka New Town,1 BHK,KHatsFl,488,1.0,1.0,20.0,488.0,1,4098.360655737705,2000000.0
Super built-up  Area,Ready To Move,Yelahanka New Town,1 BHK,KHatsFl,650,1.0,1.0,18.0,650.0,1,2769.230769230769,1800000.0
Plot  Area,Ready To Move,Yelahanka New Town,3 Bedroom,,1740,3.0,2.0,150.0,1740.0,3,8620.689655172413,15000000.0
Super built-up  Area,19-Jul,Yemlur,2 BHK,,1355,2.0,1.0,95.0,1355.0,2,7011.070110701107,9500000.0
Plot  Area,18-May,Yemlur,8 Bedroom,Epllan ,12000,9.0,,1900.0,12000.0,8,15833.333333333334,190000000.0
Plot  Area,18-Apr,Yemlur,4 Bedroom,Epllan ,11000,5.0,3.0,2000.0,11000.0,4,18181.81818181818,200000000.0
Plot  Area,Ready To Move,Yemlur,4 Bedroom,Epllan ,8400,5.0,2.0,1675.0,8400.0,4,19940.47619047619,167500000.0
Plot  Area,Ready To Move,Yemlur,5 Bedroom,Epllan ,10000,5.0,,1950.0,10000.0,5,19500.0,195000000.0
Super built-up  Area,Ready To Move,Yeshwanthpur,3 BHK,IBityin,2502,3.0,3.0,138.0,2502.0,3,5515.587529976019,13800000.0
Super built-up  Area,18-Aug,Yeshwanthpur,3 BHK,Aroomba,1693,3.0,3.0,108.0,1693.0,3,6379.208505611341,10800000.0
Super built-up  Area,Ready To Move,Yeshwanthpur,1 BHK,IBityin,667,1.0,1.0,36.85,667.0,1,5524.737631184408,3685000.0
Super built-up  Area,20-Dec,Yeshwanthpur,4 BHK,Detat H,1950,4.0,0.0,130.0,1950.0,4,6666.666666666667,13000000.0
Super built-up  Area,Ready To Move,Yeshwanthpur,1 BHK,IBityin,665,1.0,1.0,36.85,665.0,1,5541.353383458647,3685000.0
Super built-up  Area,Ready To Move,Yeshwanthpur,2 BHK,IBityin,1161,2.0,2.0,64.08,1161.0,2,5519.37984496124,6408000.0
Super built-up  Area,Ready To Move,Yeshwanthpur,3 BHK,IBityin,2557,3.0,2.0,141.0,2557.0,3,5514.274540477121,14100000.0
Super built-up  Area,Ready To Move,Yeshwanthpur,3 BHK,GoandAc,1850,3.0,3.0,100.0,1850.0,3,5405.405405405405,10000000.0
Super built-up  Area,Ready To Move,Yeshwanthpur,1 BHK,IBityin,671,1.0,1.0,36.85,671.0,1,5491.803278688524,3685000.0
Super built-up  Area,Ready To Move,Yeshwanthpur,3 BHK,RNvasth,1852,3.0,2.0,160.0,1852.0,3,8639.308855291576,16000000.0
Super built-up  Area,Ready To Move,Yeshwanthpur,2 BHK,Prthand,1250 - 1305,2.0,0.0,95.815,1277.5,2,7500.1956947162425,9581500.0
Super built-up  Area,Ready To Move,Yeshwanthpur,1 BHK,IBityin,668,1.0,1.0,36.85,668.0,1,5516.4670658682635,3685000.0
Super built-up  Area,18-Aug,Yeshwanthpur,2 BHK,Aroomba,1185,2.0,2.0,75.84,1185.0,2,6400.0,7584000.0
Super built-up  Area,Ready To Move,Yeshwanthpur,2 BHK,Vatra N,1195,2.0,2.0,100.0,1195.0,2,8368.200836820084,10000000.0
Super built-up  Area,Ready To Move,Yeshwanthpur,3 BHK,,1826,3.0,2.0,165.0,1826.0,3,9036.144578313253,16500000.0
Super built-up  Area,18-Dec,Yeshwanthpur,3 BHK,,1313,3.0,1.0,96.0,1313.0,3,7311.500380807312,9600000.0
Super built-up  Area,Ready To Move,Yeshwanthpur,2 BHK,Goandn ,1400,2.0,2.0,100.0,1400.0,2,7142.857142857143,10000000.0
Super built-up  Area,Ready To Move,Yeshwanthpur,3 BHK,IBityin,2559,3.0,2.0,141.0,2559.0,3,5509.964830011723,14100000.0
Super built-up  Area,Ready To Move,Yeshwanthpur,1 BHK,IBityin,673,1.0,1.0,36.85,673.0,1,5475.482912332838,3685000.0
Super built-up  Area,Ready To Move,Yeshwanthpur,2 BHK,VSlistr,704 - 730,2.0,0.0,49.475,717.0,2,6900.278940027894,4947500.0
Super built-up  Area,Ready To Move,Yeshwanthpur,1 BHK,VSlistr,540 - 670,1.0,0.0,41.745,605.0,1,6899.999999999999,4174499.9999999995
Super built-up  Area,Ready To Move,Yeshwanthpur,3 BHK,IBityin,1382,2.0,2.0,76.18,1382.0,3,5512.301013024603,7618000.000000001
Super built-up  Area,Ready To Move,Yeshwanthpur,1 BHK,IBityin,669,1.0,1.0,36.85,669.0,1,5508.221225710015,3685000.0
Super built-up  Area,Ready To Move,Yeshwanthpur,3 BHK,IBityin,1385,2.0,2.0,76.18,1385.0,3,5500.3610108303255,7618000.000000001
Built-up  Area,Ready To Move,Yeshwanthpur,3 BHK,,3027,4.0,3.0,260.0,3027.0,3,8589.362405021473,26000000.0
Plot  Area,Ready To Move,Yeshwanthpur,4 Bedroom,,1200,4.0,1.0,110.0,1200.0,4,9166.666666666666,11000000.0
Super built-up  Area,Ready To Move,Yeshwanthpur,3 BHK,IBityin,1679,3.0,,92.13,1679.0,3,5487.194758784991,9213000.0
Super built-up  Area,Ready To Move,Yeshwanthpur,1 BHK,IBityin,670,1.0,1.0,36.85,670.0,1,5500.0,3685000.0
Super built-up  Area,Ready To Move,Yeshwanthpur,3 BHK,IBityin,1381,2.0,2.0,76.18,1381.0,3,5516.292541636496,7618000.000000001
Super built-up  Area,Ready To Move,Yeshwanthpur,3 BHK,IBityin,1678,3.0,,92.13,1678.0,3,5490.464839094159,9213000.0
Super built-up  Area,Ready To Move,Yeshwanthpur,2 BHK,IBityin,1240,2.0,2.0,80.0,1240.0,2,6451.612903225807,8000000.0
Super built-up  Area,18-Aug,Yeshwanthpur,3 BHK,Aroomba,1713,3.0,2.0,110.0,1713.0,3,6421.482778750729,11000000.0
Super built-up  Area,Ready To Move,Yeshwanthpur,2 BHK,IBityin,1144,2.0,2.0,67.0,1144.0,2,5856.643356643357,6700000.0
Super built-up  Area,Ready To Move,Yeshwanthpur,2 BHK,RNvasth,1541,2.0,2.0,130.0,1541.0,2,8436.080467229072,13000000.0
Super built-up  Area,Ready To Move,Yeshwanthpur,3 BHK,IBityin,2501,3.0,3.0,138.0,2501.0,3,5517.792882846861,13800000.0
Plot  Area,Ready To Move,Yeshwanthpur,2 Bedroom,,1362,2.0,0.0,100.0,1362.0,2,7342.143906020558,10000000.0
Super built-up  Area,Ready To Move,Yeshwanthpur,1 BHK,IBityin,666,1.0,1.0,36.8,666.0,1,5525.525525525525,3679999.9999999995
Super built-up  Area,Ready To Move,Yeshwanthpur,2 BHK,VSineDi,770,1.0,1.0,70.0,770.0,2,9090.90909090909,7000000.0
Super built-up  Area,Ready To Move,Yeshwanthpur,3 BHK,Goandn ,1855,3.0,3.0,140.0,1855.0,3,7547.169811320755,14000000.0
Super built-up  Area,Ready To Move,Yeshwanthpur,3 BHK,IBityin,2504,3.0,3.0,138.0,2504.0,3,5511.182108626198,13800000.0
Super built-up  Area,Ready To Move,Yeshwanthpur,2 BHK,IBityin,1165,2.0,1.0,85.0,1165.0,2,7296.137339055794,8500000.0
Super built-up  Area,Ready To Move,Yeshwanthpur,3 BHK,,1860,3.0,2.0,168.0,1860.0,3,9032.258064516129,16800000.0
Super built-up  Area,Ready To Move,Yeshwanthpur,3 BHK,Goandn ,1825,3.0,2.0,145.0,1825.0,3,7945.2054794520545,14500000.0
Super built-up  Area,Ready To Move,Yeshwanthpur,3 BHK,IBityin,1384,2.0,2.0,76.18,1384.0,3,5504.3352601156075,7618000.000000001
Super built-up  Area,Ready To Move,Yeshwanthpur,1 BHK,Vaarai ,994,2.0,0.0,54.67,994.0,1,5500.0,5467000.0
Built-up  Area,Ready To Move,Yeshwanthpur,1 BHK,,650,1.0,0.0,40.0,650.0,1,6153.846153846154,4000000.0
Super built-up  Area,Ready To Move,Yeshwanthpur,3 BHK,Goandn ,1855,3.0,3.0,140.0,1855.0,3,7547.169811320755,14000000.0
Super built-up  Area,Ready To Move,Yeshwanthpur,3 BHK,GoandAc,1500,3.0,1.0,100.0,1500.0,3,6666.666666666667,10000000.0
Super built-up  Area,Ready To Move,Yeshwanthpur,3 BHK,IBityin,1520,3.0,3.0,85.0,1520.0,3,5592.105263157895,8500000.0
Super built-up  Area,Ready To Move,Yeshwanthpur,3 BHK,IBityin,1677,3.0,,92.13,1677.0,3,5493.738819320215,9213000.0
Super built-up  Area,Ready To Move,Yeshwanthpur,1 BHK,IBityin,674,1.0,1.0,36.85,674.0,1,5467.359050445104,3685000.0
Super built-up  Area,Ready To Move,Yeshwanthpur,3 BHK,IBityin,1383,2.0,2.0,76.18,1383.0,3,5508.315256688359,7618000.000000001
Super built-up  Area,Ready To Move,Yeshwanthpur,1 BHK,IBityin,672,1.0,1.0,36.85,672.0,1,5483.630952380952,3685000.0
Super built-up  Area,Ready To Move,Yeshwanthpur,2 BHK,IBityin,1162,2.0,2.0,64.08,1162.0,2,5514.629948364888,6408000.0
Super built-up  Area,Ready To Move,Yeshwanthpur,2 BHK,Vatra N,1195,2.0,2.0,100.0,1195.0,2,8368.200836820084,10000000.0
Super built-up  Area,18-Aug,Yeshwanthpur,3 BHK,Aroomba,1692,3.0,3.0,108.0,1692.0,3,6382.978723404255,10800000.0
Super built-up  Area,Ready To Move,Yeshwanthpur,3 BHK,IBityin,2500,3.0,3.0,138.0,2500.0,3,5520.0,13800000.0
Super built-up  Area,Ready To Move,Yeshwanthpur,2 BHK,IBityin,1160,2.0,2.0,64.08,1160.0,2,5524.137931034483,6408000.0
Super built-up  Area,Ready To Move,Yeshwanthpur,3 BHK,IBityin,1676,3.0,,92.13,1676.0,3,5497.016706443914,9213000.0
Super built-up  Area,Ready To Move,Yeshwanthpur,3 BHK,IBityin,2503,3.0,3.0,138.0,2503.0,3,5513.383939272872,13800000.0
Super built-up  Area,Ready To Move,Yeshwanthpur,3 BHK,Goandn ,1855,3.0,3.0,135.0,1855.0,3,7277.628032345014,13500000.0
Super built-up  Area,Ready To Move,Yeshwanthpur,3 BHK,,1876,3.0,3.0,160.0,1876.0,3,8528.784648187633,16000000.0
Super built-up  Area,Ready To Move,Yeshwanthpur,3 BHK,IBityin,1675,3.0,,92.13,1675.0,3,5500.298507462687,9213000.0
Super built-up  Area,Ready To Move,Yeshwanthpur Industrial Suburb,6 BHK,Essic C,3800,6.0,,390.0,3800.0,6,10263.157894736842,39000000.0
Super built-up  Area,Ready To Move,frazertown,3 BHK,,2900,3.0,2.0,325.0,2900.0,3,11206.896551724138,32500000.0
Plot  Area,Ready To Move,south,3 Bedroom,,2400,2.0,0.0,480.0,2400.0,3,20000.0,48000000.0
Plot  Area,18-Apr,tc.palya,3 Bedroom,,1400,2.0,1.0,78.0,1400.0,3,5571.428571428572,7800000.0
